rm -rvf $(basename /home/lukas/git/benchmark_harness/auto_tuner_benchmarks/NPB/MG)_*
cp -r ../../../clean_code/NPB-SER $(basename /home/lukas/git/benchmark_harness/auto_tuner_benchmarks/NPB/MG)_orig
cd $(basename /home/lukas/git/benchmark_harness/auto_tuner_benchmarks/NPB/MG)_orig && make clean
make[1]: Verzeichnis „/home/lukas/git/benchmark_harness/auto_tuner_benchmarks/NPB/MG/MG_orig“ wird betreten
rm -f core 
rm -f *~ */core */*~ */*.o */npbparams.hpp */*.obj */*.exe
rm -f sys/setparams sys/makesuite sys/setparams.hpp
make[1]: Verzeichnis „/home/lukas/git/benchmark_harness/auto_tuner_benchmarks/NPB/MG/MG_orig“ wird verlassen
cd $(basename /home/lukas/git/benchmark_harness/auto_tuner_benchmarks/NPB/MG)_orig && DOT_DISCOPOP=$(pwd)/bin/.discopop CXX=discopop_hotspot_cxx CC=discopop_hotspot_cc make $(echo $(basename /home/lukas/git/benchmark_harness/auto_tuner_benchmarks/NPB/MG) | tr '[:upper:]' '[:lower:]') CLASS=S
make[1]: Verzeichnis „/home/lukas/git/benchmark_harness/auto_tuner_benchmarks/NPB/MG/MG_orig“ wird betreten
   ===========================================
   =      NAS PARALLEL BENCHMARKS 4.1        =
   =      Serial Versions                    =
   =      C++                                =
   ===========================================

cd MG; make CLASS=S
make[2]: Verzeichnis „/home/lukas/git/benchmark_harness/auto_tuner_benchmarks/NPB/MG/MG_orig/MG“ wird betreten
make[3]: Verzeichnis „/home/lukas/git/benchmark_harness/auto_tuner_benchmarks/NPB/MG/MG_orig/sys“ wird betreten
clang++ -g -fno-discard-value-names -o setparams setparams.cpp
make[3]: Verzeichnis „/home/lukas/git/benchmark_harness/auto_tuner_benchmarks/NPB/MG/MG_orig/sys“ wird verlassen
../sys/setparams mg S
discopop_hotspot_cc  -c -I../common  -O3 -mcmodel=medium -fopenmp mg.cpp
clang-11: warning: -Xlinker -L/home/lukas/git/Hotspot-Detection/build/rtlib: 'linker' input unused [-Wunused-command-line-argument]
clang-11: warning: -Xlinker -lHotspotDetection_RT: 'linker' input unused [-Wunused-command-line-argument]
clang-11: warning: -Xlinker -lpthread: 'linker' input unused [-Wunused-command-line-argument]
clang-11: warning: -Xlinker -v: 'linker' input unused [-Wunused-command-line-argument]

WARNING: No value for DP_PROJECT_ROOT_DIR found. 
         As a result, library functions might be instrumented which can lead to
         increased profiling times and unexpected behavior.
         Please consider to specify the environment variable and rebuild.
         https://discopop-project.github.io/discopop/setup/environment_variables/

Temp file not exist!
UID is: 0
In a function called __cxx_global_var_init
In a function called __cxx_global_var_init.1
In a function called __cxx_global_var_init.2
In a function called __cxx_global_var_init.3
In a function called __cxx_global_var_init.4
In a function called __cxx_global_var_init.5
In a function called __cxx_global_var_init.6
In a function called __cxx_global_var_init.7
In a function called __cxx_global_var_init.8
In a function called __cxx_global_var_init.9
In a function called __cxx_global_var_init.10
In a function called main
CURRENT BB 1: for.cond
CURRENT BB 2: for.inc
CURRENT BB 2: entry
found loop entry point: entry
CURRENT BB 1: while.cond
CURRENT BB 2: while.body
CURRENT BB 2: if.end19
found loop entry point: if.end19
CURRENT BB 1: while.cond32
CURRENT BB 2: while.body35
CURRENT BB 2: if.end31
found loop entry point: if.end31
CURRENT BB 1: while.cond42
CURRENT BB 2: while.body45
CURRENT BB 2: if.end41
found loop entry point: if.end41
CURRENT BB 1: for.cond47
CURRENT BB 2: for.inc57
CURRENT BB 2: while.end46
found loop entry point: while.end46
CURRENT BB 1: for.cond69
CURRENT BB 2: for.inc74
CURRENT BB 2: if.else61
found loop entry point: if.else61
WARNING: basic block 0x34b028b0 doesn't contain valid LID.
CURRENT BB 1: for.cond203
CURRENT BB 2: for.inc206
CURRENT BB 2: if.end167
found loop entry point: if.end167
CURRENT BB 1: for.cond221
CURRENT BB 2: for.inc247
CURRENT BB 2: if.end214
found loop entry point: if.end214
CURRENT BB 1: for.cond342
CURRENT BB 2: for.inc360
CURRENT BB 2: if.end340
found loop entry point: if.end340
In a function called _ZL5setupPiS_S_i
CURRENT BB 1: for.cond
CURRENT BB 2: for.inc25
CURRENT BB 2: entry
found loop entry point: entry
CURRENT BB 1: for.cond14
CURRENT BB 2: for.inc
CURRENT BB 2: for.body
found loop entry point: for.body
CURRENT BB 1: for.cond27
CURRENT BB 2: for.inc45
CURRENT BB 2: for.end26
found loop entry point: for.end26
CURRENT BB 1: for.cond48
CURRENT BB 2: for.inc81
CURRENT BB 2: for.end47
found loop entry point: for.end47
CURRENT BB 1: for.cond51
CURRENT BB 2: for.inc63
CURRENT BB 2: for.body50
found loop entry point: for.body50
CURRENT BB 1: for.cond129
CURRENT BB 2: for.inc149
CURRENT BB 2: for.end83
found loop entry point: for.end83
In a function called _ZL5zero3Pviii
CURRENT BB 1: for.cond
CURRENT BB 2: for.inc14
CURRENT BB 2: entry
found loop entry point: entry
CURRENT BB 1: for.cond1
CURRENT BB 2: for.inc11
CURRENT BB 2: for.body
found loop entry point: for.body
CURRENT BB 1: for.cond4
CURRENT BB 2: for.inc
CURRENT BB 2: for.body3
found loop entry point: for.body3
In a function called _ZL5zran3Pviiiiii
CURRENT BB 1: for.cond
CURRENT BB 2: for.inc29
CURRENT BB 2: entry
found loop entry point: entry
CURRENT BB 1: for.cond20
CURRENT BB 2: for.inc
CURRENT BB 2: for.body
found loop entry point: for.body
CURRENT BB 1: for.cond32
CURRENT BB 2: for.inc59
CURRENT BB 2: for.end31
found loop entry point: for.end31
CURRENT BB 1: for.cond62
CURRENT BB 2: for.inc135
CURRENT BB 2: for.end61
found loop entry point: for.end61
CURRENT BB 1: for.cond66
CURRENT BB 2: for.inc132
CURRENT BB 2: for.body65
found loop entry point: for.body65
CURRENT BB 1: for.cond70
CURRENT BB 2: for.inc129
CURRENT BB 2: for.body69
found loop entry point: for.body69
CURRENT BB 1: for.cond138
CURRENT BB 2: for.inc250
CURRENT BB 2: for.end137
found loop entry point: for.end137
CURRENT BB 1: for.cond252
CURRENT BB 2: for.inc273
CURRENT BB 2: for.end251
found loop entry point: for.end251
CURRENT BB 1: for.cond255
CURRENT BB 2: for.inc270
CURRENT BB 2: for.body254
found loop entry point: for.body254
CURRENT BB 1: for.cond258
CURRENT BB 2: for.inc267
CURRENT BB 2: for.body257
found loop entry point: for.body257
CURRENT BB 1: for.cond276
CURRENT BB 2: for.inc297
CURRENT BB 2: for.end275
found loop entry point: for.end275
CURRENT BB 1: for.cond300
CURRENT BB 2: for.inc321
CURRENT BB 2: for.end299
found loop entry point: for.end299
In a function called _ZL7norm2u3PviiiPdS0_iii
CURRENT BB 1: for.cond
CURRENT BB 2: for.inc36
CURRENT BB 2: if.end
found loop entry point: if.end
CURRENT BB 1: for.cond5
CURRENT BB 2: for.inc33
CURRENT BB 2: for.body
found loop entry point: for.body
CURRENT BB 1: for.cond9
CURRENT BB 2: for.inc
CURRENT BB 2: for.body8
found loop entry point: for.body8
In a function called _ZL5residPvS_S_iiiPdi
CURRENT BB 1: for.cond
CURRENT BB 2: for.inc128
CURRENT BB 2: if.end
found loop entry point: if.end
CURRENT BB 1: for.cond1
CURRENT BB 2: for.inc125
CURRENT BB 2: for.body
found loop entry point: for.body
CURRENT BB 1: for.cond5
CURRENT BB 2: for.inc
CURRENT BB 2: for.body4
found loop entry point: for.body4
CURRENT BB 1: for.cond75
CURRENT BB 2: for.inc122
CURRENT BB 2: for.end
found loop entry point: for.end
In a function called _ZL4mg3PPdS_S_S_S_iiii
CURRENT BB 1: for.cond
CURRENT BB 2: for.inc
CURRENT BB 2: entry
found loop entry point: entry
CURRENT BB 1: for.cond44
CURRENT BB 2: for.inc111
CURRENT BB 2: for.end
found loop entry point: for.end
In a function called _ZL5powerdi
CURRENT BB 1: while.cond
CURRENT BB 2: if.end
found loop entry point: if.end
CURRENT BB 2: entry
found loop entry point: entry
In a function called _ZL6bubblePA10_dPA10_iS2_S2_ii
CURRENT BB 1: for.cond
CURRENT BB 2: for.inc
CURRENT BB 2: if.then
found loop entry point: if.then
CURRENT BB 1: for.cond83
CURRENT BB 2: for.inc172
CURRENT BB 2: if.else82
found loop entry point: if.else82
WARNING: basic block 0x34ba3b90 doesn't contain valid LID.
In a function called _ZL5comm3Pviiii
CURRENT BB 1: for.cond
CURRENT BB 2: for.inc27
CURRENT BB 2: if.end
found loop entry point: if.end
CURRENT BB 1: for.cond1
CURRENT BB 2: for.inc
CURRENT BB 2: for.body
found loop entry point: for.body
CURRENT BB 1: for.cond30
CURRENT BB 2: for.inc64
CURRENT BB 2: for.end29
found loop entry point: for.end29
CURRENT BB 1: for.cond34
CURRENT BB 2: for.inc61
CURRENT BB 2: for.body33
found loop entry point: for.body33
CURRENT BB 1: for.cond67
CURRENT BB 2: for.inc100
CURRENT BB 2: for.end66
found loop entry point: for.end66
CURRENT BB 1: for.cond70
CURRENT BB 2: for.inc97
CURRENT BB 2: for.body69
found loop entry point: for.body69
In a function called _ZL7rep_nrmPviiiPci
In a function called _ZL7showallPviii
CURRENT BB 1: for.cond
CURRENT BB 2: for.inc28
CURRENT BB 2: cond.end9
found loop entry point: cond.end9
CURRENT BB 1: for.cond12
CURRENT BB 2: for.inc24
CURRENT BB 2: for.body
found loop entry point: for.body
CURRENT BB 1: for.cond15
CURRENT BB 2: for.inc
CURRENT BB 2: for.body14
found loop entry point: for.body14
In a function called _ZL5rprj3PviiiS_iiii
CURRENT BB 1: for.cond
CURRENT BB 2: for.inc227
CURRENT BB 2: if.end10
found loop entry point: if.end10
CURRENT BB 1: for.cond13
CURRENT BB 2: for.inc224
CURRENT BB 2: for.body
found loop entry point: for.body
CURRENT BB 1: for.cond19
CURRENT BB 2: for.inc
CURRENT BB 2: for.body16
found loop entry point: for.body16
CURRENT BB 1: for.cond89
CURRENT BB 2: for.inc221
CURRENT BB 2: for.end
found loop entry point: for.end
In a function called _ZL5psinvPvS_iiiPdi
CURRENT BB 1: for.cond
CURRENT BB 2: for.inc139
CURRENT BB 2: if.end
found loop entry point: if.end
CURRENT BB 1: for.cond1
CURRENT BB 2: for.inc136
CURRENT BB 2: for.body
found loop entry point: for.body
CURRENT BB 1: for.cond5
CURRENT BB 2: for.inc
CURRENT BB 2: for.body4
found loop entry point: for.body4
CURRENT BB 1: for.cond75
CURRENT BB 2: for.inc133
CURRENT BB 2: for.end
found loop entry point: for.end
In a function called _ZL6interpPviiiS_iiii
CURRENT BB 1: for.cond
CURRENT BB 2: for.inc320
CURRENT BB 2: if.then4
found loop entry point: if.then4
CURRENT BB 1: for.cond6
CURRENT BB 2: for.inc317
CURRENT BB 2: for.body
found loop entry point: for.body
CURRENT BB 1: for.cond10
CURRENT BB 2: for.inc
CURRENT BB 2: for.body9
found loop entry point: for.body9
CURRENT BB 1: for.cond63
CURRENT BB 2: for.inc127
CURRENT BB 2: for.end
found loop entry point: for.end
CURRENT BB 1: for.cond130
CURRENT BB 2: for.inc188
CURRENT BB 2: for.end129
found loop entry point: for.end129
CURRENT BB 1: for.cond191
CURRENT BB 2: for.inc249
CURRENT BB 2: for.end190
found loop entry point: for.end190
CURRENT BB 1: for.cond252
CURRENT BB 2: for.inc314
CURRENT BB 2: for.end251
found loop entry point: for.end251
CURRENT BB 1: for.cond335
CURRENT BB 2: for.inc588
CURRENT BB 2: if.end334
found loop entry point: if.end334
CURRENT BB 1: for.cond339
CURRENT BB 2: for.inc447
CURRENT BB 2: for.body338
found loop entry point: for.body338
CURRENT BB 1: for.cond343
CURRENT BB 2: for.inc387
CURRENT BB 2: for.body342
found loop entry point: for.body342
CURRENT BB 1: for.cond390
CURRENT BB 2: for.inc444
CURRENT BB 2: for.end389
found loop entry point: for.end389
CURRENT BB 1: for.cond450
CURRENT BB 2: for.inc585
CURRENT BB 2: for.end449
found loop entry point: for.end449
CURRENT BB 1: for.cond454
CURRENT BB 2: for.inc508
CURRENT BB 2: for.body453
found loop entry point: for.body453
CURRENT BB 1: for.cond511
CURRENT BB 2: for.inc582
CURRENT BB 2: for.end510
found loop entry point: for.end510
CURRENT BB 1: for.cond591
CURRENT BB 2: for.inc920
CURRENT BB 2: for.end590
found loop entry point: for.end590
WARNING: basic block 0x34bc8fc0 doesn't contain valid LID.
CURRENT BB 1: for.cond595
CURRENT BB 2: for.inc730
CURRENT BB 2: for.body594
found loop entry point: for.body594
CURRENT BB 1: for.cond599
CURRENT BB 2: for.inc653
CURRENT BB 2: for.body598
found loop entry point: for.body598
CURRENT BB 1: for.cond656
CURRENT BB 2: for.inc727
CURRENT BB 2: for.end655
found loop entry point: for.end655
CURRENT BB 1: for.cond733
CURRENT BB 2: for.inc917
CURRENT BB 2: for.end732
found loop entry point: for.end732
CURRENT BB 1: for.cond737
CURRENT BB 2: for.inc808
CURRENT BB 2: for.body736
found loop entry point: for.body736
CURRENT BB 1: for.cond811
CURRENT BB 2: for.inc914
CURRENT BB 2: for.end810
found loop entry point: for.end810
In a function called _GLOBAL__sub_I_mg.cpp
number of instrumented loops: 80
cd ../common; discopop_hotspot_cc  -c -I../common  -O3 -mcmodel=medium -fopenmp c_print_results.cpp
clang-11: warning: -Xlinker -L/home/lukas/git/Hotspot-Detection/build/rtlib: 'linker' input unused [-Wunused-command-line-argument]
clang-11: warning: -Xlinker -lHotspotDetection_RT: 'linker' input unused [-Wunused-command-line-argument]
clang-11: warning: -Xlinker -lpthread: 'linker' input unused [-Wunused-command-line-argument]
clang-11: warning: -Xlinker -v: 'linker' input unused [-Wunused-command-line-argument]

WARNING: No value for DP_PROJECT_ROOT_DIR found. 
         As a result, library functions might be instrumented which can lead to
         increased profiling times and unexpected behavior.
         Please consider to specify the environment variable and rebuild.
         https://discopop-project.github.io/discopop/setup/environment_variables/

Temp file openned!
UID is: 95
In a function called _Z15c_print_resultsPcciiiiddS_iS_S_S_S_S_S_S_S_S_S_
number of instrumented loops: 0
cd ../common; discopop_hotspot_cc  -c -I../common  -O3 -mcmodel=medium -fopenmp c_randdp.cpp
clang-11: warning: -Xlinker -L/home/lukas/git/Hotspot-Detection/build/rtlib: 'linker' input unused [-Wunused-command-line-argument]
clang-11: warning: -Xlinker -lHotspotDetection_RT: 'linker' input unused [-Wunused-command-line-argument]
clang-11: warning: -Xlinker -lpthread: 'linker' input unused [-Wunused-command-line-argument]
clang-11: warning: -Xlinker -v: 'linker' input unused [-Wunused-command-line-argument]

WARNING: No value for DP_PROJECT_ROOT_DIR found. 
         As a result, library functions might be instrumented which can lead to
         increased profiling times and unexpected behavior.
         Please consider to specify the environment variable and rebuild.
         https://discopop-project.github.io/discopop/setup/environment_variables/

Temp file openned!
UID is: 96
In a function called _Z6randlcPdd
In a function called _Z6vranlciPddS_
CURRENT BB 1: for.cond
CURRENT BB 2: for.inc
CURRENT BB 2: entry
found loop entry point: entry
number of instrumented loops: 1
cd ../common; discopop_hotspot_cc  -c -I../common  -O3 -mcmodel=medium -fopenmp c_timers.cpp
clang-11: warning: -Xlinker -L/home/lukas/git/Hotspot-Detection/build/rtlib: 'linker' input unused [-Wunused-command-line-argument]
clang-11: warning: -Xlinker -lHotspotDetection_RT: 'linker' input unused [-Wunused-command-line-argument]
clang-11: warning: -Xlinker -lpthread: 'linker' input unused [-Wunused-command-line-argument]
clang-11: warning: -Xlinker -v: 'linker' input unused [-Wunused-command-line-argument]

WARNING: No value for DP_PROJECT_ROOT_DIR found. 
         As a result, library functions might be instrumented which can lead to
         increased profiling times and unexpected behavior.
         Please consider to specify the environment variable and rebuild.
         https://discopop-project.github.io/discopop/setup/environment_variables/

Temp file openned!
UID is: 99
In a function called _Z12elapsed_timev
In a function called _Z11timer_cleari
In a function called _Z11timer_starti
In a function called _Z10timer_stopi
In a function called _Z10timer_readi
number of instrumented loops: 0
cd ../common; discopop_hotspot_cc  -c -I../common  -O3 -mcmodel=medium -fopenmp -o c_wtime.o ../common/wtime.cpp
clang-11: warning: -Xlinker -L/home/lukas/git/Hotspot-Detection/build/rtlib: 'linker' input unused [-Wunused-command-line-argument]
clang-11: warning: -Xlinker -lHotspotDetection_RT: 'linker' input unused [-Wunused-command-line-argument]
clang-11: warning: -Xlinker -lpthread: 'linker' input unused [-Wunused-command-line-argument]
clang-11: warning: -Xlinker -v: 'linker' input unused [-Wunused-command-line-argument]

WARNING: No value for DP_PROJECT_ROOT_DIR found. 
         As a result, library functions might be instrumented which can lead to
         increased profiling times and unexpected behavior.
         Please consider to specify the environment variable and rebuild.
         https://discopop-project.github.io/discopop/setup/environment_variables/

Temp file openned!
UID is: 104
In a function called _Z6wtime_Pd
number of instrumented loops: 0
discopop_hotspot_cc -O3 -mcmodel=medium -fopenmp -o ../bin/mg.S mg.o ../common/c_print_results.o ../common/c_randdp.o ../common/c_timers.o ../common/c_wtime.o -lm 
GNU ld (GNU Binutils for Ubuntu) 2.42
make[2]: Verzeichnis „/home/lukas/git/benchmark_harness/auto_tuner_benchmarks/NPB/MG/MG_orig/MG“ wird verlassen
make[1]: Verzeichnis „/home/lukas/git/benchmark_harness/auto_tuner_benchmarks/NPB/MG/MG_orig“ wird verlassen
cd $(basename /home/lukas/git/benchmark_harness/auto_tuner_benchmarks/NPB/MG)_orig && DOT_DISCOPOP=$(pwd)/bin/.discopop CXX=discopop_hotspot_cxx CC=discopop_hotspot_cc make $(echo $(basename /home/lukas/git/benchmark_harness/auto_tuner_benchmarks/NPB/MG) | tr '[:upper:]' '[:lower:]') CLASS=A
make[1]: Verzeichnis „/home/lukas/git/benchmark_harness/auto_tuner_benchmarks/NPB/MG/MG_orig“ wird betreten
   ===========================================
   =      NAS PARALLEL BENCHMARKS 4.1        =
   =      Serial Versions                    =
   =      C++                                =
   ===========================================

cd MG; make CLASS=A
make[2]: Verzeichnis „/home/lukas/git/benchmark_harness/auto_tuner_benchmarks/NPB/MG/MG_orig/MG“ wird betreten
make[3]: Verzeichnis „/home/lukas/git/benchmark_harness/auto_tuner_benchmarks/NPB/MG/MG_orig/sys“ wird betreten
make[3]: Für das Ziel „all“ ist nichts zu tun.
make[3]: Verzeichnis „/home/lukas/git/benchmark_harness/auto_tuner_benchmarks/NPB/MG/MG_orig/sys“ wird verlassen
../sys/setparams mg A
discopop_hotspot_cc  -c -I../common  -O3 -mcmodel=medium -fopenmp mg.cpp
clang-11: warning: -Xlinker -L/home/lukas/git/Hotspot-Detection/build/rtlib: 'linker' input unused [-Wunused-command-line-argument]
clang-11: warning: -Xlinker -lHotspotDetection_RT: 'linker' input unused [-Wunused-command-line-argument]
clang-11: warning: -Xlinker -lpthread: 'linker' input unused [-Wunused-command-line-argument]
clang-11: warning: -Xlinker -v: 'linker' input unused [-Wunused-command-line-argument]

WARNING: No value for DP_PROJECT_ROOT_DIR found. 
         As a result, library functions might be instrumented which can lead to
         increased profiling times and unexpected behavior.
         Please consider to specify the environment variable and rebuild.
         https://discopop-project.github.io/discopop/setup/environment_variables/

Temp file openned!
UID is: 105
In a function called __cxx_global_var_init
In a function called __cxx_global_var_init.1
In a function called __cxx_global_var_init.2
In a function called __cxx_global_var_init.3
In a function called __cxx_global_var_init.4
In a function called __cxx_global_var_init.5
In a function called __cxx_global_var_init.6
In a function called __cxx_global_var_init.7
In a function called __cxx_global_var_init.8
In a function called __cxx_global_var_init.9
In a function called __cxx_global_var_init.10
In a function called main
CURRENT BB 1: for.cond
CURRENT BB 2: for.inc
CURRENT BB 2: entry
found loop entry point: entry
CURRENT BB 1: while.cond
CURRENT BB 2: while.body
CURRENT BB 2: if.end19
found loop entry point: if.end19
CURRENT BB 1: while.cond32
CURRENT BB 2: while.body35
CURRENT BB 2: if.end31
found loop entry point: if.end31
CURRENT BB 1: while.cond42
CURRENT BB 2: while.body45
CURRENT BB 2: if.end41
found loop entry point: if.end41
CURRENT BB 1: for.cond47
CURRENT BB 2: for.inc57
CURRENT BB 2: while.end46
found loop entry point: while.end46
CURRENT BB 1: for.cond69
CURRENT BB 2: for.inc74
CURRENT BB 2: if.else61
found loop entry point: if.else61
WARNING: basic block 0x1120b8a0 doesn't contain valid LID.
CURRENT BB 1: for.cond203
CURRENT BB 2: for.inc206
CURRENT BB 2: if.end167
found loop entry point: if.end167
CURRENT BB 1: for.cond221
CURRENT BB 2: for.inc247
CURRENT BB 2: if.end214
found loop entry point: if.end214
CURRENT BB 1: for.cond342
CURRENT BB 2: for.inc360
CURRENT BB 2: if.end340
found loop entry point: if.end340
In a function called _ZL5setupPiS_S_i
CURRENT BB 1: for.cond
CURRENT BB 2: for.inc25
CURRENT BB 2: entry
found loop entry point: entry
CURRENT BB 1: for.cond14
CURRENT BB 2: for.inc
CURRENT BB 2: for.body
found loop entry point: for.body
CURRENT BB 1: for.cond27
CURRENT BB 2: for.inc45
CURRENT BB 2: for.end26
found loop entry point: for.end26
CURRENT BB 1: for.cond48
CURRENT BB 2: for.inc81
CURRENT BB 2: for.end47
found loop entry point: for.end47
CURRENT BB 1: for.cond51
CURRENT BB 2: for.inc63
CURRENT BB 2: for.body50
found loop entry point: for.body50
CURRENT BB 1: for.cond129
CURRENT BB 2: for.inc149
CURRENT BB 2: for.end83
found loop entry point: for.end83
In a function called _ZL5zero3Pviii
CURRENT BB 1: for.cond
CURRENT BB 2: for.inc14
CURRENT BB 2: entry
found loop entry point: entry
CURRENT BB 1: for.cond1
CURRENT BB 2: for.inc11
CURRENT BB 2: for.body
found loop entry point: for.body
CURRENT BB 1: for.cond4
CURRENT BB 2: for.inc
CURRENT BB 2: for.body3
found loop entry point: for.body3
In a function called _ZL5zran3Pviiiiii
CURRENT BB 1: for.cond
CURRENT BB 2: for.inc29
CURRENT BB 2: entry
found loop entry point: entry
CURRENT BB 1: for.cond20
CURRENT BB 2: for.inc
CURRENT BB 2: for.body
found loop entry point: for.body
CURRENT BB 1: for.cond32
CURRENT BB 2: for.inc59
CURRENT BB 2: for.end31
found loop entry point: for.end31
CURRENT BB 1: for.cond62
CURRENT BB 2: for.inc135
CURRENT BB 2: for.end61
found loop entry point: for.end61
CURRENT BB 1: for.cond66
CURRENT BB 2: for.inc132
CURRENT BB 2: for.body65
found loop entry point: for.body65
CURRENT BB 1: for.cond70
CURRENT BB 2: for.inc129
CURRENT BB 2: for.body69
found loop entry point: for.body69
CURRENT BB 1: for.cond138
CURRENT BB 2: for.inc250
CURRENT BB 2: for.end137
found loop entry point: for.end137
CURRENT BB 1: for.cond252
CURRENT BB 2: for.inc273
CURRENT BB 2: for.end251
found loop entry point: for.end251
CURRENT BB 1: for.cond255
CURRENT BB 2: for.inc270
CURRENT BB 2: for.body254
found loop entry point: for.body254
CURRENT BB 1: for.cond258
CURRENT BB 2: for.inc267
CURRENT BB 2: for.body257
found loop entry point: for.body257
CURRENT BB 1: for.cond276
CURRENT BB 2: for.inc297
CURRENT BB 2: for.end275
found loop entry point: for.end275
CURRENT BB 1: for.cond300
CURRENT BB 2: for.inc321
CURRENT BB 2: for.end299
found loop entry point: for.end299
In a function called _ZL7norm2u3PviiiPdS0_iii
CURRENT BB 1: for.cond
CURRENT BB 2: for.inc36
CURRENT BB 2: if.end
found loop entry point: if.end
CURRENT BB 1: for.cond5
CURRENT BB 2: for.inc33
CURRENT BB 2: for.body
found loop entry point: for.body
CURRENT BB 1: for.cond9
CURRENT BB 2: for.inc
CURRENT BB 2: for.body8
found loop entry point: for.body8
In a function called _ZL5residPvS_S_iiiPdi
CURRENT BB 1: for.cond
CURRENT BB 2: for.inc128
CURRENT BB 2: if.end
found loop entry point: if.end
CURRENT BB 1: for.cond1
CURRENT BB 2: for.inc125
CURRENT BB 2: for.body
found loop entry point: for.body
CURRENT BB 1: for.cond5
CURRENT BB 2: for.inc
CURRENT BB 2: for.body4
found loop entry point: for.body4
CURRENT BB 1: for.cond75
CURRENT BB 2: for.inc122
CURRENT BB 2: for.end
found loop entry point: for.end
In a function called _ZL4mg3PPdS_S_S_S_iiii
CURRENT BB 1: for.cond
CURRENT BB 2: for.inc
CURRENT BB 2: entry
found loop entry point: entry
CURRENT BB 1: for.cond44
CURRENT BB 2: for.inc111
CURRENT BB 2: for.end
found loop entry point: for.end
In a function called _ZL5powerdi
CURRENT BB 1: while.cond
CURRENT BB 2: if.end
found loop entry point: if.end
CURRENT BB 2: entry
found loop entry point: entry
In a function called _ZL6bubblePA10_dPA10_iS2_S2_ii
CURRENT BB 1: for.cond
CURRENT BB 2: for.inc
CURRENT BB 2: if.then
found loop entry point: if.then
CURRENT BB 1: for.cond83
CURRENT BB 2: for.inc172
CURRENT BB 2: if.else82
found loop entry point: if.else82
WARNING: basic block 0x112acab0 doesn't contain valid LID.
In a function called _ZL5comm3Pviiii
CURRENT BB 1: for.cond
CURRENT BB 2: for.inc27
CURRENT BB 2: if.end
found loop entry point: if.end
CURRENT BB 1: for.cond1
CURRENT BB 2: for.inc
CURRENT BB 2: for.body
found loop entry point: for.body
CURRENT BB 1: for.cond30
CURRENT BB 2: for.inc64
CURRENT BB 2: for.end29
found loop entry point: for.end29
CURRENT BB 1: for.cond34
CURRENT BB 2: for.inc61
CURRENT BB 2: for.body33
found loop entry point: for.body33
CURRENT BB 1: for.cond67
CURRENT BB 2: for.inc100
CURRENT BB 2: for.end66
found loop entry point: for.end66
CURRENT BB 1: for.cond70
CURRENT BB 2: for.inc97
CURRENT BB 2: for.body69
found loop entry point: for.body69
In a function called _ZL7rep_nrmPviiiPci
In a function called _ZL7showallPviii
CURRENT BB 1: for.cond
CURRENT BB 2: for.inc28
CURRENT BB 2: cond.end9
found loop entry point: cond.end9
CURRENT BB 1: for.cond12
CURRENT BB 2: for.inc24
CURRENT BB 2: for.body
found loop entry point: for.body
CURRENT BB 1: for.cond15
CURRENT BB 2: for.inc
CURRENT BB 2: for.body14
found loop entry point: for.body14
In a function called _ZL5rprj3PviiiS_iiii
CURRENT BB 1: for.cond
CURRENT BB 2: for.inc227
CURRENT BB 2: if.end10
found loop entry point: if.end10
CURRENT BB 1: for.cond13
CURRENT BB 2: for.inc224
CURRENT BB 2: for.body
found loop entry point: for.body
CURRENT BB 1: for.cond19
CURRENT BB 2: for.inc
CURRENT BB 2: for.body16
found loop entry point: for.body16
CURRENT BB 1: for.cond89
CURRENT BB 2: for.inc221
CURRENT BB 2: for.end
found loop entry point: for.end
In a function called _ZL5psinvPvS_iiiPdi
CURRENT BB 1: for.cond
CURRENT BB 2: for.inc139
CURRENT BB 2: if.end
found loop entry point: if.end
CURRENT BB 1: for.cond1
CURRENT BB 2: for.inc136
CURRENT BB 2: for.body
found loop entry point: for.body
CURRENT BB 1: for.cond5
CURRENT BB 2: for.inc
CURRENT BB 2: for.body4
found loop entry point: for.body4
CURRENT BB 1: for.cond75
CURRENT BB 2: for.inc133
CURRENT BB 2: for.end
found loop entry point: for.end
In a function called _ZL6interpPviiiS_iiii
CURRENT BB 1: for.cond
CURRENT BB 2: for.inc320
CURRENT BB 2: if.then4
found loop entry point: if.then4
CURRENT BB 1: for.cond6
CURRENT BB 2: for.inc317
CURRENT BB 2: for.body
found loop entry point: for.body
CURRENT BB 1: for.cond10
CURRENT BB 2: for.inc
CURRENT BB 2: for.body9
found loop entry point: for.body9
CURRENT BB 1: for.cond63
CURRENT BB 2: for.inc127
CURRENT BB 2: for.end
found loop entry point: for.end
CURRENT BB 1: for.cond130
CURRENT BB 2: for.inc188
CURRENT BB 2: for.end129
found loop entry point: for.end129
CURRENT BB 1: for.cond191
CURRENT BB 2: for.inc249
CURRENT BB 2: for.end190
found loop entry point: for.end190
CURRENT BB 1: for.cond252
CURRENT BB 2: for.inc314
CURRENT BB 2: for.end251
found loop entry point: for.end251
CURRENT BB 1: for.cond335
CURRENT BB 2: for.inc588
CURRENT BB 2: if.end334
found loop entry point: if.end334
CURRENT BB 1: for.cond339
CURRENT BB 2: for.inc447
CURRENT BB 2: for.body338
found loop entry point: for.body338
CURRENT BB 1: for.cond343
CURRENT BB 2: for.inc387
CURRENT BB 2: for.body342
found loop entry point: for.body342
CURRENT BB 1: for.cond390
CURRENT BB 2: for.inc444
CURRENT BB 2: for.end389
found loop entry point: for.end389
CURRENT BB 1: for.cond450
CURRENT BB 2: for.inc585
CURRENT BB 2: for.end449
found loop entry point: for.end449
CURRENT BB 1: for.cond454
CURRENT BB 2: for.inc508
CURRENT BB 2: for.body453
found loop entry point: for.body453
CURRENT BB 1: for.cond511
CURRENT BB 2: for.inc582
CURRENT BB 2: for.end510
found loop entry point: for.end510
CURRENT BB 1: for.cond591
CURRENT BB 2: for.inc920
CURRENT BB 2: for.end590
found loop entry point: for.end590
WARNING: basic block 0x112d1ed0 doesn't contain valid LID.
CURRENT BB 1: for.cond595
CURRENT BB 2: for.inc730
CURRENT BB 2: for.body594
found loop entry point: for.body594
CURRENT BB 1: for.cond599
CURRENT BB 2: for.inc653
CURRENT BB 2: for.body598
found loop entry point: for.body598
CURRENT BB 1: for.cond656
CURRENT BB 2: for.inc727
CURRENT BB 2: for.end655
found loop entry point: for.end655
CURRENT BB 1: for.cond733
CURRENT BB 2: for.inc917
CURRENT BB 2: for.end732
found loop entry point: for.end732
CURRENT BB 1: for.cond737
CURRENT BB 2: for.inc808
CURRENT BB 2: for.body736
found loop entry point: for.body736
CURRENT BB 1: for.cond811
CURRENT BB 2: for.inc914
CURRENT BB 2: for.end810
found loop entry point: for.end810
In a function called _GLOBAL__sub_I_mg.cpp
number of instrumented loops: 80
discopop_hotspot_cc -O3 -mcmodel=medium -fopenmp -o ../bin/mg.A mg.o ../common/c_print_results.o ../common/c_randdp.o ../common/c_timers.o ../common/c_wtime.o -lm 
GNU ld (GNU Binutils for Ubuntu) 2.42
make[2]: Verzeichnis „/home/lukas/git/benchmark_harness/auto_tuner_benchmarks/NPB/MG/MG_orig/MG“ wird verlassen
make[1]: Verzeichnis „/home/lukas/git/benchmark_harness/auto_tuner_benchmarks/NPB/MG/MG_orig“ wird verlassen
cd $(basename /home/lukas/git/benchmark_harness/auto_tuner_benchmarks/NPB/MG)_orig/bin && ./$(echo $(basename /home/lukas/git/benchmark_harness/auto_tuner_benchmarks/NPB/MG) | tr '[:upper:]' '[:lower:]').S
 No input file. Using compiled defaults


 NAS Parallel Benchmarks 4.1 Serial C++ version - MG Benchmark

 Size:  32x 32x 32 (class_npb S)
 Iterations:   4
 Initialization time:           0.024 seconds
  iter   1
  iter   4
 Benchmark completed
 VERIFICATION SUCCESSFUL
 L2 Norm is  5.3077070057349e-05
 Error is    1.6596889470214e-13


 MG Benchmark Completed
 class_npb       =                        S
 Size            =             32x  32x  32
 Iterations      =                        4
 Time in seconds =                     0.02
 Mop/s total     =                   387.25
 Operation type  =           floating point
 Verification    =               SUCCESSFUL
 Version         =                      4.1
 Compiler ver    =                   18.1.3
 Compile date    =              09 Jan 2025

 Compile options:
    CC           = (none)
    CLINK        = $(CC)
    C_LIB        = -lm 
    C_INC        = -I../common 
    CFLAGS       = -O3 -mcmodel=medium -fopenmp
    CLINKFLAGS   = -O3 -mcmodel=medium -fopenmp
    RAND         = randdp


----------------------------------------------------------------------
    NPB-CPP is developed by: 
        Dalvan Griebler
        Gabriell Araujo (Sequential Porting)
        Júnior Löff (Parallel Implementation)

    In case of questions or problems, please send an e-mail to us:
        dalvan.griebler; gabriell.araujo; junior.loff@edu.pucrs.br
----------------------------------------------------------------------

cd $(basename /home/lukas/git/benchmark_harness/auto_tuner_benchmarks/NPB/MG)_orig/bin && ./$(echo $(basename /home/lukas/git/benchmark_harness/auto_tuner_benchmarks/NPB/MG) | tr '[:upper:]' '[:lower:]').A
 No input file. Using compiled defaults


 NAS Parallel Benchmarks 4.1 Serial C++ version - MG Benchmark

 Size: 256x256x256 (class_npb A)
 Iterations:   4
 Initialization time:           3.077 seconds
  iter   1
  iter   4
 Benchmark completed
 VERIFICATION SUCCESSFUL
 L2 Norm is  2.4333653090693e-06
 Error is    1.1330367179302e-13


 MG Benchmark Completed
 class_npb       =                        A
 Size            =            256x 256x 256
 Iterations      =                        4
 Time in seconds =                     4.36
 Mop/s total     =                   893.69
 Operation type  =           floating point
 Verification    =               SUCCESSFUL
 Version         =                      4.1
 Compiler ver    =                   18.1.3
 Compile date    =              09 Jan 2025

 Compile options:
    CC           = (none)
    CLINK        = $(CC)
    C_LIB        = -lm 
    C_INC        = -I../common 
    CFLAGS       = -O3 -mcmodel=medium -fopenmp
    CLINKFLAGS   = -O3 -mcmodel=medium -fopenmp
    RAND         = randdp


----------------------------------------------------------------------
    NPB-CPP is developed by: 
        Dalvan Griebler
        Gabriell Araujo (Sequential Porting)
        Júnior Löff (Parallel Implementation)

    In case of questions or problems, please send an e-mail to us:
        dalvan.griebler; gabriell.araujo; junior.loff@edu.pucrs.br
----------------------------------------------------------------------

cd $(basename /home/lukas/git/benchmark_harness/auto_tuner_benchmarks/NPB/MG)_orig/bin/.discopop && hotspot_analyzer
DiscoPoP Dir:  /home/lukas/git/benchmark_harness/auto_tuner_benchmarks/NPB/MG/MG_orig/bin/.discopop
Reading hotspot results... Done.
Reading cs_id.txt ... Done.
##cs lists: LOOP   1  1   0.0000020 avr: 0.0000000 sum:-1.0000000 ratio:0.0 min:inf max:0.0 topAvr:False topRatio:False
##cs lists: LOOP   2  1   0.0000000 avr: 0.0000000 sum:-1.0000000 ratio:0.0 min:inf max:0.0 topAvr:False topRatio:False
##cs lists: LOOP   3  1   0.0000000 avr: 0.0000000 sum:-1.0000000 ratio:0.0 min:inf max:0.0 topAvr:False topRatio:False
##cs lists: LOOP   4  1   0.0000000 avr: 0.0000000 sum:-1.0000000 ratio:0.0 min:inf max:0.0 topAvr:False topRatio:False
##cs lists: LOOP   5  1   0.0000000 avr: 0.0000000 sum:-1.0000000 ratio:0.0 min:inf max:0.0 topAvr:False topRatio:False
##cs lists: LOOP   6  1   0.0000000 avr: 0.0000000 sum:-1.0000000 ratio:0.0 min:inf max:0.0 topAvr:False topRatio:False
##cs lists: LOOP   7  1   0.0000020 avr: 0.0000000 sum:-1.0000000 ratio:0.0 min:inf max:0.0 topAvr:False topRatio:False
##cs lists: LOOP   8  1   0.0169320 avr: 0.0000000 sum:-1.0000000 ratio:0.0 min:inf max:0.0 topAvr:False topRatio:False
##cs lists: LOOP   9  1   0.0000000 avr: 0.0000000 sum:-1.0000000 ratio:0.0 min:inf max:0.0 topAvr:False topRatio:False
##cs lists: FUNCTION 10 1   0.0438220 avr: 0.0000000 sum:-1.0000000 ratio:0.0 min:inf max:0.0 topAvr:False topRatio:False
##cs lists: LOOP   11 1   0.0000020 avr: 0.0000000 sum:-1.0000000 ratio:0.0 min:inf max:0.0 topAvr:False topRatio:False
##cs lists: LOOP   12 1   0.0000000 avr: 0.0000000 sum:-1.0000000 ratio:0.0 min:inf max:0.0 topAvr:False topRatio:False
##cs lists: LOOP   13 1   0.0000000 avr: 0.0000000 sum:-1.0000000 ratio:0.0 min:inf max:0.0 topAvr:False topRatio:False
##cs lists: LOOP   14 1   0.0000020 avr: 0.0000000 sum:-1.0000000 ratio:0.0 min:inf max:0.0 topAvr:False topRatio:False
##cs lists: LOOP   15 1   0.0000020 avr: 0.0000000 sum:-1.0000000 ratio:0.0 min:inf max:0.0 topAvr:False topRatio:False
##cs lists: LOOP   16 1   0.0000000 avr: 0.0000000 sum:-1.0000000 ratio:0.0 min:inf max:0.0 topAvr:False topRatio:False
##cs lists: FUNCTION 17 1   0.0000050 avr: 0.0000000 sum:-1.0000000 ratio:0.0 min:inf max:0.0 topAvr:False topRatio:False
##cs lists: LOOP   18 1   0.0034980 avr: 0.0000000 sum:-1.0000000 ratio:0.0 min:inf max:0.0 topAvr:False topRatio:False
##cs lists: LOOP   19 1   0.0034770 avr: 0.0000000 sum:-1.0000000 ratio:0.0 min:inf max:0.0 topAvr:False topRatio:False
##cs lists: LOOP   20 1   0.0028300 avr: 0.0000000 sum:-1.0000000 ratio:0.0 min:inf max:0.0 topAvr:False topRatio:False
##cs lists: FUNCTION 21 1   0.0035030 avr: 0.0000000 sum:-1.0000000 ratio:0.0 min:inf max:0.0 topAvr:False topRatio:False
##cs lists: LOOP   22 1   0.0072600 avr: 0.0000000 sum:-1.0000000 ratio:0.0 min:inf max:0.0 topAvr:False topRatio:False
##cs lists: LOOP   23 1   0.0072370 avr: 0.0000000 sum:-1.0000000 ratio:0.0 min:inf max:0.0 topAvr:False topRatio:False
##cs lists: LOOP   24 1   0.0000020 avr: 0.0000000 sum:-1.0000000 ratio:0.0 min:inf max:0.0 topAvr:False topRatio:False
##cs lists: LOOP   25 1   0.0010940 avr: 0.0000000 sum:-1.0000000 ratio:0.0 min:inf max:0.0 topAvr:False topRatio:False
##cs lists: LOOP   26 1   0.0010860 avr: 0.0000000 sum:-1.0000000 ratio:0.0 min:inf max:0.0 topAvr:False topRatio:False
##cs lists: LOOP   27 1   0.0008710 avr: 0.0000000 sum:-1.0000000 ratio:0.0 min:inf max:0.0 topAvr:False topRatio:False
##cs lists: LOOP   28 1   0.0000010 avr: 0.0000000 sum:-1.0000000 ratio:0.0 min:inf max:0.0 topAvr:False topRatio:False
##cs lists: LOOP   29 1   0.0008260 avr: 0.0000000 sum:-1.0000000 ratio:0.0 min:inf max:0.0 topAvr:False topRatio:False
##cs lists: LOOP   30 1   0.0008180 avr: 0.0000000 sum:-1.0000000 ratio:0.0 min:inf max:0.0 topAvr:False topRatio:False
##cs lists: LOOP   31 1   0.0005970 avr: 0.0000000 sum:-1.0000000 ratio:0.0 min:inf max:0.0 topAvr:False topRatio:False
##cs lists: LOOP   32 1   0.0000010 avr: 0.0000000 sum:-1.0000000 ratio:0.0 min:inf max:0.0 topAvr:False topRatio:False
##cs lists: LOOP   33 1   0.0000000 avr: 0.0000000 sum:-1.0000000 ratio:0.0 min:inf max:0.0 topAvr:False topRatio:False
##cs lists: FUNCTION 34 1   0.0108170 avr: 0.0000000 sum:-1.0000000 ratio:0.0 min:inf max:0.0 topAvr:False topRatio:False
##cs lists: LOOP   35 1   0.0020910 avr: 0.0000000 sum:-1.0000000 ratio:0.0 min:inf max:0.0 topAvr:False topRatio:False
##cs lists: LOOP   36 1   0.0020810 avr: 0.0000000 sum:-1.0000000 ratio:0.0 min:inf max:0.0 topAvr:False topRatio:False
##cs lists: LOOP   37 1   0.0016990 avr: 0.0000000 sum:-1.0000000 ratio:0.0 min:inf max:0.0 topAvr:False topRatio:False
##cs lists: FUNCTION 38 1   0.0020950 avr: 0.0000000 sum:-1.0000000 ratio:0.0 min:inf max:0.0 topAvr:False topRatio:False
##cs lists: LOOP   39 1   0.0159320 avr: 0.0000000 sum:-1.0000000 ratio:0.0 min:inf max:0.0 topAvr:False topRatio:False
##cs lists: LOOP   40 1   0.0158890 avr: 0.0000000 sum:-1.0000000 ratio:0.0 min:inf max:0.0 topAvr:False topRatio:False
##cs lists: LOOP   41 1   0.0085410 avr: 0.0000000 sum:-1.0000000 ratio:0.0 min:inf max:0.0 topAvr:False topRatio:False
##cs lists: LOOP   42 1   0.0055060 avr: 0.0000000 sum:-1.0000000 ratio:0.0 min:inf max:0.0 topAvr:False topRatio:False
##cs lists: FUNCTION 43 1   0.0165900 avr: 0.0000000 sum:-1.0000000 ratio:0.0 min:inf max:0.0 topAvr:False topRatio:False
##cs lists: LOOP   44 1   0.0017150 avr: 0.0000000 sum:-1.0000000 ratio:0.0 min:inf max:0.0 topAvr:False topRatio:False
##cs lists: LOOP   45 1   0.0040410 avr: 0.0000000 sum:-1.0000000 ratio:0.0 min:inf max:0.0 topAvr:False topRatio:False
##cs lists: FUNCTION 46 1   0.0197410 avr: 0.0000000 sum:-1.0000000 ratio:0.0 min:inf max:0.0 topAvr:False topRatio:False
##cs lists: LOOP   47 1   0.0000100 avr: 0.0000000 sum:-1.0000000 ratio:0.0 min:inf max:0.0 topAvr:False topRatio:False
##cs lists: FUNCTION 48 1   0.0000130 avr: 0.0000000 sum:-1.0000000 ratio:0.0 min:inf max:0.0 topAvr:False topRatio:False
##cs lists: LOOP   49 1   0.0000020 avr: 0.0000000 sum:-1.0000000 ratio:0.0 min:inf max:0.0 topAvr:False topRatio:False
##cs lists: LOOP   50 1   0.0000000 avr: 0.0000000 sum:-1.0000000 ratio:0.0 min:inf max:0.0 topAvr:False topRatio:False
##cs lists: FUNCTION 51 1   0.0001000 avr: 0.0000000 sum:-1.0000000 ratio:0.0 min:inf max:0.0 topAvr:False topRatio:False
##cs lists: LOOP   52 1   0.0003720 avr: 0.0000000 sum:-1.0000000 ratio:0.0 min:inf max:0.0 topAvr:False topRatio:False
##cs lists: LOOP   53 1   0.0002820 avr: 0.0000000 sum:-1.0000000 ratio:0.0 min:inf max:0.0 topAvr:False topRatio:False
##cs lists: LOOP   54 1   0.0004080 avr: 0.0000000 sum:-1.0000000 ratio:0.0 min:inf max:0.0 topAvr:False topRatio:False
##cs lists: LOOP   55 1   0.0003190 avr: 0.0000000 sum:-1.0000000 ratio:0.0 min:inf max:0.0 topAvr:False topRatio:False
##cs lists: LOOP   56 1   0.0004800 avr: 0.0000000 sum:-1.0000000 ratio:0.0 min:inf max:0.0 topAvr:False topRatio:False
##cs lists: LOOP   57 1   0.0003920 avr: 0.0000000 sum:-1.0000000 ratio:0.0 min:inf max:0.0 topAvr:False topRatio:False
##cs lists: FUNCTION 58 1   0.0012810 avr: 0.0000000 sum:-1.0000000 ratio:0.0 min:inf max:0.0 topAvr:False topRatio:False
##cs lists: FUNCTION 59 1   0.0000000 avr: 0.0000000 sum:-1.0000000 ratio:0.0 min:inf max:0.0 topAvr:False topRatio:False
##cs lists: LOOP   60 1   0.0000000 avr: 0.0000000 sum:-1.0000000 ratio:0.0 min:inf max:0.0 topAvr:False topRatio:False
##cs lists: LOOP   61 1   0.0000000 avr: 0.0000000 sum:-1.0000000 ratio:0.0 min:inf max:0.0 topAvr:False topRatio:False
##cs lists: LOOP   62 1   0.0000000 avr: 0.0000000 sum:-1.0000000 ratio:0.0 min:inf max:0.0 topAvr:False topRatio:False
##cs lists: FUNCTION 63 1   0.0000000 avr: 0.0000000 sum:-1.0000000 ratio:0.0 min:inf max:0.0 topAvr:False topRatio:False
##cs lists: LOOP   64 1   0.0015490 avr: 0.0000000 sum:-1.0000000 ratio:0.0 min:inf max:0.0 topAvr:False topRatio:False
##cs lists: LOOP   65 1   0.0015430 avr: 0.0000000 sum:-1.0000000 ratio:0.0 min:inf max:0.0 topAvr:False topRatio:False
##cs lists: LOOP   66 1   0.0006190 avr: 0.0000000 sum:-1.0000000 ratio:0.0 min:inf max:0.0 topAvr:False topRatio:False
##cs lists: LOOP   67 1   0.0006790 avr: 0.0000000 sum:-1.0000000 ratio:0.0 min:inf max:0.0 topAvr:False topRatio:False
##cs lists: FUNCTION 68 1   0.0017120 avr: 0.0000000 sum:-1.0000000 ratio:0.0 min:inf max:0.0 topAvr:False topRatio:False
##cs lists: LOOP   69 1   0.0072630 avr: 0.0000000 sum:-1.0000000 ratio:0.0 min:inf max:0.0 topAvr:False topRatio:False
##cs lists: LOOP   70 1   0.0072400 avr: 0.0000000 sum:-1.0000000 ratio:0.0 min:inf max:0.0 topAvr:False topRatio:False
##cs lists: LOOP   71 1   0.0035900 avr: 0.0000000 sum:-1.0000000 ratio:0.0 min:inf max:0.0 topAvr:False topRatio:False
##cs lists: LOOP   72 1   0.0027260 avr: 0.0000000 sum:-1.0000000 ratio:0.0 min:inf max:0.0 topAvr:False topRatio:False
##cs lists: FUNCTION 73 1   0.0076000 avr: 0.0000000 sum:-1.0000000 ratio:0.0 min:inf max:0.0 topAvr:False topRatio:False
##cs lists: LOOP   74 1   0.0028390 avr: 0.0000000 sum:-1.0000000 ratio:0.0 min:inf max:0.0 topAvr:False topRatio:False
##cs lists: LOOP   75 1   0.0028300 avr: 0.0000000 sum:-1.0000000 ratio:0.0 min:inf max:0.0 topAvr:False topRatio:False
##cs lists: LOOP   76 1   0.0005660 avr: 0.0000000 sum:-1.0000000 ratio:0.0 min:inf max:0.0 topAvr:False topRatio:False
##cs lists: LOOP   77 1   0.0004140 avr: 0.0000000 sum:-1.0000000 ratio:0.0 min:inf max:0.0 topAvr:False topRatio:False
##cs lists: LOOP   78 1   0.0003980 avr: 0.0000000 sum:-1.0000000 ratio:0.0 min:inf max:0.0 topAvr:False topRatio:False
##cs lists: LOOP   79 1   0.0003900 avr: 0.0000000 sum:-1.0000000 ratio:0.0 min:inf max:0.0 topAvr:False topRatio:False
##cs lists: LOOP   80 1   0.0004020 avr: 0.0000000 sum:-1.0000000 ratio:0.0 min:inf max:0.0 topAvr:False topRatio:False
##cs lists: LOOP   81 1   0.0000000 avr: 0.0000000 sum:-1.0000000 ratio:0.0 min:inf max:0.0 topAvr:False topRatio:False
##cs lists: LOOP   82 1   0.0000000 avr: 0.0000000 sum:-1.0000000 ratio:0.0 min:inf max:0.0 topAvr:False topRatio:False
##cs lists: LOOP   83 1   0.0000000 avr: 0.0000000 sum:-1.0000000 ratio:0.0 min:inf max:0.0 topAvr:False topRatio:False
##cs lists: LOOP   84 1   0.0000000 avr: 0.0000000 sum:-1.0000000 ratio:0.0 min:inf max:0.0 topAvr:False topRatio:False
##cs lists: LOOP   85 1   0.0000000 avr: 0.0000000 sum:-1.0000000 ratio:0.0 min:inf max:0.0 topAvr:False topRatio:False
##cs lists: LOOP   86 1   0.0000000 avr: 0.0000000 sum:-1.0000000 ratio:0.0 min:inf max:0.0 topAvr:False topRatio:False
##cs lists: LOOP   87 1   0.0000000 avr: 0.0000000 sum:-1.0000000 ratio:0.0 min:inf max:0.0 topAvr:False topRatio:False
##cs lists: LOOP   88 1   0.0000000 avr: 0.0000000 sum:-1.0000000 ratio:0.0 min:inf max:0.0 topAvr:False topRatio:False
##cs lists: LOOP   89 1   0.0000000 avr: 0.0000000 sum:-1.0000000 ratio:0.0 min:inf max:0.0 topAvr:False topRatio:False
##cs lists: LOOP   90 1   0.0000000 avr: 0.0000000 sum:-1.0000000 ratio:0.0 min:inf max:0.0 topAvr:False topRatio:False
##cs lists: LOOP   91 1   0.0000000 avr: 0.0000000 sum:-1.0000000 ratio:0.0 min:inf max:0.0 topAvr:False topRatio:False
##cs lists: LOOP   92 1   0.0000000 avr: 0.0000000 sum:-1.0000000 ratio:0.0 min:inf max:0.0 topAvr:False topRatio:False
##cs lists: LOOP   93 1   0.0000000 avr: 0.0000000 sum:-1.0000000 ratio:0.0 min:inf max:0.0 topAvr:False topRatio:False
##cs lists: LOOP   94 1   0.0000000 avr: 0.0000000 sum:-1.0000000 ratio:0.0 min:inf max:0.0 topAvr:False topRatio:False
##cs lists: FUNCTION 95 1   0.0028420 avr: 0.0000000 sum:-1.0000000 ratio:0.0 min:inf max:0.0 topAvr:False topRatio:False
##cs lists: FUNCTION 96 2   0.0000030 avr: 0.0000000 sum:-1.0000000 ratio:0.0 min:inf max:0.0 topAvr:False topRatio:False
##cs lists: FUNCTION 97 3   0.0003160 avr: 0.0000000 sum:-1.0000000 ratio:0.0 min:inf max:0.0 topAvr:False topRatio:False
##cs lists: LOOP   98 3   0.0060400 avr: 0.0000000 sum:-1.0000000 ratio:0.0 min:inf max:0.0 topAvr:False topRatio:False
##cs lists: FUNCTION 99 3   0.0064150 avr: 0.0000000 sum:-1.0000000 ratio:0.0 min:inf max:0.0 topAvr:False topRatio:False
##cs lists: FUNCTION 100 4   0.0000010 avr: 0.0000000 sum:-1.0000000 ratio:0.0 min:inf max:0.0 topAvr:False topRatio:False
##cs lists: FUNCTION 101 4   0.0000020 avr: 0.0000000 sum:-1.0000000 ratio:0.0 min:inf max:0.0 topAvr:False topRatio:False
##cs lists: FUNCTION 102 4   0.0000020 avr: 0.0000000 sum:-1.0000000 ratio:0.0 min:inf max:0.0 topAvr:False topRatio:False
##cs lists: FUNCTION 103 4   0.0000010 avr: 0.0000000 sum:-1.0000000 ratio:0.0 min:inf max:0.0 topAvr:False topRatio:False
##cs lists: FUNCTION 104 4   0.0000000 avr: 0.0000000 sum:-1.0000000 ratio:0.0 min:inf max:0.0 topAvr:False topRatio:False
##cs lists: FUNCTION 105 5   0.0000010 avr: 0.0000000 sum:-1.0000000 ratio:0.0 min:inf max:0.0 topAvr:False topRatio:False
##cs lists: LOOP   106 1   0.0000000 avr: 0.0000000 sum:-1.0000000 ratio:0.0 min:inf max:0.0 topAvr:False topRatio:False
##cs lists: LOOP   107 1   0.0000000 avr: 0.0000000 sum:-1.0000000 ratio:0.0 min:inf max:0.0 topAvr:False topRatio:False
##cs lists: LOOP   108 1   0.0000000 avr: 0.0000000 sum:-1.0000000 ratio:0.0 min:inf max:0.0 topAvr:False topRatio:False
##cs lists: LOOP   109 1   0.0000000 avr: 0.0000000 sum:-1.0000000 ratio:0.0 min:inf max:0.0 topAvr:False topRatio:False
##cs lists: LOOP   110 1   0.0000000 avr: 0.0000000 sum:-1.0000000 ratio:0.0 min:inf max:0.0 topAvr:False topRatio:False
##cs lists: LOOP   111 1   0.0000000 avr: 0.0000000 sum:-1.0000000 ratio:0.0 min:inf max:0.0 topAvr:False topRatio:False
##cs lists: LOOP   112 1   0.0000000 avr: 0.0000000 sum:-1.0000000 ratio:0.0 min:inf max:0.0 topAvr:False topRatio:False
##cs lists: LOOP   113 1   0.0000000 avr: 0.0000000 sum:-1.0000000 ratio:0.0 min:inf max:0.0 topAvr:False topRatio:False
##cs lists: LOOP   114 1   0.0000000 avr: 0.0000000 sum:-1.0000000 ratio:0.0 min:inf max:0.0 topAvr:False topRatio:False
##cs lists: FUNCTION 115 1   0.0000000 avr: 0.0000000 sum:-1.0000000 ratio:0.0 min:inf max:0.0 topAvr:False topRatio:False
##cs lists: LOOP   116 1   0.0000000 avr: 0.0000000 sum:-1.0000000 ratio:0.0 min:inf max:0.0 topAvr:False topRatio:False
##cs lists: LOOP   117 1   0.0000000 avr: 0.0000000 sum:-1.0000000 ratio:0.0 min:inf max:0.0 topAvr:False topRatio:False
##cs lists: LOOP   118 1   0.0000000 avr: 0.0000000 sum:-1.0000000 ratio:0.0 min:inf max:0.0 topAvr:False topRatio:False
##cs lists: LOOP   119 1   0.0000000 avr: 0.0000000 sum:-1.0000000 ratio:0.0 min:inf max:0.0 topAvr:False topRatio:False
##cs lists: LOOP   120 1   0.0000000 avr: 0.0000000 sum:-1.0000000 ratio:0.0 min:inf max:0.0 topAvr:False topRatio:False
##cs lists: LOOP   121 1   0.0000000 avr: 0.0000000 sum:-1.0000000 ratio:0.0 min:inf max:0.0 topAvr:False topRatio:False
##cs lists: FUNCTION 122 1   0.0000000 avr: 0.0000000 sum:-1.0000000 ratio:0.0 min:inf max:0.0 topAvr:False topRatio:False
##cs lists: LOOP   123 1   0.0000000 avr: 0.0000000 sum:-1.0000000 ratio:0.0 min:inf max:0.0 topAvr:False topRatio:False
##cs lists: LOOP   124 1   0.0000000 avr: 0.0000000 sum:-1.0000000 ratio:0.0 min:inf max:0.0 topAvr:False topRatio:False
##cs lists: LOOP   125 1   0.0000000 avr: 0.0000000 sum:-1.0000000 ratio:0.0 min:inf max:0.0 topAvr:False topRatio:False
##cs lists: FUNCTION 126 1   0.0000000 avr: 0.0000000 sum:-1.0000000 ratio:0.0 min:inf max:0.0 topAvr:False topRatio:False
##cs lists: LOOP   127 1   0.0000000 avr: 0.0000000 sum:-1.0000000 ratio:0.0 min:inf max:0.0 topAvr:False topRatio:False
##cs lists: LOOP   128 1   0.0000000 avr: 0.0000000 sum:-1.0000000 ratio:0.0 min:inf max:0.0 topAvr:False topRatio:False
##cs lists: LOOP   129 1   0.0000000 avr: 0.0000000 sum:-1.0000000 ratio:0.0 min:inf max:0.0 topAvr:False topRatio:False
##cs lists: LOOP   130 1   0.0000000 avr: 0.0000000 sum:-1.0000000 ratio:0.0 min:inf max:0.0 topAvr:False topRatio:False
##cs lists: LOOP   131 1   0.0000000 avr: 0.0000000 sum:-1.0000000 ratio:0.0 min:inf max:0.0 topAvr:False topRatio:False
##cs lists: LOOP   132 1   0.0000000 avr: 0.0000000 sum:-1.0000000 ratio:0.0 min:inf max:0.0 topAvr:False topRatio:False
##cs lists: LOOP   133 1   0.0000000 avr: 0.0000000 sum:-1.0000000 ratio:0.0 min:inf max:0.0 topAvr:False topRatio:False
##cs lists: LOOP   134 1   0.0000000 avr: 0.0000000 sum:-1.0000000 ratio:0.0 min:inf max:0.0 topAvr:False topRatio:False
##cs lists: LOOP   135 1   0.0000000 avr: 0.0000000 sum:-1.0000000 ratio:0.0 min:inf max:0.0 topAvr:False topRatio:False
##cs lists: LOOP   136 1   0.0000000 avr: 0.0000000 sum:-1.0000000 ratio:0.0 min:inf max:0.0 topAvr:False topRatio:False
##cs lists: LOOP   137 1   0.0000000 avr: 0.0000000 sum:-1.0000000 ratio:0.0 min:inf max:0.0 topAvr:False topRatio:False
##cs lists: LOOP   138 1   0.0000000 avr: 0.0000000 sum:-1.0000000 ratio:0.0 min:inf max:0.0 topAvr:False topRatio:False
##cs lists: FUNCTION 139 1   0.0000000 avr: 0.0000000 sum:-1.0000000 ratio:0.0 min:inf max:0.0 topAvr:False topRatio:False
##cs lists: LOOP   140 1   0.0000000 avr: 0.0000000 sum:-1.0000000 ratio:0.0 min:inf max:0.0 topAvr:False topRatio:False
##cs lists: LOOP   141 1   0.0000000 avr: 0.0000000 sum:-1.0000000 ratio:0.0 min:inf max:0.0 topAvr:False topRatio:False
##cs lists: LOOP   142 1   0.0000000 avr: 0.0000000 sum:-1.0000000 ratio:0.0 min:inf max:0.0 topAvr:False topRatio:False
##cs lists: FUNCTION 143 1   0.0000000 avr: 0.0000000 sum:-1.0000000 ratio:0.0 min:inf max:0.0 topAvr:False topRatio:False
##cs lists: LOOP   144 1   0.0000000 avr: 0.0000000 sum:-1.0000000 ratio:0.0 min:inf max:0.0 topAvr:False topRatio:False
##cs lists: LOOP   145 1   0.0000000 avr: 0.0000000 sum:-1.0000000 ratio:0.0 min:inf max:0.0 topAvr:False topRatio:False
##cs lists: LOOP   146 1   0.0000000 avr: 0.0000000 sum:-1.0000000 ratio:0.0 min:inf max:0.0 topAvr:False topRatio:False
##cs lists: LOOP   147 1   0.0000000 avr: 0.0000000 sum:-1.0000000 ratio:0.0 min:inf max:0.0 topAvr:False topRatio:False
##cs lists: FUNCTION 148 1   0.0000000 avr: 0.0000000 sum:-1.0000000 ratio:0.0 min:inf max:0.0 topAvr:False topRatio:False
##cs lists: LOOP   149 1   0.0000000 avr: 0.0000000 sum:-1.0000000 ratio:0.0 min:inf max:0.0 topAvr:False topRatio:False
##cs lists: LOOP   150 1   0.0000000 avr: 0.0000000 sum:-1.0000000 ratio:0.0 min:inf max:0.0 topAvr:False topRatio:False
##cs lists: FUNCTION 151 1   0.0000000 avr: 0.0000000 sum:-1.0000000 ratio:0.0 min:inf max:0.0 topAvr:False topRatio:False
##cs lists: LOOP   152 1   0.0000000 avr: 0.0000000 sum:-1.0000000 ratio:0.0 min:inf max:0.0 topAvr:False topRatio:False
##cs lists: FUNCTION 153 1   0.0000000 avr: 0.0000000 sum:-1.0000000 ratio:0.0 min:inf max:0.0 topAvr:False topRatio:False
##cs lists: LOOP   154 1   0.0000000 avr: 0.0000000 sum:-1.0000000 ratio:0.0 min:inf max:0.0 topAvr:False topRatio:False
##cs lists: LOOP   155 1   0.0000000 avr: 0.0000000 sum:-1.0000000 ratio:0.0 min:inf max:0.0 topAvr:False topRatio:False
##cs lists: FUNCTION 156 1   0.0000000 avr: 0.0000000 sum:-1.0000000 ratio:0.0 min:inf max:0.0 topAvr:False topRatio:False
##cs lists: LOOP   157 1   0.0000000 avr: 0.0000000 sum:-1.0000000 ratio:0.0 min:inf max:0.0 topAvr:False topRatio:False
##cs lists: LOOP   158 1   0.0000000 avr: 0.0000000 sum:-1.0000000 ratio:0.0 min:inf max:0.0 topAvr:False topRatio:False
##cs lists: LOOP   159 1   0.0000000 avr: 0.0000000 sum:-1.0000000 ratio:0.0 min:inf max:0.0 topAvr:False topRatio:False
##cs lists: LOOP   160 1   0.0000000 avr: 0.0000000 sum:-1.0000000 ratio:0.0 min:inf max:0.0 topAvr:False topRatio:False
##cs lists: LOOP   161 1   0.0000000 avr: 0.0000000 sum:-1.0000000 ratio:0.0 min:inf max:0.0 topAvr:False topRatio:False
##cs lists: LOOP   162 1   0.0000000 avr: 0.0000000 sum:-1.0000000 ratio:0.0 min:inf max:0.0 topAvr:False topRatio:False
##cs lists: FUNCTION 163 1   0.0000000 avr: 0.0000000 sum:-1.0000000 ratio:0.0 min:inf max:0.0 topAvr:False topRatio:False
##cs lists: FUNCTION 164 1   0.0000000 avr: 0.0000000 sum:-1.0000000 ratio:0.0 min:inf max:0.0 topAvr:False topRatio:False
##cs lists: LOOP   165 1   0.0000000 avr: 0.0000000 sum:-1.0000000 ratio:0.0 min:inf max:0.0 topAvr:False topRatio:False
##cs lists: LOOP   166 1   0.0000000 avr: 0.0000000 sum:-1.0000000 ratio:0.0 min:inf max:0.0 topAvr:False topRatio:False
##cs lists: LOOP   167 1   0.0000000 avr: 0.0000000 sum:-1.0000000 ratio:0.0 min:inf max:0.0 topAvr:False topRatio:False
##cs lists: FUNCTION 168 1   0.0000000 avr: 0.0000000 sum:-1.0000000 ratio:0.0 min:inf max:0.0 topAvr:False topRatio:False
##cs lists: LOOP   169 1   0.0000000 avr: 0.0000000 sum:-1.0000000 ratio:0.0 min:inf max:0.0 topAvr:False topRatio:False
##cs lists: LOOP   170 1   0.0000000 avr: 0.0000000 sum:-1.0000000 ratio:0.0 min:inf max:0.0 topAvr:False topRatio:False
##cs lists: LOOP   171 1   0.0000000 avr: 0.0000000 sum:-1.0000000 ratio:0.0 min:inf max:0.0 topAvr:False topRatio:False
##cs lists: LOOP   172 1   0.0000000 avr: 0.0000000 sum:-1.0000000 ratio:0.0 min:inf max:0.0 topAvr:False topRatio:False
##cs lists: FUNCTION 173 1   0.0000000 avr: 0.0000000 sum:-1.0000000 ratio:0.0 min:inf max:0.0 topAvr:False topRatio:False
##cs lists: LOOP   174 1   0.0000000 avr: 0.0000000 sum:-1.0000000 ratio:0.0 min:inf max:0.0 topAvr:False topRatio:False
##cs lists: LOOP   175 1   0.0000000 avr: 0.0000000 sum:-1.0000000 ratio:0.0 min:inf max:0.0 topAvr:False topRatio:False
##cs lists: LOOP   176 1   0.0000000 avr: 0.0000000 sum:-1.0000000 ratio:0.0 min:inf max:0.0 topAvr:False topRatio:False
##cs lists: LOOP   177 1   0.0000000 avr: 0.0000000 sum:-1.0000000 ratio:0.0 min:inf max:0.0 topAvr:False topRatio:False
##cs lists: FUNCTION 178 1   0.0000000 avr: 0.0000000 sum:-1.0000000 ratio:0.0 min:inf max:0.0 topAvr:False topRatio:False
##cs lists: LOOP   179 1   0.0000000 avr: 0.0000000 sum:-1.0000000 ratio:0.0 min:inf max:0.0 topAvr:False topRatio:False
##cs lists: LOOP   180 1   0.0000000 avr: 0.0000000 sum:-1.0000000 ratio:0.0 min:inf max:0.0 topAvr:False topRatio:False
##cs lists: LOOP   181 1   0.0000000 avr: 0.0000000 sum:-1.0000000 ratio:0.0 min:inf max:0.0 topAvr:False topRatio:False
##cs lists: LOOP   182 1   0.0000000 avr: 0.0000000 sum:-1.0000000 ratio:0.0 min:inf max:0.0 topAvr:False topRatio:False
##cs lists: LOOP   183 1   0.0000000 avr: 0.0000000 sum:-1.0000000 ratio:0.0 min:inf max:0.0 topAvr:False topRatio:False
##cs lists: LOOP   184 1   0.0000000 avr: 0.0000000 sum:-1.0000000 ratio:0.0 min:inf max:0.0 topAvr:False topRatio:False
##cs lists: LOOP   185 1   0.0000000 avr: 0.0000000 sum:-1.0000000 ratio:0.0 min:inf max:0.0 topAvr:False topRatio:False
##cs lists: LOOP   186 1   0.0000000 avr: 0.0000000 sum:-1.0000000 ratio:0.0 min:inf max:0.0 topAvr:False topRatio:False
##cs lists: LOOP   187 1   0.0000000 avr: 0.0000000 sum:-1.0000000 ratio:0.0 min:inf max:0.0 topAvr:False topRatio:False
##cs lists: LOOP   188 1   0.0000000 avr: 0.0000000 sum:-1.0000000 ratio:0.0 min:inf max:0.0 topAvr:False topRatio:False
##cs lists: LOOP   189 1   0.0000000 avr: 0.0000000 sum:-1.0000000 ratio:0.0 min:inf max:0.0 topAvr:False topRatio:False
##cs lists: LOOP   190 1   0.0000000 avr: 0.0000000 sum:-1.0000000 ratio:0.0 min:inf max:0.0 topAvr:False topRatio:False
##cs lists: LOOP   191 1   0.0000000 avr: 0.0000000 sum:-1.0000000 ratio:0.0 min:inf max:0.0 topAvr:False topRatio:False
##cs lists: LOOP   192 1   0.0000000 avr: 0.0000000 sum:-1.0000000 ratio:0.0 min:inf max:0.0 topAvr:False topRatio:False
##cs lists: LOOP   193 1   0.0000000 avr: 0.0000000 sum:-1.0000000 ratio:0.0 min:inf max:0.0 topAvr:False topRatio:False
##cs lists: LOOP   194 1   0.0000000 avr: 0.0000000 sum:-1.0000000 ratio:0.0 min:inf max:0.0 topAvr:False topRatio:False
##cs lists: LOOP   195 1   0.0000000 avr: 0.0000000 sum:-1.0000000 ratio:0.0 min:inf max:0.0 topAvr:False topRatio:False
##cs lists: LOOP   196 1   0.0000000 avr: 0.0000000 sum:-1.0000000 ratio:0.0 min:inf max:0.0 topAvr:False topRatio:False
##cs lists: LOOP   197 1   0.0000000 avr: 0.0000000 sum:-1.0000000 ratio:0.0 min:inf max:0.0 topAvr:False topRatio:False
##cs lists: LOOP   198 1   0.0000000 avr: 0.0000000 sum:-1.0000000 ratio:0.0 min:inf max:0.0 topAvr:False topRatio:False
##cs lists: LOOP   199 1   0.0000000 avr: 0.0000000 sum:-1.0000000 ratio:0.0 min:inf max:0.0 topAvr:False topRatio:False
##cs lists: FUNCTION 200 1   0.0000000 avr: 0.0000000 sum:-1.0000000 ratio:0.0 min:inf max:0.0 topAvr:False topRatio:False
200
Calculate Averages ... Done.
Calculate Min,Max,Avg ... Done.
Calculate Delta and Ratio ... Done.
max cs:  115   7.432156
Sort CS lists ... Done.
Detect hotspots ... Done
##cs lists: LOOP   1  1   0.0000020 avr: 0.0000010 sum: 0.0000020 ratio:0.6666666666666666 min:1e-06 max:2e-06 topAvr:False topRatio:False
##cs lists: LOOP   7  1   0.0000020 avr: 0.0000010 sum: 0.0000020 ratio:0.6666666666666666 min:1e-06 max:2e-06 topAvr:False topRatio:False
##cs lists: LOOP   8  1   0.0169320 avr: 0.0084660 sum: 0.0169320 ratio:0.9999409437193645 min:1e-06 max:0.016932 topAvr:False topRatio:True
##cs lists: FUNCTION 10 1   0.0438220 avr: 0.0219110 sum: 0.0438220 ratio:0.999977180932387 min:1e-06 max:0.043822 topAvr:False topRatio:True
##cs lists: LOOP   11 1   0.0000020 avr: 0.0000010 sum: 0.0000020 ratio:0.6666666666666666 min:1e-06 max:2e-06 topAvr:False topRatio:False
##cs lists: LOOP   14 1   0.0000020 avr: 0.0000010 sum: 0.0000020 ratio:0.6666666666666666 min:1e-06 max:2e-06 topAvr:False topRatio:False
##cs lists: LOOP   15 1   0.0000020 avr: 0.0000010 sum: 0.0000020 ratio:0.6666666666666666 min:1e-06 max:2e-06 topAvr:False topRatio:False
##cs lists: FUNCTION 17 1   0.0000050 avr: 0.0000025 sum: 0.0000050 ratio:0.8333333333333334 min:1e-06 max:5e-06 topAvr:False topRatio:False
##cs lists: LOOP   18 1   0.0034980 avr: 0.0017490 sum: 0.0034980 ratio:0.9997142040583025 min:1e-06 max:0.003498 topAvr:False topRatio:True
##cs lists: LOOP   19 1   0.0034770 avr: 0.0017385 sum: 0.0034770 ratio:0.9997124784358827 min:1e-06 max:0.003477 topAvr:False topRatio:True
##cs lists: LOOP   20 1   0.0028300 avr: 0.0014150 sum: 0.0028300 ratio:0.9996467679265276 min:1e-06 max:0.00283 topAvr:False topRatio:True
##cs lists: FUNCTION 21 1   0.0035030 avr: 0.0017515 sum: 0.0035030 ratio:0.9997146118721462 min:1e-06 max:0.003503 topAvr:False topRatio:True
##cs lists: LOOP   22 1   0.0072600 avr: 0.0036300 sum: 0.0072600 ratio:0.9998622779231511 min:1e-06 max:0.00726 topAvr:False topRatio:True
##cs lists: LOOP   23 1   0.0072370 avr: 0.0036185 sum: 0.0072370 ratio:0.9998618402873721 min:1e-06 max:0.007237 topAvr:False topRatio:True
##cs lists: LOOP   24 1   0.0000020 avr: 0.0000010 sum: 0.0000020 ratio:0.6666666666666666 min:1e-06 max:2e-06 topAvr:False topRatio:False
##cs lists: LOOP   25 1   0.0010940 avr: 0.0005470 sum: 0.0010940 ratio:0.9990867579908675 min:1e-06 max:0.001094 topAvr:False topRatio:True
##cs lists: LOOP   26 1   0.0010860 avr: 0.0005430 sum: 0.0010860 ratio:0.999080036798528 min:1e-06 max:0.001086 topAvr:False topRatio:True
##cs lists: LOOP   27 1   0.0008710 avr: 0.0004355 sum: 0.0008710 ratio:0.9988532110091742 min:1e-06 max:0.000871 topAvr:False topRatio:True
##cs lists: LOOP   28 1   0.0000010 avr: 0.0000005 sum: 0.0000010 ratio:0.5 min:1e-06 max:1e-06 topAvr:False topRatio:False
##cs lists: LOOP   29 1   0.0008260 avr: 0.0004130 sum: 0.0008260 ratio:0.9987908101571947 min:1e-06 max:0.000826 topAvr:False topRatio:True
##cs lists: LOOP   30 1   0.0008180 avr: 0.0004090 sum: 0.0008180 ratio:0.9987789987789989 min:1e-06 max:0.000818 topAvr:False topRatio:True
##cs lists: LOOP   31 1   0.0005970 avr: 0.0002985 sum: 0.0005970 ratio:0.9983277591973244 min:1e-06 max:0.000597 topAvr:False topRatio:True
##cs lists: LOOP   32 1   0.0000010 avr: 0.0000005 sum: 0.0000010 ratio:0.5 min:1e-06 max:1e-06 topAvr:False topRatio:False
##cs lists: FUNCTION 34 1   0.0108170 avr: 0.0054085 sum: 0.0108170 ratio:0.9999075614716213 min:1e-06 max:0.010817 topAvr:False topRatio:True
##cs lists: LOOP   35 1   0.0020910 avr: 0.0010455 sum: 0.0020910 ratio:0.9995219885277247 min:1e-06 max:0.002091 topAvr:False topRatio:True
##cs lists: LOOP   36 1   0.0020810 avr: 0.0010405 sum: 0.0020810 ratio:0.9995196926032661 min:1e-06 max:0.002081 topAvr:False topRatio:True
##cs lists: LOOP   37 1   0.0016990 avr: 0.0008495 sum: 0.0016990 ratio:0.9994117647058824 min:1e-06 max:0.001699 topAvr:False topRatio:True
##cs lists: FUNCTION 38 1   0.0020950 avr: 0.0010475 sum: 0.0020950 ratio:0.9995229007633588 min:1e-06 max:0.002095 topAvr:False topRatio:True
##cs lists: LOOP   39 1   0.0159320 avr: 0.0079660 sum: 0.0159320 ratio:0.9999372371806943 min:1e-06 max:0.015932 topAvr:False topRatio:True
##cs lists: LOOP   40 1   0.0158890 avr: 0.0079445 sum: 0.0158890 ratio:0.9999370673379484 min:1e-06 max:0.015889 topAvr:False topRatio:True
##cs lists: LOOP   41 1   0.0085410 avr: 0.0042705 sum: 0.0085410 ratio:0.999882931397799 min:1e-06 max:0.008541 topAvr:False topRatio:True
##cs lists: LOOP   42 1   0.0055060 avr: 0.0027530 sum: 0.0055060 ratio:0.9998184129289995 min:1e-06 max:0.005506 topAvr:False topRatio:True
##cs lists: FUNCTION 43 1   0.0165900 avr: 0.0082950 sum: 0.0165900 ratio:0.9999397263576637 min:1e-06 max:0.01659 topAvr:False topRatio:True
##cs lists: LOOP   44 1   0.0017150 avr: 0.0008575 sum: 0.0017150 ratio:0.9994172494172494 min:1e-06 max:0.001715 topAvr:False topRatio:True
##cs lists: LOOP   45 1   0.0040410 avr: 0.0020205 sum: 0.0040410 ratio:0.9997525977238991 min:1e-06 max:0.004041 topAvr:False topRatio:True
##cs lists: FUNCTION 46 1   0.0197410 avr: 0.0098705 sum: 0.0197410 ratio:0.9999493465707628 min:1e-06 max:0.019741 topAvr:False topRatio:True
##cs lists: LOOP   47 1   0.0000100 avr: 0.0000050 sum: 0.0000100 ratio:0.9090909090909091 min:1e-06 max:1e-05 topAvr:False topRatio:False
##cs lists: FUNCTION 48 1   0.0000130 avr: 0.0000065 sum: 0.0000130 ratio:0.9285714285714286 min:1e-06 max:1.3e-05 topAvr:False topRatio:True
##cs lists: LOOP   49 1   0.0000020 avr: 0.0000010 sum: 0.0000020 ratio:0.6666666666666666 min:1e-06 max:2e-06 topAvr:False topRatio:False
##cs lists: FUNCTION 51 1   0.0001000 avr: 0.0000500 sum: 0.0001000 ratio:0.9900990099009901 min:1e-06 max:0.0001 topAvr:False topRatio:True
##cs lists: LOOP   52 1   0.0003720 avr: 0.0001860 sum: 0.0003720 ratio:0.9973190348525469 min:1e-06 max:0.000372 topAvr:False topRatio:True
##cs lists: LOOP   53 1   0.0002820 avr: 0.0001410 sum: 0.0002820 ratio:0.9964664310954064 min:1e-06 max:0.000282 topAvr:False topRatio:True
##cs lists: LOOP   54 1   0.0004080 avr: 0.0002040 sum: 0.0004080 ratio:0.9975550122249389 min:1e-06 max:0.000408 topAvr:False topRatio:True
##cs lists: LOOP   55 1   0.0003190 avr: 0.0001595 sum: 0.0003190 ratio:0.9968750000000001 min:1e-06 max:0.000319 topAvr:False topRatio:True
##cs lists: LOOP   56 1   0.0004800 avr: 0.0002400 sum: 0.0004800 ratio:0.9979209979209979 min:1e-06 max:0.00048 topAvr:False topRatio:True
##cs lists: LOOP   57 1   0.0003920 avr: 0.0001960 sum: 0.0003920 ratio:0.9974554707379134 min:1e-06 max:0.000392 topAvr:False topRatio:True
##cs lists: FUNCTION 58 1   0.0012810 avr: 0.0006405 sum: 0.0012810 ratio:0.999219968798752 min:1e-06 max:0.001281 topAvr:False topRatio:True
##cs lists: LOOP   64 1   0.0015490 avr: 0.0007745 sum: 0.0015490 ratio:0.9993548387096775 min:1e-06 max:0.001549 topAvr:False topRatio:True
##cs lists: LOOP   65 1   0.0015430 avr: 0.0007715 sum: 0.0015430 ratio:0.9993523316062176 min:1e-06 max:0.001543 topAvr:False topRatio:True
##cs lists: LOOP   66 1   0.0006190 avr: 0.0003095 sum: 0.0006190 ratio:0.9983870967741935 min:1e-06 max:0.000619 topAvr:False topRatio:True
##cs lists: LOOP   67 1   0.0006790 avr: 0.0003395 sum: 0.0006790 ratio:0.9985294117647059 min:1e-06 max:0.000679 topAvr:False topRatio:True
##cs lists: FUNCTION 68 1   0.0017120 avr: 0.0008560 sum: 0.0017120 ratio:0.9994162288382954 min:1e-06 max:0.001712 topAvr:False topRatio:True
##cs lists: LOOP   69 1   0.0072630 avr: 0.0036315 sum: 0.0072630 ratio:0.9998623348017621 min:1e-06 max:0.007263 topAvr:False topRatio:True
##cs lists: LOOP   70 1   0.0072400 avr: 0.0036200 sum: 0.0072400 ratio:0.9998618975279657 min:1e-06 max:0.00724 topAvr:False topRatio:True
##cs lists: LOOP   71 1   0.0035900 avr: 0.0017950 sum: 0.0035900 ratio:0.9997215260373156 min:1e-06 max:0.00359 topAvr:False topRatio:True
##cs lists: LOOP   72 1   0.0027260 avr: 0.0013630 sum: 0.0027260 ratio:0.9996332966629996 min:1e-06 max:0.002726 topAvr:False topRatio:True
##cs lists: FUNCTION 73 1   0.0076000 avr: 0.0038000 sum: 0.0076000 ratio:0.9998684383633732 min:1e-06 max:0.0076 topAvr:False topRatio:True
##cs lists: LOOP   74 1   0.0028390 avr: 0.0014195 sum: 0.0028390 ratio:0.9996478873239437 min:1e-06 max:0.002839 topAvr:False topRatio:True
##cs lists: LOOP   75 1   0.0028300 avr: 0.0014150 sum: 0.0028300 ratio:0.9996467679265276 min:1e-06 max:0.00283 topAvr:False topRatio:True
##cs lists: LOOP   76 1   0.0005660 avr: 0.0002830 sum: 0.0005660 ratio:0.9982363315696648 min:1e-06 max:0.000566 topAvr:False topRatio:True
##cs lists: LOOP   77 1   0.0004140 avr: 0.0002070 sum: 0.0004140 ratio:0.9975903614457832 min:1e-06 max:0.000414 topAvr:False topRatio:True
##cs lists: LOOP   78 1   0.0003980 avr: 0.0001990 sum: 0.0003980 ratio:0.9974937343358397 min:1e-06 max:0.000398 topAvr:False topRatio:True
##cs lists: LOOP   79 1   0.0003900 avr: 0.0001950 sum: 0.0003900 ratio:0.9974424552429667 min:1e-06 max:0.00039 topAvr:False topRatio:True
##cs lists: LOOP   80 1   0.0004020 avr: 0.0002010 sum: 0.0004020 ratio:0.9975186104218362 min:1e-06 max:0.000402 topAvr:False topRatio:True
##cs lists: FUNCTION 95 1   0.0028420 avr: 0.0014210 sum: 0.0028420 ratio:0.9996482588814634 min:1e-06 max:0.002842 topAvr:False topRatio:True
##cs lists: FUNCTION 96 2   0.0000030 avr: 0.0000035 sum: 0.0000070 ratio:0.5714285714285714 min:3e-06 max:4e-06 topAvr:False topRatio:False
##cs lists: FUNCTION 97 3   0.0003160 avr: 0.0038395 sum: 0.0076790 ratio:0.9588488084385989 min:0.000316 max:0.007363 topAvr:False topRatio:True
##cs lists: LOOP   98 3   0.0060400 avr: 0.5279190 sum: 1.0558380 ratio:0.9942794254421606 min:0.00604 max:1.049798 topAvr:True topRatio:True
##cs lists: FUNCTION 99 3   0.0064150 avr: 0.5324550 sum: 1.0649100 ratio:0.9939760167525893 min:0.006415 max:1.058495 topAvr:True topRatio:True
##cs lists: FUNCTION 100 4   0.0000010 avr: 0.0000015 sum: 0.0000030 ratio:0.6666666666666666 min:1e-06 max:2e-06 topAvr:False topRatio:False
##cs lists: FUNCTION 101 4   0.0000020 avr: 0.0000010 sum: 0.0000020 ratio:0.6666666666666666 min:1e-06 max:2e-06 topAvr:False topRatio:False
##cs lists: FUNCTION 102 4   0.0000020 avr: 0.0000020 sum: 0.0000040 ratio:0.5 min:2e-06 max:2e-06 topAvr:False topRatio:False
##cs lists: FUNCTION 103 4   0.0000010 avr: 0.0000010 sum: 0.0000020 ratio:0.5 min:1e-06 max:1e-06 topAvr:False topRatio:False
##cs lists: FUNCTION 105 5   0.0000010 avr: 0.0000015 sum: 0.0000030 ratio:0.6666666666666666 min:1e-06 max:2e-06 topAvr:False topRatio:False
##cs lists: LOOP   106 1   0.0000000 avr: 0.0000015 sum: 0.0000030 ratio:0.75 min:1e-06 max:3e-06 topAvr:False topRatio:False
##cs lists: LOOP   113 1   0.0000000 avr: 1.9819950 sum: 3.9639900 ratio:0.9999997477289934 min:1e-06 max:3.96399 topAvr:True topRatio:True
##cs lists: FUNCTION 115 1   0.0000000 avr: 3.7160780 sum: 7.4321560 ratio:0.9999998654495593 min:1e-06 max:7.432156 topAvr:True topRatio:True
##cs lists: LOOP   116 1   0.0000000 avr: 0.0000005 sum: 0.0000010 ratio:0.5 min:1e-06 max:1e-06 topAvr:False topRatio:False
##cs lists: LOOP   119 1   0.0000000 avr: 0.0000015 sum: 0.0000030 ratio:0.75 min:1e-06 max:3e-06 topAvr:False topRatio:False
##cs lists: LOOP   120 1   0.0000000 avr: 0.0000010 sum: 0.0000020 ratio:0.6666666666666666 min:1e-06 max:2e-06 topAvr:False topRatio:False
##cs lists: LOOP   121 1   0.0000000 avr: 0.0000005 sum: 0.0000010 ratio:0.5 min:1e-06 max:1e-06 topAvr:False topRatio:False
##cs lists: FUNCTION 122 1   0.0000000 avr: 0.0000030 sum: 0.0000060 ratio:0.8571428571428571 min:1e-06 max:6e-06 topAvr:False topRatio:False
##cs lists: LOOP   123 1   0.0000000 avr: 0.2117435 sum: 0.4234870 ratio:0.9999976386580021 min:1e-06 max:0.423487 topAvr:True topRatio:True
##cs lists: LOOP   124 1   0.0000000 avr: 0.2116960 sum: 0.4233920 ratio:0.9999976381281692 min:1e-06 max:0.423392 topAvr:True topRatio:True
##cs lists: LOOP   125 1   0.0000000 avr: 0.2052650 sum: 0.4105300 ratio:0.999997564130358 min:1e-06 max:0.41053 topAvr:True topRatio:True
##cs lists: FUNCTION 126 1   0.0000000 avr: 0.2117455 sum: 0.4234910 ratio:0.9999976386803057 min:1e-06 max:0.423491 topAvr:True topRatio:True
##cs lists: LOOP   127 1   0.0000000 avr: 0.5383060 sum: 1.0766120 ratio:0.9999990711611323 min:1e-06 max:1.076612 topAvr:True topRatio:True
##cs lists: LOOP   128 1   0.0000000 avr: 0.5382750 sum: 1.0765500 ratio:0.9999990711076392 min:1e-06 max:1.07655 topAvr:True topRatio:True
##cs lists: LOOP   130 1   0.0000000 avr: 0.0484235 sum: 0.0968470 ratio:0.9999896745415496 min:1e-06 max:0.096847 topAvr:False topRatio:True
##cs lists: LOOP   131 1   0.0000000 avr: 0.0484185 sum: 0.0968370 ratio:0.9999896734752887 min:1e-06 max:0.096837 topAvr:False topRatio:True
##cs lists: LOOP   132 1   0.0000000 avr: 0.0461790 sum: 0.0923580 ratio:0.9999891726848493 min:1e-06 max:0.092358 topAvr:False topRatio:True
##cs lists: LOOP   133 1   0.0000000 avr: 0.0000005 sum: 0.0000010 ratio:0.5 min:1e-06 max:1e-06 topAvr:False topRatio:False
##cs lists: LOOP   134 1   0.0000000 avr: 0.0357815 sum: 0.0715630 ratio:0.9999860264937679 min:1e-06 max:0.071563 topAvr:False topRatio:True
##cs lists: LOOP   135 1   0.0000000 avr: 0.0357755 sum: 0.0715510 ratio:0.9999860241502683 min:1e-06 max:0.071551 topAvr:False topRatio:True
##cs lists: LOOP   136 1   0.0000000 avr: 0.0334575 sum: 0.0669150 ratio:0.9999850558909676 min:1e-06 max:0.066915 topAvr:False topRatio:True
##cs lists: LOOP   137 1   0.0000000 avr: 0.0000010 sum: 0.0000020 ratio:0.6666666666666666 min:1e-06 max:2e-06 topAvr:False topRatio:False
##cs lists: LOOP   138 1   0.0000000 avr: 0.0000010 sum: 0.0000020 ratio:0.6666666666666666 min:1e-06 max:2e-06 topAvr:False topRatio:False
##cs lists: FUNCTION 139 1   0.0000000 avr: 0.7156080 sum: 1.4312160 ratio:0.9999993012939338 min:1e-06 max:1.431216 topAvr:True topRatio:True
##cs lists: LOOP   140 1   0.0000000 avr: 0.1440215 sum: 0.2880430 ratio:0.9999965283081752 min:1e-06 max:0.288043 topAvr:False topRatio:True
##cs lists: LOOP   141 1   0.0000000 avr: 0.1440035 sum: 0.2880070 ratio:0.9999965278742258 min:1e-06 max:0.288007 topAvr:False topRatio:True
##cs lists: LOOP   142 1   0.0000000 avr: 0.1395205 sum: 0.2790410 ratio:0.9999964163100894 min:1e-06 max:0.279041 topAvr:False topRatio:True
##cs lists: FUNCTION 143 1   0.0000000 avr: 0.1440250 sum: 0.2880500 ratio:0.9999965283925416 min:1e-06 max:0.28805 topAvr:False topRatio:True
##cs lists: LOOP   144 1   0.0000000 avr: 1.6004830 sum: 3.2009660 ratio:0.9999996875944052 min:1e-06 max:3.200966 topAvr:True topRatio:True
##cs lists: LOOP   145 1   0.0000000 avr: 1.6004000 sum: 3.2008000 ratio:0.999999687578203 min:1e-06 max:3.2008 topAvr:True topRatio:True
##cs lists: LOOP   146 1   0.0000000 avr: 0.9662470 sum: 1.9324940 ratio:0.9999994825342369 min:1e-06 max:1.932494 topAvr:True topRatio:True
##cs lists: LOOP   147 1   0.0000000 avr: 0.6034545 sum: 1.2069090 ratio:0.999999171437804 min:1e-06 max:1.206909 topAvr:True topRatio:True
##cs lists: FUNCTION 148 1   0.0000000 avr: 1.6168555 sum: 3.2337110 ratio:0.9999996907578658 min:1e-06 max:3.233711 topAvr:True topRatio:True
##cs lists: LOOP   149 1   0.0000000 avr: 0.1452690 sum: 0.2905380 ratio:0.9999965581212849 min:1e-06 max:0.290538 topAvr:False topRatio:True
##cs lists: LOOP   150 1   0.0000000 avr: 0.2517375 sum: 0.5034750 ratio:0.9999980138080068 min:1e-06 max:0.503475 topAvr:True topRatio:True
##cs lists: FUNCTION 151 1   0.0000000 avr: 1.8662790 sum: 3.7325580 ratio:0.9999997320872892 min:1e-06 max:3.732558 topAvr:True topRatio:True
##cs lists: LOOP   152 1   0.0000000 avr: 0.0000035 sum: 0.0000070 ratio:0.875 min:1e-06 max:7e-06 topAvr:False topRatio:False
##cs lists: FUNCTION 153 1   0.0000000 avr: 0.0000040 sum: 0.0000080 ratio:0.8888888888888888 min:1e-06 max:8e-06 topAvr:False topRatio:False
##cs lists: LOOP   154 1   0.0000000 avr: 0.0000005 sum: 0.0000010 ratio:0.5 min:1e-06 max:1e-06 topAvr:False topRatio:False
##cs lists: FUNCTION 156 1   0.0000000 avr: 0.0000390 sum: 0.0000780 ratio:0.9873417721518988 min:1e-06 max:7.8e-05 topAvr:False topRatio:True
##cs lists: LOOP   157 1   0.0000000 avr: 0.0185960 sum: 0.0371920 ratio:0.9999731132202296 min:1e-06 max:0.037192 topAvr:False topRatio:True
##cs lists: LOOP   158 1   0.0000000 avr: 0.0184490 sum: 0.0368980 ratio:0.9999728989945526 min:1e-06 max:0.036898 topAvr:False topRatio:True
##cs lists: LOOP   159 1   0.0000000 avr: 0.0053645 sum: 0.0107290 ratio:0.9999068033550792 min:1e-06 max:0.010729 topAvr:False topRatio:True
##cs lists: LOOP   160 1   0.0000000 avr: 0.0052275 sum: 0.0104550 ratio:0.9999043611323642 min:1e-06 max:0.010455 topAvr:False topRatio:True
##cs lists: LOOP   161 1   0.0000000 avr: 0.0044910 sum: 0.0089820 ratio:0.999888678615162 min:1e-06 max:0.008982 topAvr:False topRatio:True
##cs lists: LOOP   162 1   0.0000000 avr: 0.0043330 sum: 0.0086660 ratio:0.9998846198223146 min:1e-06 max:0.008666 topAvr:False topRatio:True
##cs lists: FUNCTION 163 1   0.0000000 avr: 0.0284615 sum: 0.0569230 ratio:0.9999824327173071 min:1e-06 max:0.056923 topAvr:False topRatio:True
##cs lists: LOOP   169 1   0.0000000 avr: 0.1435985 sum: 0.2871970 ratio:0.9999965180816023 min:1e-06 max:0.287197 topAvr:False topRatio:True
##cs lists: LOOP   170 1   0.0000000 avr: 0.1435680 sum: 0.2871360 ratio:0.9999965173418961 min:1e-06 max:0.287136 topAvr:False topRatio:True
##cs lists: LOOP   171 1   0.0000000 avr: 0.0713985 sum: 0.1427970 ratio:0.9999929971007997 min:1e-06 max:0.142797 topAvr:False topRatio:True
##cs lists: LOOP   172 1   0.0000000 avr: 0.0684455 sum: 0.1368910 ratio:0.9999926949712182 min:1e-06 max:0.136891 topAvr:False topRatio:True
##cs lists: FUNCTION 173 1   0.0000000 avr: 0.1452655 sum: 0.2905310 ratio:0.9999965580383572 min:1e-06 max:0.290531 topAvr:False topRatio:True
##cs lists: LOOP   174 1   0.0000000 avr: 0.7757515 sum: 1.5515030 ratio:0.9999993554641173 min:1e-06 max:1.551503 topAvr:True topRatio:True
##cs lists: LOOP   175 1   0.0000000 avr: 0.7757120 sum: 1.5514240 ratio:0.9999993554312969 min:1e-06 max:1.551424 topAvr:True topRatio:True
##cs lists: LOOP   176 1   0.0000000 avr: 0.4330575 sum: 0.8661150 ratio:0.9999988454202439 min:1e-06 max:0.866115 topAvr:True topRatio:True
##cs lists: LOOP   177 1   0.0000000 avr: 0.3277185 sum: 0.6554370 ratio:0.9999984743026801 min:1e-06 max:0.655437 topAvr:True topRatio:True
##cs lists: FUNCTION 178 1   0.0000000 avr: 0.7835725 sum: 1.5671450 ratio:0.9999993618973599 min:1e-06 max:1.567145 topAvr:True topRatio:True
##cs lists: LOOP   179 1   0.0000000 avr: 0.1893845 sum: 0.3787690 ratio:0.9999973598753861 min:1e-06 max:0.378769 topAvr:True topRatio:True
##cs lists: LOOP   180 1   0.0000000 avr: 0.1893590 sum: 0.3787180 ratio:0.9999973595198552 min:1e-06 max:0.378718 topAvr:True topRatio:True
##cs lists: LOOP   181 1   0.0000000 avr: 0.0440195 sum: 0.0880390 ratio:0.9999886415265788 min:1e-06 max:0.088039 topAvr:False topRatio:True
##cs lists: LOOP   182 1   0.0000000 avr: 0.0371160 sum: 0.0742320 ratio:0.9999865289022404 min:1e-06 max:0.074232 topAvr:False topRatio:True
##cs lists: LOOP   183 1   0.0000000 avr: 0.0331080 sum: 0.0662160 ratio:0.9999848981379403 min:1e-06 max:0.066216 topAvr:False topRatio:True
##cs lists: LOOP   184 1   0.0000000 avr: 0.0324915 sum: 0.0649830 ratio:0.9999846115967006 min:1e-06 max:0.064983 topAvr:False topRatio:True
##cs lists: LOOP   185 1   0.0000000 avr: 0.0331035 sum: 0.0662070 ratio:0.9999848960850652 min:1e-06 max:0.066207 topAvr:False topRatio:True
##cs lists: FUNCTION 200 1   0.0000000 avr: 0.1893915 sum: 0.3787830 ratio:0.9999973599729661 min:1e-06 max:0.378783 topAvr:True topRatio:True
139
0.927380246026261
Output results ... Done
cd $(basename /home/lukas/git/benchmark_harness/auto_tuner_benchmarks/NPB/MG)_orig && make clean
make[1]: Verzeichnis „/home/lukas/git/benchmark_harness/auto_tuner_benchmarks/NPB/MG/MG_orig“ wird betreten
rm -f core 
rm -f *~ */core */*~ */*.o */npbparams.hpp */*.obj */*.exe
rm -f sys/setparams sys/makesuite sys/setparams.hpp
make[1]: Verzeichnis „/home/lukas/git/benchmark_harness/auto_tuner_benchmarks/NPB/MG/MG_orig“ wird verlassen
cd $(basename /home/lukas/git/benchmark_harness/auto_tuner_benchmarks/NPB/MG)_orig && DOT_DISCOPOP=$(pwd)/bin/.discopop CXX=discopop_cxx CC=discopop_cc make $(echo $(basename /home/lukas/git/benchmark_harness/auto_tuner_benchmarks/NPB/MG) | tr '[:upper:]' '[:lower:]') CLASS=S
make[1]: Verzeichnis „/home/lukas/git/benchmark_harness/auto_tuner_benchmarks/NPB/MG/MG_orig“ wird betreten
   ===========================================
   =      NAS PARALLEL BENCHMARKS 4.1        =
   =      Serial Versions                    =
   =      C++                                =
   ===========================================

cd MG; make CLASS=S
make[2]: Verzeichnis „/home/lukas/git/benchmark_harness/auto_tuner_benchmarks/NPB/MG/MG_orig/MG“ wird betreten
make[3]: Verzeichnis „/home/lukas/git/benchmark_harness/auto_tuner_benchmarks/NPB/MG/MG_orig/sys“ wird betreten
clang++ -g -fno-discard-value-names -o setparams setparams.cpp
make[3]: Verzeichnis „/home/lukas/git/benchmark_harness/auto_tuner_benchmarks/NPB/MG/MG_orig/sys“ wird verlassen
../sys/setparams mg S
discopop_cc  -c -I../common  -O3 -mcmodel=medium -fopenmp mg.cpp
clang-11: warning: -Xlinker -L/home/lukas/git/discopop/build/rtlib: 'linker' input unused [-Wunused-command-line-argument]
clang-11: warning: -Xlinker -lDiscoPoP_RT: 'linker' input unused [-Wunused-command-line-argument]
clang-11: warning: -Xlinker -lpthread: 'linker' input unused [-Wunused-command-line-argument]
clang-11: warning: -Xlinker -v: 'linker' input unused [-Wunused-command-line-argument]
clang-11: warning: -Xlinker -lstdc++: 'linker' input unused [-Wunused-command-line-argument]

WARNING: No value for DP_PROJECT_ROOT_DIR found. 
         As a result, library functions might be instrumented which can lead to
         increased profiling times and unexpected behavior.
         Please consider to specify the environment variable and rebuild.
         https://discopop-project.github.io/discopop/setup/environment_variables/

cd ../common; discopop_cc  -c -I../common  -O3 -mcmodel=medium -fopenmp c_print_results.cpp
clang-11: warning: -Xlinker -L/home/lukas/git/discopop/build/rtlib: 'linker' input unused [-Wunused-command-line-argument]
clang-11: warning: -Xlinker -lDiscoPoP_RT: 'linker' input unused [-Wunused-command-line-argument]
clang-11: warning: -Xlinker -lpthread: 'linker' input unused [-Wunused-command-line-argument]
clang-11: warning: -Xlinker -v: 'linker' input unused [-Wunused-command-line-argument]
clang-11: warning: -Xlinker -lstdc++: 'linker' input unused [-Wunused-command-line-argument]

WARNING: No value for DP_PROJECT_ROOT_DIR found. 
         As a result, library functions might be instrumented which can lead to
         increased profiling times and unexpected behavior.
         Please consider to specify the environment variable and rebuild.
         https://discopop-project.github.io/discopop/setup/environment_variables/

Warning : Could not find a main function
cd ../common; discopop_cc  -c -I../common  -O3 -mcmodel=medium -fopenmp c_randdp.cpp
clang-11: warning: -Xlinker -L/home/lukas/git/discopop/build/rtlib: 'linker' input unused [-Wunused-command-line-argument]
clang-11: warning: -Xlinker -lDiscoPoP_RT: 'linker' input unused [-Wunused-command-line-argument]
clang-11: warning: -Xlinker -lpthread: 'linker' input unused [-Wunused-command-line-argument]
clang-11: warning: -Xlinker -v: 'linker' input unused [-Wunused-command-line-argument]
clang-11: warning: -Xlinker -lstdc++: 'linker' input unused [-Wunused-command-line-argument]

WARNING: No value for DP_PROJECT_ROOT_DIR found. 
         As a result, library functions might be instrumented which can lead to
         increased profiling times and unexpected behavior.
         Please consider to specify the environment variable and rebuild.
         https://discopop-project.github.io/discopop/setup/environment_variables/

Warning : Could not find a main function
cd ../common; discopop_cc  -c -I../common  -O3 -mcmodel=medium -fopenmp c_timers.cpp
clang-11: warning: -Xlinker -L/home/lukas/git/discopop/build/rtlib: 'linker' input unused [-Wunused-command-line-argument]
clang-11: warning: -Xlinker -lDiscoPoP_RT: 'linker' input unused [-Wunused-command-line-argument]
clang-11: warning: -Xlinker -lpthread: 'linker' input unused [-Wunused-command-line-argument]
clang-11: warning: -Xlinker -v: 'linker' input unused [-Wunused-command-line-argument]
clang-11: warning: -Xlinker -lstdc++: 'linker' input unused [-Wunused-command-line-argument]

WARNING: No value for DP_PROJECT_ROOT_DIR found. 
         As a result, library functions might be instrumented which can lead to
         increased profiling times and unexpected behavior.
         Please consider to specify the environment variable and rebuild.
         https://discopop-project.github.io/discopop/setup/environment_variables/

Warning : Could not find a main function
cd ../common; discopop_cc  -c -I../common  -O3 -mcmodel=medium -fopenmp -o c_wtime.o ../common/wtime.cpp
clang-11: warning: -Xlinker -L/home/lukas/git/discopop/build/rtlib: 'linker' input unused [-Wunused-command-line-argument]
clang-11: warning: -Xlinker -lDiscoPoP_RT: 'linker' input unused [-Wunused-command-line-argument]
clang-11: warning: -Xlinker -lpthread: 'linker' input unused [-Wunused-command-line-argument]
clang-11: warning: -Xlinker -v: 'linker' input unused [-Wunused-command-line-argument]
clang-11: warning: -Xlinker -lstdc++: 'linker' input unused [-Wunused-command-line-argument]

WARNING: No value for DP_PROJECT_ROOT_DIR found. 
         As a result, library functions might be instrumented which can lead to
         increased profiling times and unexpected behavior.
         Please consider to specify the environment variable and rebuild.
         https://discopop-project.github.io/discopop/setup/environment_variables/

Warning : Could not find a main function
discopop_cc -O3 -mcmodel=medium -fopenmp -o ../bin/mg.S mg.o ../common/c_print_results.o ../common/c_randdp.o ../common/c_timers.o ../common/c_wtime.o -lm 
GNU ld (GNU Binutils for Ubuntu) 2.42
make[2]: Verzeichnis „/home/lukas/git/benchmark_harness/auto_tuner_benchmarks/NPB/MG/MG_orig/MG“ wird verlassen
make[1]: Verzeichnis „/home/lukas/git/benchmark_harness/auto_tuner_benchmarks/NPB/MG/MG_orig“ wird verlassen
cd $(basename /home/lukas/git/benchmark_harness/auto_tuner_benchmarks/NPB/MG)_orig/bin && ./$(echo $(basename /home/lukas/git/benchmark_harness/auto_tuner_benchmarks/NPB/MG) | tr '[:upper:]' '[:lower:]').S
 No input file. Using compiled defaults


 NAS Parallel Benchmarks 4.1 Serial C++ version - MG Benchmark

 Size:  32x 32x 32 (class_npb S)
 Iterations:   4
 Initialization time:           0.896 seconds
  iter   1
  iter   4
 Benchmark completed
 VERIFICATION SUCCESSFUL
 L2 Norm is  5.3077070057349e-05
 Error is    1.6596889470214e-13


 MG Benchmark Completed
 class_npb       =                        S
 Size            =             32x  32x  32
 Iterations      =                        4
 Time in seconds =                     2.20
 Mop/s total     =                     3.46
 Operation type  =           floating point
 Verification    =               SUCCESSFUL
 Version         =                      4.1
 Compiler ver    =                   18.1.3
 Compile date    =              09 Jan 2025

 Compile options:
    CC           = (none)
    CLINK        = $(CC)
    C_LIB        = -lm 
    C_INC        = -I../common 
    CFLAGS       = -O3 -mcmodel=medium -fopenmp
    CLINKFLAGS   = -O3 -mcmodel=medium -fopenmp
    RAND         = randdp


----------------------------------------------------------------------
    NPB-CPP is developed by: 
        Dalvan Griebler
        Gabriell Araujo (Sequential Porting)
        Júnior Löff (Parallel Implementation)

    In case of questions or problems, please send an e-mail to us:
        dalvan.griebler; gabriell.araujo; junior.loff@edu.pucrs.br
----------------------------------------------------------------------

Outputting dependency metadata... Outputting instrumentation results... done
cd $(basename /home/lukas/git/benchmark_harness/auto_tuner_benchmarks/NPB/MG)_orig/bin/.discopop && discopop_preprocessor --log info
2025-01-09 16:38:06,520 - GlobalLogger - INFO - Logger configured
[DP][GlobalLogger] INFO: Logger configured
[DP][Preprocessor] INFO: Started DiscoPoP Preprocessor...
[DP][Preprocessor] INFO: Creating copy of raw data.
[DP][Preprocessor] INFO: 	Done.
[DP][Preprocessor.Demangle] INFO: Demangling value and function names
[DP][Preprocessor.Demangle.reduction.txt] INFO: Starting..
[DP][Preprocessor.Demangle.reduction.txt] INFO: Progress: 0.0%
[DP][Preprocessor.Demangle.reduction.txt] INFO: Done.
cp -r $(basename /home/lukas/git/benchmark_harness/auto_tuner_benchmarks/NPB/MG)_orig $(basename /home/lukas/git/benchmark_harness/auto_tuner_benchmarks/NPB/MG)_orig_with_metadata
sed -i "s/\/$(basename /home/lukas/git/benchmark_harness/auto_tuner_benchmarks/NPB/MG)_orig\//\/$(basename /home/lukas/git/benchmark_harness/auto_tuner_benchmarks/NPB/MG)_orig_with_metadata\//g" $(basename /home/lukas/git/benchmark_harness/auto_tuner_benchmarks/NPB/MG)_orig_with_metadata/bin/.discopop/FileMapping.txt
cp -r $(basename /home/lukas/git/benchmark_harness/auto_tuner_benchmarks/NPB/MG)_orig $(basename /home/lukas/git/benchmark_harness/auto_tuner_benchmarks/NPB/MG)_orig_without_metadata
sed -i "s/\/$(basename /home/lukas/git/benchmark_harness/auto_tuner_benchmarks/NPB/MG)_orig\//\/$(basename /home/lukas/git/benchmark_harness/auto_tuner_benchmarks/NPB/MG)_orig_without_metadata\//g" $(basename /home/lukas/git/benchmark_harness/auto_tuner_benchmarks/NPB/MG)_orig_without_metadata/bin/.discopop/FileMapping.txt
cd $(basename /home/lukas/git/benchmark_harness/auto_tuner_benchmarks/NPB/MG)_orig_with_metadata/bin/.discopop && discopop_explorer --enable-patterns doall,reduction --enable-statistics
Loading Hotspots...
Done.
	Creating graph...
	Added nodes...
	Added edges...
	Added loop data...
	Calculated positions...
	Added dependencies...
PET CREATION FINISHED.
	Mapping static to dynamic dependencies...
		Identifying mappings between static and dynamic memory regions... Done.
		Instantiating static dependencies... Done.
Calculating local metadata results for functions...
  0%|          | 0/14 [00:00<?, ?it/s] 57%|█████▋    | 8/14 [00:00<00:00, 69.59it/s]100%|██████████| 14/14 [00:00<00:00, 64.99it/s]
Calculating global result...
	Metadata calculation done.
Cleaning duplicated dependencies II...
Cleaning dependencies II done.
Calculating loop metadata
Calculating loop indices
	Done.
Calculating loop metadata done.
REDUCTIONS...
  0%|          | 0/43 [00:00<?, ?it/s] 28%|██▊       | 12/43 [00:00<00:00, 119.08it/s] 58%|█████▊    | 25/43 [00:00<00:00, 114.87it/s] 86%|████████▌ | 37/43 [00:00<00:00, 113.89it/s]100%|██████████| 43/43 [00:01<00:00, 34.56it/s] 
GLOBAL RES:  []
	DONE.
DOALL...
ASDF:  []
Nodes:  ['1:144', '1:178', '1:183', '1:188', '1:189', '1:296', '1:306', '1:399', '1:203', '1:1041', '1:1042', '1:1046', '1:1052', '1:1053', '1:1074', '1:1123', '1:1124', '1:1125', '1:1170', '1:1172', '1:1185', '1:1195', '1:1196', '1:1197', '1:1223', '1:1254', '1:1255', '1:1256', '1:1261', '1:1264', '1:756', '1:757', '1:758', '1:909', '1:910', '1:911', '1:917', '1:685', '1:699', '1:786', '1:423', '1:445', '1:485', '1:486', '1:492', '1:493', '1:499', '1:500', '1:1102', '1:1103', '1:1104', '1:993', '1:995', '1:997', '1:1004', '1:823', '1:824', '1:825', '1:831', '1:545', '1:546', '1:547', '1:552', '1:558', '1:564', '1:570', '1:600', '1:601', '1:602', '1:607', '1:613', '1:614', '1:619', '1:627', '1:628', '1:629', '1:634', '1:641', '1:642', '1:648', '3:155']
pre: 81
post: 81
  0%|          | 0/43 [00:00<?, ?it/s] 16%|█▋        | 7/43 [00:00<00:00, 63.22it/s] 33%|███▎      | 14/43 [00:00<00:00, 58.78it/s] 53%|█████▎    | 23/43 [00:00<00:00, 71.41it/s] 72%|███████▏  | 31/43 [00:00<00:00, 60.64it/s] 88%|████████▊ | 38/43 [00:00<00:00, 33.42it/s]100%|██████████| 43/43 [00:02<00:00, 10.93it/s]100%|██████████| 43/43 [00:02<00:00, 18.99it/s]
GLOBAL RES:  ['1:1172', '1:997', '1:825', '1:486', '1:1124', '1:547', '1:500', '1:552', '1:1170', '1:564', '1:485', '1:558', '1:570', '1:1255', '1:1004', '1:493', '1:1123', '1:831', '1:499', '1:1256', '1:492', '1:1125', '1:911', '3:155', '1:917', '1:1254', '1:824', '1:823', '1:995', '1:910', '1:909', '1:993', '1:545', '1:546']
	DONE.
Time taken for pattern detection: 4.9980103969573975
cd $(basename /home/lukas/git/benchmark_harness/auto_tuner_benchmarks/NPB/MG)_orig_without_metadata/bin/.discopop && rm -f profiler/dependency_metadata.txt
cd $(basename /home/lukas/git/benchmark_harness/auto_tuner_benchmarks/NPB/MG)_orig_without_metadata/bin/.discopop && discopop_explorer --enable-patterns doall,reduction --enable-statistics
Loading Hotspots...
Done.
	Creating graph...
	Added nodes...
	Added edges...
	Added loop data...
	Calculated positions...
	Added dependencies...
PET CREATION FINISHED.
	Mapping static to dynamic dependencies...
		Identifying mappings between static and dynamic memory regions... Done.
		Instantiating static dependencies... Done.
Calculating local metadata results for functions...
  0%|          | 0/14 [00:00<?, ?it/s] 71%|███████▏  | 10/14 [00:00<00:00, 98.96it/s]100%|██████████| 14/14 [00:00<00:00, 128.31it/s]
Calculating global result...
	Metadata calculation done.
Cleaning duplicated dependencies II...
Cleaning dependencies II done.
Calculating loop metadata
Calculating loop indices
	Done.
Calculating loop metadata done.
REDUCTIONS...
  0%|          | 0/43 [00:00<?, ?it/s] 44%|████▍     | 19/43 [00:00<00:00, 186.57it/s] 95%|█████████▌| 41/43 [00:00<00:00, 129.05it/s]100%|██████████| 43/43 [00:00<00:00, 58.58it/s] 
GLOBAL RES:  []
	DONE.
DOALL...
ASDF:  []
Nodes:  ['1:144', '1:178', '1:183', '1:188', '1:189', '1:296', '1:306', '1:399', '1:203', '1:1041', '1:1042', '1:1046', '1:1052', '1:1053', '1:1074', '1:1123', '1:1124', '1:1125', '1:1170', '1:1172', '1:1185', '1:1195', '1:1196', '1:1197', '1:1223', '1:1254', '1:1255', '1:1256', '1:1261', '1:1264', '1:756', '1:757', '1:758', '1:909', '1:910', '1:911', '1:917', '1:685', '1:699', '1:786', '1:423', '1:445', '1:485', '1:486', '1:492', '1:493', '1:499', '1:500', '1:1102', '1:1103', '1:1104', '1:993', '1:995', '1:997', '1:1004', '1:823', '1:824', '1:825', '1:831', '1:545', '1:546', '1:547', '1:552', '1:558', '1:564', '1:570', '1:600', '1:601', '1:602', '1:607', '1:613', '1:614', '1:619', '1:627', '1:628', '1:629', '1:634', '1:641', '1:642', '1:648', '3:155']
pre: 81
post: 81
  0%|          | 0/43 [00:00<?, ?it/s] 26%|██▌       | 11/43 [00:00<00:00, 109.50it/s] 67%|██████▋   | 29/43 [00:00<00:00, 146.55it/s]100%|██████████| 43/43 [00:00<00:00, 49.51it/s] 
GLOBAL RES:  ['1:493', '1:486', '1:500', '1:1172', '1:492', '1:1256', '1:1123', '1:485', '1:1255', '1:911', '1:825', '1:1125', '1:499', '1:1124', '1:1254']
	DONE.
Time taken for pattern detection: 2.7347304821014404
cd $(basename /home/lukas/git/benchmark_harness/auto_tuner_benchmarks/NPB/MG)_orig_with_metadata && cp DP_COMPILE_$(basename /home/lukas/git/benchmark_harness/auto_tuner_benchmarks/NPB/MG).sh DP_COMPILE.sh
cd $(basename /home/lukas/git/benchmark_harness/auto_tuner_benchmarks/NPB/MG)_orig_with_metadata && cp DP_EXECUTE_$(basename /home/lukas/git/benchmark_harness/auto_tuner_benchmarks/NPB/MG).sh DP_EXECUTE.sh
cd $(basename /home/lukas/git/benchmark_harness/auto_tuner_benchmarks/NPB/MG)_orig_with_metadata && cp DP_COMPILE_SANITIZE_$(basename /home/lukas/git/benchmark_harness/auto_tuner_benchmarks/NPB/MG).sh DP_COMPILE_SANITIZE.sh
cd $(basename /home/lukas/git/benchmark_harness/auto_tuner_benchmarks/NPB/MG)_orig_with_metadata && cp DP_EXECUTE_SANITIZE_$(basename /home/lukas/git/benchmark_harness/auto_tuner_benchmarks/NPB/MG).sh DP_EXECUTE_SANITIZE.sh
cd $(basename /home/lukas/git/benchmark_harness/auto_tuner_benchmarks/NPB/MG)_orig_with_metadata && cp DP_VALIDATE_$(basename /home/lukas/git/benchmark_harness/auto_tuner_benchmarks/NPB/MG).sh DP_VALIDATE.sh
cd $(basename /home/lukas/git/benchmark_harness/auto_tuner_benchmarks/NPB/MG)_orig_with_metadata && echo "$(pwd)"
/home/lukas/git/benchmark_harness/auto_tuner_benchmarks/NPB/MG/MG_orig_with_metadata
cd $(basename /home/lukas/git/benchmark_harness/auto_tuner_benchmarks/NPB/MG)_orig_with_metadata && discopop_sanity_checker --log info --project-path $(pwd) --dot-dp-path $(pwd)/bin/.discopop
2025-01-09 16:38:22,056 - GlobalLogger - INFO - Logger configured
[DP][GlobalLogger] INFO: Logger configured
[DP][SanityChecker] INFO: Starting.
[DP][CodeConfiguration] INFO: Compiling configuration: /home/lukas/git/benchmark_harness/auto_tuner_benchmarks/NPB/MG/MG_orig_with_metadata
[DP][CodeConfiguration] INFO: Checking thread sanity: /home/lukas/git/benchmark_harness/auto_tuner_benchmarks/NPB/MG/MG_orig_with_metadata
[DP][HotspotLoader] INFO: Loaded hotspots:
{<HotspotType.NO: 0>: [(1, 144, <HotspotNodeType.LOOP: 1>, '', 1e-06), (1, 296, <HotspotNodeType.LOOP: 1>, '', 1e-06), (1, 1041, <HotspotNodeType.LOOP: 1>, '', 1e-06), (1, 1052, <HotspotNodeType.LOOP: 1>, '', 1e-06), (1, 1053, <HotspotNodeType.LOOP: 1>, '', 1e-06), (1, 1185, <HotspotNodeType.LOOP: 1>, '', 1e-06), (1, 1223, <HotspotNodeType.LOOP: 1>, '', 5e-07), (1, 1261, <HotspotNodeType.LOOP: 1>, '', 5e-07), (1, 786, <HotspotNodeType.LOOP: 1>, '', 5e-06), (1, 423, <HotspotNodeType.LOOP: 1>, '', 1e-06), (1, 144, <HotspotNodeType.LOOP: 1>, '', 1.5e-06), (1, 1041, <HotspotNodeType.LOOP: 1>, '', 5e-07), (1, 1052, <HotspotNodeType.LOOP: 1>, '', 1.5e-06), (1, 1053, <HotspotNodeType.LOOP: 1>, '', 1e-06), (1, 1074, <HotspotNodeType.LOOP: 1>, '', 5e-07), (1, 1223, <HotspotNodeType.LOOP: 1>, '', 5e-07), (1, 1261, <HotspotNodeType.LOOP: 1>, '', 1e-06), (1, 1264, <HotspotNodeType.LOOP: 1>, '', 1e-06), (1, 786, <HotspotNodeType.LOOP: 1>, '', 3.5e-06), (1, 423, <HotspotNodeType.LOOP: 1>, '', 5e-07)], <HotspotType.MAYBE: 2>: [(1, 306, <HotspotNodeType.LOOP: 1>, '', 0.008466), (1, 1123, <HotspotNodeType.LOOP: 1>, '', 0.001749), (1, 1124, <HotspotNodeType.LOOP: 1>, '', 0.0017385), (1, 1125, <HotspotNodeType.LOOP: 1>, '', 0.001415), (1, 1170, <HotspotNodeType.LOOP: 1>, '', 0.00363), (1, 1172, <HotspotNodeType.LOOP: 1>, '', 0.0036185), (1, 1195, <HotspotNodeType.LOOP: 1>, '', 0.000547), (1, 1196, <HotspotNodeType.LOOP: 1>, '', 0.000543), (1, 1197, <HotspotNodeType.LOOP: 1>, '', 0.0004355), (1, 1254, <HotspotNodeType.LOOP: 1>, '', 0.000413), (1, 1255, <HotspotNodeType.LOOP: 1>, '', 0.000409), (1, 1256, <HotspotNodeType.LOOP: 1>, '', 0.0002985), (1, 756, <HotspotNodeType.LOOP: 1>, '', 0.0010455), (1, 757, <HotspotNodeType.LOOP: 1>, '', 0.0010405), (1, 758, <HotspotNodeType.LOOP: 1>, '', 0.0008495), (1, 909, <HotspotNodeType.LOOP: 1>, '', 0.007966), (1, 910, <HotspotNodeType.LOOP: 1>, '', 0.0079445), (1, 911, <HotspotNodeType.LOOP: 1>, '', 0.0042705), (1, 917, <HotspotNodeType.LOOP: 1>, '', 0.002753), (1, 685, <HotspotNodeType.LOOP: 1>, '', 0.0008575), (1, 699, <HotspotNodeType.LOOP: 1>, '', 0.0020205), (1, 485, <HotspotNodeType.LOOP: 1>, '', 0.000186), (1, 486, <HotspotNodeType.LOOP: 1>, '', 0.000141), (1, 492, <HotspotNodeType.LOOP: 1>, '', 0.000204), (1, 493, <HotspotNodeType.LOOP: 1>, '', 0.0001595), (1, 499, <HotspotNodeType.LOOP: 1>, '', 0.00024), (1, 500, <HotspotNodeType.LOOP: 1>, '', 0.000196), (1, 993, <HotspotNodeType.LOOP: 1>, '', 0.0007745), (1, 995, <HotspotNodeType.LOOP: 1>, '', 0.0007715), (1, 997, <HotspotNodeType.LOOP: 1>, '', 0.0003095), (1, 1004, <HotspotNodeType.LOOP: 1>, '', 0.0003395), (1, 823, <HotspotNodeType.LOOP: 1>, '', 0.0036315), (1, 824, <HotspotNodeType.LOOP: 1>, '', 0.00362), (1, 825, <HotspotNodeType.LOOP: 1>, '', 0.001795), (1, 831, <HotspotNodeType.LOOP: 1>, '', 0.001363), (1, 545, <HotspotNodeType.LOOP: 1>, '', 0.0014195), (1, 546, <HotspotNodeType.LOOP: 1>, '', 0.001415), (1, 547, <HotspotNodeType.LOOP: 1>, '', 0.000283), (1, 552, <HotspotNodeType.LOOP: 1>, '', 0.000207), (1, 558, <HotspotNodeType.LOOP: 1>, '', 0.000199), (1, 564, <HotspotNodeType.LOOP: 1>, '', 0.000195), (1, 570, <HotspotNodeType.LOOP: 1>, '', 0.000201), (1, 1195, <HotspotNodeType.LOOP: 1>, '', 0.0484235), (1, 1196, <HotspotNodeType.LOOP: 1>, '', 0.0484185), (1, 1197, <HotspotNodeType.LOOP: 1>, '', 0.046179), (1, 1254, <HotspotNodeType.LOOP: 1>, '', 0.0357815), (1, 1255, <HotspotNodeType.LOOP: 1>, '', 0.0357755), (1, 1256, <HotspotNodeType.LOOP: 1>, '', 0.0334575), (1, 756, <HotspotNodeType.LOOP: 1>, '', 0.1440215), (1, 757, <HotspotNodeType.LOOP: 1>, '', 0.1440035), (1, 758, <HotspotNodeType.LOOP: 1>, '', 0.1395205), (1, 685, <HotspotNodeType.LOOP: 1>, '', 0.145269), (1, 485, <HotspotNodeType.LOOP: 1>, '', 0.018596), (1, 486, <HotspotNodeType.LOOP: 1>, '', 0.018449), (1, 492, <HotspotNodeType.LOOP: 1>, '', 0.0053645), (1, 493, <HotspotNodeType.LOOP: 1>, '', 0.0052275), (1, 499, <HotspotNodeType.LOOP: 1>, '', 0.004491), (1, 500, <HotspotNodeType.LOOP: 1>, '', 0.004333), (1, 993, <HotspotNodeType.LOOP: 1>, '', 0.1435985), (1, 995, <HotspotNodeType.LOOP: 1>, '', 0.143568), (1, 997, <HotspotNodeType.LOOP: 1>, '', 0.0713985), (1, 1004, <HotspotNodeType.LOOP: 1>, '', 0.0684455), (1, 547, <HotspotNodeType.LOOP: 1>, '', 0.0440195), (1, 552, <HotspotNodeType.LOOP: 1>, '', 0.037116), (1, 558, <HotspotNodeType.LOOP: 1>, '', 0.033108), (1, 564, <HotspotNodeType.LOOP: 1>, '', 0.0324915), (1, 570, <HotspotNodeType.LOOP: 1>, '', 0.0331035)], <HotspotType.YES: 1>: [(3, 155, <HotspotNodeType.LOOP: 1>, '', 0.527919), (1, 306, <HotspotNodeType.LOOP: 1>, '', 1.981995), (1, 1123, <HotspotNodeType.LOOP: 1>, '', 0.2117435), (1, 1124, <HotspotNodeType.LOOP: 1>, '', 0.211696), (1, 1125, <HotspotNodeType.LOOP: 1>, '', 0.205265), (1, 1170, <HotspotNodeType.LOOP: 1>, '', 0.538306), (1, 1172, <HotspotNodeType.LOOP: 1>, '', 0.538275), (1, 909, <HotspotNodeType.LOOP: 1>, '', 1.600483), (1, 910, <HotspotNodeType.LOOP: 1>, '', 1.6004), (1, 911, <HotspotNodeType.LOOP: 1>, '', 0.966247), (1, 917, <HotspotNodeType.LOOP: 1>, '', 0.6034545), (1, 699, <HotspotNodeType.LOOP: 1>, '', 0.2517375), (1, 823, <HotspotNodeType.LOOP: 1>, '', 0.7757515), (1, 824, <HotspotNodeType.LOOP: 1>, '', 0.775712), (1, 825, <HotspotNodeType.LOOP: 1>, '', 0.4330575), (1, 831, <HotspotNodeType.LOOP: 1>, '', 0.3277185), (1, 545, <HotspotNodeType.LOOP: 1>, '', 0.1893845), (1, 546, <HotspotNodeType.LOOP: 1>, '', 0.189359)]}
[DP][CodeConfiguration] INFO: Compiling configuration: /home/lukas/git/benchmark_harness/auto_tuner_benchmarks/NPB/MG/MG_orig_with_metadata_dpsanitize_1
[DP][CodeConfiguration] INFO: Checking thread sanity: /home/lukas/git/benchmark_harness/auto_tuner_benchmarks/NPB/MG/MG_orig_with_metadata_dpsanitize_1
[DP][CodeConfiguration] INFO: Data races found. Checking result validity: /home/lukas/git/benchmark_harness/auto_tuner_benchmarks/NPB/MG/MG_orig_with_metadata_dpsanitize_1
[DP][CodeConfiguration] INFO: Compiling configuration: /home/lukas/git/benchmark_harness/auto_tuner_benchmarks/NPB/MG/MG_orig_with_metadata_dpsanitize_2
[DP][CodeConfiguration] INFO: Checking thread sanity: /home/lukas/git/benchmark_harness/auto_tuner_benchmarks/NPB/MG/MG_orig_with_metadata_dpsanitize_2
[DP][CodeConfiguration] INFO: Compiling configuration: /home/lukas/git/benchmark_harness/auto_tuner_benchmarks/NPB/MG/MG_orig_with_metadata_dpsanitize_3
[DP][CodeConfiguration] INFO: Checking thread sanity: /home/lukas/git/benchmark_harness/auto_tuner_benchmarks/NPB/MG/MG_orig_with_metadata_dpsanitize_3
[DP][CodeConfiguration] INFO: Compiling configuration: /home/lukas/git/benchmark_harness/auto_tuner_benchmarks/NPB/MG/MG_orig_with_metadata_dpsanitize_4
[DP][CodeConfiguration] INFO: Checking thread sanity: /home/lukas/git/benchmark_harness/auto_tuner_benchmarks/NPB/MG/MG_orig_with_metadata_dpsanitize_4
[DP][CodeConfiguration] INFO: Compiling configuration: /home/lukas/git/benchmark_harness/auto_tuner_benchmarks/NPB/MG/MG_orig_with_metadata_dpsanitize_5
[DP][CodeConfiguration] INFO: Checking thread sanity: /home/lukas/git/benchmark_harness/auto_tuner_benchmarks/NPB/MG/MG_orig_with_metadata_dpsanitize_5
[DP][CodeConfiguration] INFO: Compiling configuration: /home/lukas/git/benchmark_harness/auto_tuner_benchmarks/NPB/MG/MG_orig_with_metadata_dpsanitize_6
[DP][CodeConfiguration] INFO: Checking thread sanity: /home/lukas/git/benchmark_harness/auto_tuner_benchmarks/NPB/MG/MG_orig_with_metadata_dpsanitize_6
[DP][CodeConfiguration] INFO: Compiling configuration: /home/lukas/git/benchmark_harness/auto_tuner_benchmarks/NPB/MG/MG_orig_with_metadata_dpsanitize_7
[DP][CodeConfiguration] INFO: Checking thread sanity: /home/lukas/git/benchmark_harness/auto_tuner_benchmarks/NPB/MG/MG_orig_with_metadata_dpsanitize_7
[DP][CodeConfiguration] INFO: Compiling configuration: /home/lukas/git/benchmark_harness/auto_tuner_benchmarks/NPB/MG/MG_orig_with_metadata_dpsanitize_8
[DP][CodeConfiguration] INFO: Checking thread sanity: /home/lukas/git/benchmark_harness/auto_tuner_benchmarks/NPB/MG/MG_orig_with_metadata_dpsanitize_8
[DP][CodeConfiguration] INFO: Compiling configuration: /home/lukas/git/benchmark_harness/auto_tuner_benchmarks/NPB/MG/MG_orig_with_metadata_dpsanitize_9
[DP][CodeConfiguration] INFO: Checking thread sanity: /home/lukas/git/benchmark_harness/auto_tuner_benchmarks/NPB/MG/MG_orig_with_metadata_dpsanitize_9
[DP][CodeConfiguration] INFO: Compiling configuration: /home/lukas/git/benchmark_harness/auto_tuner_benchmarks/NPB/MG/MG_orig_with_metadata_dpsanitize_10
[DP][CodeConfiguration] INFO: Checking thread sanity: /home/lukas/git/benchmark_harness/auto_tuner_benchmarks/NPB/MG/MG_orig_with_metadata_dpsanitize_10
[DP][CodeConfiguration] INFO: Compiling configuration: /home/lukas/git/benchmark_harness/auto_tuner_benchmarks/NPB/MG/MG_orig_with_metadata_dpsanitize_11
[DP][CodeConfiguration] INFO: Checking thread sanity: /home/lukas/git/benchmark_harness/auto_tuner_benchmarks/NPB/MG/MG_orig_with_metadata_dpsanitize_11
[DP][CodeConfiguration] INFO: Compiling configuration: /home/lukas/git/benchmark_harness/auto_tuner_benchmarks/NPB/MG/MG_orig_with_metadata_dpsanitize_12
[DP][CodeConfiguration] INFO: Checking thread sanity: /home/lukas/git/benchmark_harness/auto_tuner_benchmarks/NPB/MG/MG_orig_with_metadata_dpsanitize_12
[DP][CodeConfiguration] INFO: Compiling configuration: /home/lukas/git/benchmark_harness/auto_tuner_benchmarks/NPB/MG/MG_orig_with_metadata_dpsanitize_13
[DP][CodeConfiguration] INFO: Checking thread sanity: /home/lukas/git/benchmark_harness/auto_tuner_benchmarks/NPB/MG/MG_orig_with_metadata_dpsanitize_13
[DP][CodeConfiguration] INFO: Compiling configuration: /home/lukas/git/benchmark_harness/auto_tuner_benchmarks/NPB/MG/MG_orig_with_metadata_dpsanitize_14
[DP][CodeConfiguration] INFO: Checking thread sanity: /home/lukas/git/benchmark_harness/auto_tuner_benchmarks/NPB/MG/MG_orig_with_metadata_dpsanitize_14
[DP][CodeConfiguration] INFO: Compiling configuration: /home/lukas/git/benchmark_harness/auto_tuner_benchmarks/NPB/MG/MG_orig_with_metadata_dpsanitize_15
[DP][CodeConfiguration] INFO: Checking thread sanity: /home/lukas/git/benchmark_harness/auto_tuner_benchmarks/NPB/MG/MG_orig_with_metadata_dpsanitize_15
[DP][CodeConfiguration] INFO: Compiling configuration: /home/lukas/git/benchmark_harness/auto_tuner_benchmarks/NPB/MG/MG_orig_with_metadata_dpsanitize_16
[DP][CodeConfiguration] INFO: Checking thread sanity: /home/lukas/git/benchmark_harness/auto_tuner_benchmarks/NPB/MG/MG_orig_with_metadata_dpsanitize_16
[DP][SanityChecker] INFO: Configuration results:
[applied suggestions]	[return code]	[thread sanitizer]	[validation]	[path]
[0]	66	False	True	/home/lukas/git/benchmark_harness/auto_tuner_benchmarks/NPB/MG/MG_orig_with_metadata_dpsanitize_1
[]	0	True	None	/home/lukas/git/benchmark_harness/auto_tuner_benchmarks/NPB/MG/MG_orig_with_metadata
[2]	0	True	None	/home/lukas/git/benchmark_harness/auto_tuner_benchmarks/NPB/MG/MG_orig_with_metadata_dpsanitize_2
[4]	0	True	None	/home/lukas/git/benchmark_harness/auto_tuner_benchmarks/NPB/MG/MG_orig_with_metadata_dpsanitize_3
[9]	0	True	None	/home/lukas/git/benchmark_harness/auto_tuner_benchmarks/NPB/MG/MG_orig_with_metadata_dpsanitize_4
[16]	0	True	None	/home/lukas/git/benchmark_harness/auto_tuner_benchmarks/NPB/MG/MG_orig_with_metadata_dpsanitize_5
[18]	0	True	None	/home/lukas/git/benchmark_harness/auto_tuner_benchmarks/NPB/MG/MG_orig_with_metadata_dpsanitize_6
[21]	0	True	None	/home/lukas/git/benchmark_harness/auto_tuner_benchmarks/NPB/MG/MG_orig_with_metadata_dpsanitize_7
[22]	0	True	None	/home/lukas/git/benchmark_harness/auto_tuner_benchmarks/NPB/MG/MG_orig_with_metadata_dpsanitize_8
[24]	0	True	None	/home/lukas/git/benchmark_harness/auto_tuner_benchmarks/NPB/MG/MG_orig_with_metadata_dpsanitize_9
[23]	0	True	None	/home/lukas/git/benchmark_harness/auto_tuner_benchmarks/NPB/MG/MG_orig_with_metadata_dpsanitize_10
[26]	0	True	None	/home/lukas/git/benchmark_harness/auto_tuner_benchmarks/NPB/MG/MG_orig_with_metadata_dpsanitize_11
[27]	0	True	None	/home/lukas/git/benchmark_harness/auto_tuner_benchmarks/NPB/MG/MG_orig_with_metadata_dpsanitize_12
[29]	0	True	None	/home/lukas/git/benchmark_harness/auto_tuner_benchmarks/NPB/MG/MG_orig_with_metadata_dpsanitize_13
[30]	0	True	None	/home/lukas/git/benchmark_harness/auto_tuner_benchmarks/NPB/MG/MG_orig_with_metadata_dpsanitize_14
[32]	0	True	None	/home/lukas/git/benchmark_harness/auto_tuner_benchmarks/NPB/MG/MG_orig_with_metadata_dpsanitize_15
[33]	0	True	None	/home/lukas/git/benchmark_harness/auto_tuner_benchmarks/NPB/MG/MG_orig_with_metadata_dpsanitize_16

cd $(basename /home/lukas/git/benchmark_harness/auto_tuner_benchmarks/NPB/MG)_orig_without_metadata && cp DP_COMPILE_$(basename /home/lukas/git/benchmark_harness/auto_tuner_benchmarks/NPB/MG).sh DP_COMPILE.sh
cd $(basename /home/lukas/git/benchmark_harness/auto_tuner_benchmarks/NPB/MG)_orig_without_metadata && cp DP_EXECUTE_$(basename /home/lukas/git/benchmark_harness/auto_tuner_benchmarks/NPB/MG).sh DP_EXECUTE.sh
cd $(basename /home/lukas/git/benchmark_harness/auto_tuner_benchmarks/NPB/MG)_orig_without_metadata && cp DP_COMPILE_SANITIZE_$(basename /home/lukas/git/benchmark_harness/auto_tuner_benchmarks/NPB/MG).sh DP_COMPILE_SANITIZE.sh
cd $(basename /home/lukas/git/benchmark_harness/auto_tuner_benchmarks/NPB/MG)_orig_without_metadata && cp DP_EXECUTE_SANITIZE_$(basename /home/lukas/git/benchmark_harness/auto_tuner_benchmarks/NPB/MG).sh DP_EXECUTE_SANITIZE.sh
cd $(basename /home/lukas/git/benchmark_harness/auto_tuner_benchmarks/NPB/MG)_orig_without_metadata && cp DP_VALIDATE_$(basename /home/lukas/git/benchmark_harness/auto_tuner_benchmarks/NPB/MG).sh DP_VALIDATE.sh
cd $(basename /home/lukas/git/benchmark_harness/auto_tuner_benchmarks/NPB/MG)_orig_without_metadata && echo "$(pwd)"
/home/lukas/git/benchmark_harness/auto_tuner_benchmarks/NPB/MG/MG_orig_without_metadata
cd $(basename /home/lukas/git/benchmark_harness/auto_tuner_benchmarks/NPB/MG)_orig_without_metadata && discopop_sanity_checker --log info --project-path $(pwd) --dot-dp-path $(pwd)/bin/.discopop
2025-01-09 16:38:57,708 - GlobalLogger - INFO - Logger configured
[DP][GlobalLogger] INFO: Logger configured
[DP][SanityChecker] INFO: Starting.
[DP][CodeConfiguration] INFO: Compiling configuration: /home/lukas/git/benchmark_harness/auto_tuner_benchmarks/NPB/MG/MG_orig_without_metadata
[DP][CodeConfiguration] INFO: Checking thread sanity: /home/lukas/git/benchmark_harness/auto_tuner_benchmarks/NPB/MG/MG_orig_without_metadata
[DP][HotspotLoader] INFO: Loaded hotspots:
{<HotspotType.NO: 0>: [(1, 144, <HotspotNodeType.LOOP: 1>, '', 1e-06), (1, 296, <HotspotNodeType.LOOP: 1>, '', 1e-06), (1, 1041, <HotspotNodeType.LOOP: 1>, '', 1e-06), (1, 1052, <HotspotNodeType.LOOP: 1>, '', 1e-06), (1, 1053, <HotspotNodeType.LOOP: 1>, '', 1e-06), (1, 1185, <HotspotNodeType.LOOP: 1>, '', 1e-06), (1, 1223, <HotspotNodeType.LOOP: 1>, '', 5e-07), (1, 1261, <HotspotNodeType.LOOP: 1>, '', 5e-07), (1, 786, <HotspotNodeType.LOOP: 1>, '', 5e-06), (1, 423, <HotspotNodeType.LOOP: 1>, '', 1e-06), (1, 144, <HotspotNodeType.LOOP: 1>, '', 1.5e-06), (1, 1041, <HotspotNodeType.LOOP: 1>, '', 5e-07), (1, 1052, <HotspotNodeType.LOOP: 1>, '', 1.5e-06), (1, 1053, <HotspotNodeType.LOOP: 1>, '', 1e-06), (1, 1074, <HotspotNodeType.LOOP: 1>, '', 5e-07), (1, 1223, <HotspotNodeType.LOOP: 1>, '', 5e-07), (1, 1261, <HotspotNodeType.LOOP: 1>, '', 1e-06), (1, 1264, <HotspotNodeType.LOOP: 1>, '', 1e-06), (1, 786, <HotspotNodeType.LOOP: 1>, '', 3.5e-06), (1, 423, <HotspotNodeType.LOOP: 1>, '', 5e-07)], <HotspotType.MAYBE: 2>: [(1, 306, <HotspotNodeType.LOOP: 1>, '', 0.008466), (1, 1123, <HotspotNodeType.LOOP: 1>, '', 0.001749), (1, 1124, <HotspotNodeType.LOOP: 1>, '', 0.0017385), (1, 1125, <HotspotNodeType.LOOP: 1>, '', 0.001415), (1, 1170, <HotspotNodeType.LOOP: 1>, '', 0.00363), (1, 1172, <HotspotNodeType.LOOP: 1>, '', 0.0036185), (1, 1195, <HotspotNodeType.LOOP: 1>, '', 0.000547), (1, 1196, <HotspotNodeType.LOOP: 1>, '', 0.000543), (1, 1197, <HotspotNodeType.LOOP: 1>, '', 0.0004355), (1, 1254, <HotspotNodeType.LOOP: 1>, '', 0.000413), (1, 1255, <HotspotNodeType.LOOP: 1>, '', 0.000409), (1, 1256, <HotspotNodeType.LOOP: 1>, '', 0.0002985), (1, 756, <HotspotNodeType.LOOP: 1>, '', 0.0010455), (1, 757, <HotspotNodeType.LOOP: 1>, '', 0.0010405), (1, 758, <HotspotNodeType.LOOP: 1>, '', 0.0008495), (1, 909, <HotspotNodeType.LOOP: 1>, '', 0.007966), (1, 910, <HotspotNodeType.LOOP: 1>, '', 0.0079445), (1, 911, <HotspotNodeType.LOOP: 1>, '', 0.0042705), (1, 917, <HotspotNodeType.LOOP: 1>, '', 0.002753), (1, 685, <HotspotNodeType.LOOP: 1>, '', 0.0008575), (1, 699, <HotspotNodeType.LOOP: 1>, '', 0.0020205), (1, 485, <HotspotNodeType.LOOP: 1>, '', 0.000186), (1, 486, <HotspotNodeType.LOOP: 1>, '', 0.000141), (1, 492, <HotspotNodeType.LOOP: 1>, '', 0.000204), (1, 493, <HotspotNodeType.LOOP: 1>, '', 0.0001595), (1, 499, <HotspotNodeType.LOOP: 1>, '', 0.00024), (1, 500, <HotspotNodeType.LOOP: 1>, '', 0.000196), (1, 993, <HotspotNodeType.LOOP: 1>, '', 0.0007745), (1, 995, <HotspotNodeType.LOOP: 1>, '', 0.0007715), (1, 997, <HotspotNodeType.LOOP: 1>, '', 0.0003095), (1, 1004, <HotspotNodeType.LOOP: 1>, '', 0.0003395), (1, 823, <HotspotNodeType.LOOP: 1>, '', 0.0036315), (1, 824, <HotspotNodeType.LOOP: 1>, '', 0.00362), (1, 825, <HotspotNodeType.LOOP: 1>, '', 0.001795), (1, 831, <HotspotNodeType.LOOP: 1>, '', 0.001363), (1, 545, <HotspotNodeType.LOOP: 1>, '', 0.0014195), (1, 546, <HotspotNodeType.LOOP: 1>, '', 0.001415), (1, 547, <HotspotNodeType.LOOP: 1>, '', 0.000283), (1, 552, <HotspotNodeType.LOOP: 1>, '', 0.000207), (1, 558, <HotspotNodeType.LOOP: 1>, '', 0.000199), (1, 564, <HotspotNodeType.LOOP: 1>, '', 0.000195), (1, 570, <HotspotNodeType.LOOP: 1>, '', 0.000201), (1, 1195, <HotspotNodeType.LOOP: 1>, '', 0.0484235), (1, 1196, <HotspotNodeType.LOOP: 1>, '', 0.0484185), (1, 1197, <HotspotNodeType.LOOP: 1>, '', 0.046179), (1, 1254, <HotspotNodeType.LOOP: 1>, '', 0.0357815), (1, 1255, <HotspotNodeType.LOOP: 1>, '', 0.0357755), (1, 1256, <HotspotNodeType.LOOP: 1>, '', 0.0334575), (1, 756, <HotspotNodeType.LOOP: 1>, '', 0.1440215), (1, 757, <HotspotNodeType.LOOP: 1>, '', 0.1440035), (1, 758, <HotspotNodeType.LOOP: 1>, '', 0.1395205), (1, 685, <HotspotNodeType.LOOP: 1>, '', 0.145269), (1, 485, <HotspotNodeType.LOOP: 1>, '', 0.018596), (1, 486, <HotspotNodeType.LOOP: 1>, '', 0.018449), (1, 492, <HotspotNodeType.LOOP: 1>, '', 0.0053645), (1, 493, <HotspotNodeType.LOOP: 1>, '', 0.0052275), (1, 499, <HotspotNodeType.LOOP: 1>, '', 0.004491), (1, 500, <HotspotNodeType.LOOP: 1>, '', 0.004333), (1, 993, <HotspotNodeType.LOOP: 1>, '', 0.1435985), (1, 995, <HotspotNodeType.LOOP: 1>, '', 0.143568), (1, 997, <HotspotNodeType.LOOP: 1>, '', 0.0713985), (1, 1004, <HotspotNodeType.LOOP: 1>, '', 0.0684455), (1, 547, <HotspotNodeType.LOOP: 1>, '', 0.0440195), (1, 552, <HotspotNodeType.LOOP: 1>, '', 0.037116), (1, 558, <HotspotNodeType.LOOP: 1>, '', 0.033108), (1, 564, <HotspotNodeType.LOOP: 1>, '', 0.0324915), (1, 570, <HotspotNodeType.LOOP: 1>, '', 0.0331035)], <HotspotType.YES: 1>: [(3, 155, <HotspotNodeType.LOOP: 1>, '', 0.527919), (1, 306, <HotspotNodeType.LOOP: 1>, '', 1.981995), (1, 1123, <HotspotNodeType.LOOP: 1>, '', 0.2117435), (1, 1124, <HotspotNodeType.LOOP: 1>, '', 0.211696), (1, 1125, <HotspotNodeType.LOOP: 1>, '', 0.205265), (1, 1170, <HotspotNodeType.LOOP: 1>, '', 0.538306), (1, 1172, <HotspotNodeType.LOOP: 1>, '', 0.538275), (1, 909, <HotspotNodeType.LOOP: 1>, '', 1.600483), (1, 910, <HotspotNodeType.LOOP: 1>, '', 1.6004), (1, 911, <HotspotNodeType.LOOP: 1>, '', 0.966247), (1, 917, <HotspotNodeType.LOOP: 1>, '', 0.6034545), (1, 699, <HotspotNodeType.LOOP: 1>, '', 0.2517375), (1, 823, <HotspotNodeType.LOOP: 1>, '', 0.7757515), (1, 824, <HotspotNodeType.LOOP: 1>, '', 0.775712), (1, 825, <HotspotNodeType.LOOP: 1>, '', 0.4330575), (1, 831, <HotspotNodeType.LOOP: 1>, '', 0.3277185), (1, 545, <HotspotNodeType.LOOP: 1>, '', 0.1893845), (1, 546, <HotspotNodeType.LOOP: 1>, '', 0.189359)]}
[DP][CodeConfiguration] INFO: Compiling configuration: /home/lukas/git/benchmark_harness/auto_tuner_benchmarks/NPB/MG/MG_orig_without_metadata_dpsanitize_1
[DP][CodeConfiguration] INFO: Checking thread sanity: /home/lukas/git/benchmark_harness/auto_tuner_benchmarks/NPB/MG/MG_orig_without_metadata_dpsanitize_1
[DP][CodeConfiguration] INFO: Data races found. Checking result validity: /home/lukas/git/benchmark_harness/auto_tuner_benchmarks/NPB/MG/MG_orig_without_metadata_dpsanitize_1
[DP][CodeConfiguration] INFO: Compiling configuration: /home/lukas/git/benchmark_harness/auto_tuner_benchmarks/NPB/MG/MG_orig_without_metadata_dpsanitize_2
[DP][CodeConfiguration] INFO: Checking thread sanity: /home/lukas/git/benchmark_harness/auto_tuner_benchmarks/NPB/MG/MG_orig_without_metadata_dpsanitize_2
[DP][CodeConfiguration] INFO: Compiling configuration: /home/lukas/git/benchmark_harness/auto_tuner_benchmarks/NPB/MG/MG_orig_without_metadata_dpsanitize_3
[DP][CodeConfiguration] INFO: Checking thread sanity: /home/lukas/git/benchmark_harness/auto_tuner_benchmarks/NPB/MG/MG_orig_without_metadata_dpsanitize_3
[DP][CodeConfiguration] INFO: Compiling configuration: /home/lukas/git/benchmark_harness/auto_tuner_benchmarks/NPB/MG/MG_orig_without_metadata_dpsanitize_4
[DP][CodeConfiguration] INFO: Checking thread sanity: /home/lukas/git/benchmark_harness/auto_tuner_benchmarks/NPB/MG/MG_orig_without_metadata_dpsanitize_4
[DP][CodeConfiguration] INFO: Compiling configuration: /home/lukas/git/benchmark_harness/auto_tuner_benchmarks/NPB/MG/MG_orig_without_metadata_dpsanitize_5
[DP][CodeConfiguration] INFO: Checking thread sanity: /home/lukas/git/benchmark_harness/auto_tuner_benchmarks/NPB/MG/MG_orig_without_metadata_dpsanitize_5
[DP][CodeConfiguration] INFO: Compiling configuration: /home/lukas/git/benchmark_harness/auto_tuner_benchmarks/NPB/MG/MG_orig_without_metadata_dpsanitize_6
[DP][CodeConfiguration] INFO: Checking thread sanity: /home/lukas/git/benchmark_harness/auto_tuner_benchmarks/NPB/MG/MG_orig_without_metadata_dpsanitize_6
[DP][SanityChecker] INFO: Configuration results:
[applied suggestions]	[return code]	[thread sanitizer]	[validation]	[path]
[3]	66	False	True	/home/lukas/git/benchmark_harness/auto_tuner_benchmarks/NPB/MG/MG_orig_without_metadata_dpsanitize_1
[]	0	True	None	/home/lukas/git/benchmark_harness/auto_tuner_benchmarks/NPB/MG/MG_orig_without_metadata
[7]	0	True	None	/home/lukas/git/benchmark_harness/auto_tuner_benchmarks/NPB/MG/MG_orig_without_metadata_dpsanitize_2
[10]	0	True	None	/home/lukas/git/benchmark_harness/auto_tuner_benchmarks/NPB/MG/MG_orig_without_metadata_dpsanitize_3
[11]	0	True	None	/home/lukas/git/benchmark_harness/auto_tuner_benchmarks/NPB/MG/MG_orig_without_metadata_dpsanitize_4
[13]	0	True	None	/home/lukas/git/benchmark_harness/auto_tuner_benchmarks/NPB/MG/MG_orig_without_metadata_dpsanitize_5
[14]	0	True	None	/home/lukas/git/benchmark_harness/auto_tuner_benchmarks/NPB/MG/MG_orig_without_metadata_dpsanitize_6

cd $(basename /home/lukas/git/benchmark_harness/auto_tuner_benchmarks/NPB/MG)_orig_with_metadata && cp DP_COMPILE_$(basename /home/lukas/git/benchmark_harness/auto_tuner_benchmarks/NPB/MG).sh DP_COMPILE.sh
cd $(basename /home/lukas/git/benchmark_harness/auto_tuner_benchmarks/NPB/MG)_orig_with_metadata && cp DP_COMPILE_HOTSPOT_$(basename /home/lukas/git/benchmark_harness/auto_tuner_benchmarks/NPB/MG).sh DP_COMPILE_HOTSPOT.sh
cd $(basename /home/lukas/git/benchmark_harness/auto_tuner_benchmarks/NPB/MG)_orig_with_metadata && cp DP_EXECUTE_$(basename /home/lukas/git/benchmark_harness/auto_tuner_benchmarks/NPB/MG).sh DP_EXECUTE.sh
cd $(basename /home/lukas/git/benchmark_harness/auto_tuner_benchmarks/NPB/MG)_orig_with_metadata && cp DP_EXECUTE_HOTSPOT_$(basename /home/lukas/git/benchmark_harness/auto_tuner_benchmarks/NPB/MG).sh DP_EXECUTE_HOTSPOT.sh
cd $(basename /home/lukas/git/benchmark_harness/auto_tuner_benchmarks/NPB/MG)_orig_with_metadata && echo "$(pwd)"
/home/lukas/git/benchmark_harness/auto_tuner_benchmarks/NPB/MG/MG_orig_with_metadata
cd $(basename /home/lukas/git/benchmark_harness/auto_tuner_benchmarks/NPB/MG)_orig_with_metadata && discopop_auto_tuner --log debug --project-path $(pwd) --dot-dp-path $(pwd)/bin/.discopop
2025-01-09 16:39:15,269 - GlobalLogger - INFO - Logger configured
[DP][GlobalLogger] INFO: Logger configured
[DP][AutotunerArguments] DEBUG: Arguments:
[DP][AutotunerArguments] DEBUG: -- log_level: DEBUG
[DP][AutotunerArguments] DEBUG: -- write_log: False
[DP][AutotunerArguments] DEBUG: -- project_path: /home/lukas/git/benchmark_harness/auto_tuner_benchmarks/NPB/MG/MG_orig_with_metadata
[DP][AutotunerArguments] DEBUG: -- dot_dp_path: /home/lukas/git/benchmark_harness/auto_tuner_benchmarks/NPB/MG/MG_orig_with_metadata/bin/.discopop
[DP][AutotunerArguments] DEBUG: -- skip_cleanup: False
[DP][AutotunerArguments] DEBUG: -- sanitize: False
[DP][Autotuner] INFO: Starting discopop autotuner.
[DP][CodeConfiguration] DEBUG: Created configuration: /home/lukas/git/benchmark_harness/auto_tuner_benchmarks/NPB/MG/MG_orig_with_metadata
[DP][CodeConfiguration] DEBUG: Compiling configuration: /home/lukas/git/benchmark_harness/auto_tuner_benchmarks/NPB/MG/MG_orig_with_metadata
[DP][CodeConfiguration.compilationOutput] DEBUG: make[1]: Verzeichnis „/home/lukas/git/benchmark_harness/auto_tuner_benchmarks/NPB/MG/MG_orig_with_metadata“ wird betreten
rm -f core 
rm -f *~ */core */*~ */*.o */npbparams.hpp */*.obj */*.exe
rm -f sys/setparams sys/makesuite sys/setparams.hpp
make[1]: Verzeichnis „/home/lukas/git/benchmark_harness/auto_tuner_benchmarks/NPB/MG/MG_orig_with_metadata“ wird verlassen
make[1]: Verzeichnis „/home/lukas/git/benchmark_harness/auto_tuner_benchmarks/NPB/MG/MG_orig_with_metadata“ wird betreten
   ===========================================
   =      NAS PARALLEL BENCHMARKS 4.1        =
   =      Serial Versions                    =
   =      C++                                =
   ===========================================

cd MG; make CLASS=A
make[2]: Verzeichnis „/home/lukas/git/benchmark_harness/auto_tuner_benchmarks/NPB/MG/MG_orig_with_metadata/MG“ wird betreten
make[3]: Verzeichnis „/home/lukas/git/benchmark_harness/auto_tuner_benchmarks/NPB/MG/MG_orig_with_metadata/sys“ wird betreten
clang++ -g -fno-discard-value-names -o setparams setparams.cpp
make[3]: Verzeichnis „/home/lukas/git/benchmark_harness/auto_tuner_benchmarks/NPB/MG/MG_orig_with_metadata/sys“ wird verlassen
../sys/setparams mg A
clang++  -c -I../common  -O3 -mcmodel=medium -fopenmp mg.cpp
cd ../common; clang++  -c -I../common  -O3 -mcmodel=medium -fopenmp c_print_results.cpp
cd ../common; clang++  -c -I../common  -O3 -mcmodel=medium -fopenmp c_randdp.cpp
cd ../common; clang++  -c -I../common  -O3 -mcmodel=medium -fopenmp c_timers.cpp
cd ../common; clang++  -c -I../common  -O3 -mcmodel=medium -fopenmp -o c_wtime.o ../common/wtime.cpp
clang++ -O3 -mcmodel=medium -fopenmp -o ../bin/mg.A mg.o ../common/c_print_results.o ../common/c_randdp.o ../common/c_timers.o ../common/c_wtime.o -lm 
make[2]: Verzeichnis „/home/lukas/git/benchmark_harness/auto_tuner_benchmarks/NPB/MG/MG_orig_with_metadata/MG“ wird verlassen
make[1]: Verzeichnis „/home/lukas/git/benchmark_harness/auto_tuner_benchmarks/NPB/MG/MG_orig_with_metadata“ wird verlassen

[DP][CodeConfiguration] DEBUG: Executing configuration: /home/lukas/git/benchmark_harness/auto_tuner_benchmarks/NPB/MG/MG_orig_with_metadata with source 
[DP][CodeConfiguration.executionOutput] DEBUG:  Verification    =               SUCCESSFUL

[DP][CodeConfiguration.executionError] DEBUG: 
[DP][CodeConfiguration] DEBUG: Checking result validity: /home/lukas/git/benchmark_harness/auto_tuner_benchmarks/NPB/MG/MG_orig_with_metadata
[DP][CodeConfiguration.validationOutput] DEBUG: make[1]: Verzeichnis „/home/lukas/git/benchmark_harness/auto_tuner_benchmarks/NPB/MG/MG_orig_with_metadata“ wird betreten
rm -f core 
rm -f *~ */core */*~ */*.o */npbparams.hpp */*.obj */*.exe
rm -f sys/setparams sys/makesuite sys/setparams.hpp
make[1]: Verzeichnis „/home/lukas/git/benchmark_harness/auto_tuner_benchmarks/NPB/MG/MG_orig_with_metadata“ wird verlassen
make[1]: Verzeichnis „/home/lukas/git/benchmark_harness/auto_tuner_benchmarks/NPB/MG/MG_orig_with_metadata“ wird betreten
   ===========================================
   =      NAS PARALLEL BENCHMARKS 4.1        =
   =      Serial Versions                    =
   =      C++                                =
   ===========================================

cd MG; make CLASS=A
make[2]: Verzeichnis „/home/lukas/git/benchmark_harness/auto_tuner_benchmarks/NPB/MG/MG_orig_with_metadata/MG“ wird betreten
make[3]: Verzeichnis „/home/lukas/git/benchmark_harness/auto_tuner_benchmarks/NPB/MG/MG_orig_with_metadata/sys“ wird betreten
clang++ -g -fno-discard-value-names -o setparams setparams.cpp
make[3]: Verzeichnis „/home/lukas/git/benchmark_harness/auto_tuner_benchmarks/NPB/MG/MG_orig_with_metadata/sys“ wird verlassen
../sys/setparams mg A
clang++  -c -I../common  -O3 -mcmodel=medium -fopenmp mg.cpp
cd ../common; clang++  -c -I../common  -O3 -mcmodel=medium -fopenmp c_print_results.cpp
cd ../common; clang++  -c -I../common  -O3 -mcmodel=medium -fopenmp c_randdp.cpp
cd ../common; clang++  -c -I../common  -O3 -mcmodel=medium -fopenmp c_timers.cpp
cd ../common; clang++  -c -I../common  -O3 -mcmodel=medium -fopenmp -o c_wtime.o ../common/wtime.cpp
clang++ -O3 -mcmodel=medium -fopenmp -o ../bin/mg.A mg.o ../common/c_print_results.o ../common/c_randdp.o ../common/c_timers.o ../common/c_wtime.o -lm 
make[2]: Verzeichnis „/home/lukas/git/benchmark_harness/auto_tuner_benchmarks/NPB/MG/MG_orig_with_metadata/MG“ wird verlassen
make[1]: Verzeichnis „/home/lukas/git/benchmark_harness/auto_tuner_benchmarks/NPB/MG/MG_orig_with_metadata“ wird verlassen
 Verification    =               SUCCESSFUL

[DP][CodeConfiguration.validationError] DEBUG: 
[DP][CodeConfiguration.validationResult] DEBUG: Returncode: 0
[DP][CodeConfiguration] DEBUG: Execution took 2.43 s
[DP][CodeConfiguration] DEBUG: Execution return code: 0
[DP][CodeConfiguration] DEBUG: Execution result valid: True
[DP][CodeConfiguration] DEBUG: ThreadSanitizer valid: True
[DP][HotspotLoader] INFO: Loaded hotspots:
{<HotspotType.NO: 0>: [(1, 144, <HotspotNodeType.LOOP: 1>, '', 1e-06), (1, 296, <HotspotNodeType.LOOP: 1>, '', 1e-06), (1, 1041, <HotspotNodeType.LOOP: 1>, '', 1e-06), (1, 1052, <HotspotNodeType.LOOP: 1>, '', 1e-06), (1, 1053, <HotspotNodeType.LOOP: 1>, '', 1e-06), (1, 1185, <HotspotNodeType.LOOP: 1>, '', 1e-06), (1, 1223, <HotspotNodeType.LOOP: 1>, '', 5e-07), (1, 1261, <HotspotNodeType.LOOP: 1>, '', 5e-07), (1, 786, <HotspotNodeType.LOOP: 1>, '', 5e-06), (1, 423, <HotspotNodeType.LOOP: 1>, '', 1e-06), (1, 144, <HotspotNodeType.LOOP: 1>, '', 1.5e-06), (1, 1041, <HotspotNodeType.LOOP: 1>, '', 5e-07), (1, 1052, <HotspotNodeType.LOOP: 1>, '', 1.5e-06), (1, 1053, <HotspotNodeType.LOOP: 1>, '', 1e-06), (1, 1074, <HotspotNodeType.LOOP: 1>, '', 5e-07), (1, 1223, <HotspotNodeType.LOOP: 1>, '', 5e-07), (1, 1261, <HotspotNodeType.LOOP: 1>, '', 1e-06), (1, 1264, <HotspotNodeType.LOOP: 1>, '', 1e-06), (1, 786, <HotspotNodeType.LOOP: 1>, '', 3.5e-06), (1, 423, <HotspotNodeType.LOOP: 1>, '', 5e-07)], <HotspotType.MAYBE: 2>: [(1, 306, <HotspotNodeType.LOOP: 1>, '', 0.008466), (1, 1123, <HotspotNodeType.LOOP: 1>, '', 0.001749), (1, 1124, <HotspotNodeType.LOOP: 1>, '', 0.0017385), (1, 1125, <HotspotNodeType.LOOP: 1>, '', 0.001415), (1, 1170, <HotspotNodeType.LOOP: 1>, '', 0.00363), (1, 1172, <HotspotNodeType.LOOP: 1>, '', 0.0036185), (1, 1195, <HotspotNodeType.LOOP: 1>, '', 0.000547), (1, 1196, <HotspotNodeType.LOOP: 1>, '', 0.000543), (1, 1197, <HotspotNodeType.LOOP: 1>, '', 0.0004355), (1, 1254, <HotspotNodeType.LOOP: 1>, '', 0.000413), (1, 1255, <HotspotNodeType.LOOP: 1>, '', 0.000409), (1, 1256, <HotspotNodeType.LOOP: 1>, '', 0.0002985), (1, 756, <HotspotNodeType.LOOP: 1>, '', 0.0010455), (1, 757, <HotspotNodeType.LOOP: 1>, '', 0.0010405), (1, 758, <HotspotNodeType.LOOP: 1>, '', 0.0008495), (1, 909, <HotspotNodeType.LOOP: 1>, '', 0.007966), (1, 910, <HotspotNodeType.LOOP: 1>, '', 0.0079445), (1, 911, <HotspotNodeType.LOOP: 1>, '', 0.0042705), (1, 917, <HotspotNodeType.LOOP: 1>, '', 0.002753), (1, 685, <HotspotNodeType.LOOP: 1>, '', 0.0008575), (1, 699, <HotspotNodeType.LOOP: 1>, '', 0.0020205), (1, 485, <HotspotNodeType.LOOP: 1>, '', 0.000186), (1, 486, <HotspotNodeType.LOOP: 1>, '', 0.000141), (1, 492, <HotspotNodeType.LOOP: 1>, '', 0.000204), (1, 493, <HotspotNodeType.LOOP: 1>, '', 0.0001595), (1, 499, <HotspotNodeType.LOOP: 1>, '', 0.00024), (1, 500, <HotspotNodeType.LOOP: 1>, '', 0.000196), (1, 993, <HotspotNodeType.LOOP: 1>, '', 0.0007745), (1, 995, <HotspotNodeType.LOOP: 1>, '', 0.0007715), (1, 997, <HotspotNodeType.LOOP: 1>, '', 0.0003095), (1, 1004, <HotspotNodeType.LOOP: 1>, '', 0.0003395), (1, 823, <HotspotNodeType.LOOP: 1>, '', 0.0036315), (1, 824, <HotspotNodeType.LOOP: 1>, '', 0.00362), (1, 825, <HotspotNodeType.LOOP: 1>, '', 0.001795), (1, 831, <HotspotNodeType.LOOP: 1>, '', 0.001363), (1, 545, <HotspotNodeType.LOOP: 1>, '', 0.0014195), (1, 546, <HotspotNodeType.LOOP: 1>, '', 0.001415), (1, 547, <HotspotNodeType.LOOP: 1>, '', 0.000283), (1, 552, <HotspotNodeType.LOOP: 1>, '', 0.000207), (1, 558, <HotspotNodeType.LOOP: 1>, '', 0.000199), (1, 564, <HotspotNodeType.LOOP: 1>, '', 0.000195), (1, 570, <HotspotNodeType.LOOP: 1>, '', 0.000201), (1, 1195, <HotspotNodeType.LOOP: 1>, '', 0.0484235), (1, 1196, <HotspotNodeType.LOOP: 1>, '', 0.0484185), (1, 1197, <HotspotNodeType.LOOP: 1>, '', 0.046179), (1, 1254, <HotspotNodeType.LOOP: 1>, '', 0.0357815), (1, 1255, <HotspotNodeType.LOOP: 1>, '', 0.0357755), (1, 1256, <HotspotNodeType.LOOP: 1>, '', 0.0334575), (1, 756, <HotspotNodeType.LOOP: 1>, '', 0.1440215), (1, 757, <HotspotNodeType.LOOP: 1>, '', 0.1440035), (1, 758, <HotspotNodeType.LOOP: 1>, '', 0.1395205), (1, 685, <HotspotNodeType.LOOP: 1>, '', 0.145269), (1, 485, <HotspotNodeType.LOOP: 1>, '', 0.018596), (1, 486, <HotspotNodeType.LOOP: 1>, '', 0.018449), (1, 492, <HotspotNodeType.LOOP: 1>, '', 0.0053645), (1, 493, <HotspotNodeType.LOOP: 1>, '', 0.0052275), (1, 499, <HotspotNodeType.LOOP: 1>, '', 0.004491), (1, 500, <HotspotNodeType.LOOP: 1>, '', 0.004333), (1, 993, <HotspotNodeType.LOOP: 1>, '', 0.1435985), (1, 995, <HotspotNodeType.LOOP: 1>, '', 0.143568), (1, 997, <HotspotNodeType.LOOP: 1>, '', 0.0713985), (1, 1004, <HotspotNodeType.LOOP: 1>, '', 0.0684455), (1, 547, <HotspotNodeType.LOOP: 1>, '', 0.0440195), (1, 552, <HotspotNodeType.LOOP: 1>, '', 0.037116), (1, 558, <HotspotNodeType.LOOP: 1>, '', 0.033108), (1, 564, <HotspotNodeType.LOOP: 1>, '', 0.0324915), (1, 570, <HotspotNodeType.LOOP: 1>, '', 0.0331035)], <HotspotType.YES: 1>: [(3, 155, <HotspotNodeType.LOOP: 1>, '', 0.527919), (1, 306, <HotspotNodeType.LOOP: 1>, '', 1.981995), (1, 1123, <HotspotNodeType.LOOP: 1>, '', 0.2117435), (1, 1124, <HotspotNodeType.LOOP: 1>, '', 0.211696), (1, 1125, <HotspotNodeType.LOOP: 1>, '', 0.205265), (1, 1170, <HotspotNodeType.LOOP: 1>, '', 0.538306), (1, 1172, <HotspotNodeType.LOOP: 1>, '', 0.538275), (1, 909, <HotspotNodeType.LOOP: 1>, '', 1.600483), (1, 910, <HotspotNodeType.LOOP: 1>, '', 1.6004), (1, 911, <HotspotNodeType.LOOP: 1>, '', 0.966247), (1, 917, <HotspotNodeType.LOOP: 1>, '', 0.6034545), (1, 699, <HotspotNodeType.LOOP: 1>, '', 0.2517375), (1, 823, <HotspotNodeType.LOOP: 1>, '', 0.7757515), (1, 824, <HotspotNodeType.LOOP: 1>, '', 0.775712), (1, 825, <HotspotNodeType.LOOP: 1>, '', 0.4330575), (1, 831, <HotspotNodeType.LOOP: 1>, '', 0.3277185), (1, 545, <HotspotNodeType.LOOP: 1>, '', 0.1893845), (1, 546, <HotspotNodeType.LOOP: 1>, '', 0.189359)]}
[DP][Autotuner] DEBUG: loaded hotspots
[DP][Autotuner] DEBUG: loaded suggestions
[DP][Autotuner] DEBUG: Patterns by hotspot type
[DP][Autotuner] DEBUG: {<HotspotType.YES: 1>: [0, 2, 4, 9, 16, 18, 21, 22, 24, 23, 26, 27, 29, 30, 32, 33], <HotspotType.NO: 0>: [], <HotspotType.MAYBE: 2>: [1, 3, 5, 6, 7, 8, 10, 11, 12, 13, 14, 15, 19, 17, 20, 25, 28, 31]}
[DP][Autotuner] INFO: Identifying valid combination of parallelizable, known hotspots:
[DP][Autotuner] INFO: Press CTRL+C to manually stop the search.
[DP][Autotuner] INFO: --- 16 / 16
[DP][CodeConfiguration] DEBUG: Copied folder: /home/lukas/git/benchmark_harness/auto_tuner_benchmarks/NPB/MG/MG_orig_with_metadata to /home/lukas/git/benchmark_harness/auto_tuner_benchmarks/NPB/MG/MG_orig_with_metadata_dpautotune_1
[DP][CodeConfiguration] DEBUG: Set /home/lukas/git/benchmark_harness/auto_tuner_benchmarks/NPB/MG/MG_orig_with_metadata/bin/.discopop to /home/lukas/git/benchmark_harness/auto_tuner_benchmarks/NPB/MG/MG_orig_with_metadata_dpautotune_1/bin/.discopop
[DP][CodeConfiguration] DEBUG: Updated /home/lukas/git/benchmark_harness/auto_tuner_benchmarks/NPB/MG/MG_orig_with_metadata_dpautotune_1/bin/.discopop/FileMapping.txt
[DP][CodeConfiguration] DEBUG: Created configuration: /home/lukas/git/benchmark_harness/auto_tuner_benchmarks/NPB/MG/MG_orig_with_metadata_dpautotune_1
[DP][CodeConfiguration.apply_suggestions] DEBUG: Applying patch applicator for: [33]
[DP][FolderStructure.Setup.patch_applicator] DEBUG: Start
[DP][FolderStructure.Setup.patch_applicator] DEBUG: Done
[DP][CodeConfiguration.apply_suggestions] DEBUG: Patch applicator return code: 0
[DP][CodeConfiguration] DEBUG: Compiling configuration: /home/lukas/git/benchmark_harness/auto_tuner_benchmarks/NPB/MG/MG_orig_with_metadata_dpautotune_1
[DP][CodeConfiguration.compilationOutput] DEBUG: make[1]: Verzeichnis „/home/lukas/git/benchmark_harness/auto_tuner_benchmarks/NPB/MG/MG_orig_with_metadata_dpautotune_1“ wird betreten
rm -f core 
rm -f *~ */core */*~ */*.o */npbparams.hpp */*.obj */*.exe
rm -f sys/setparams sys/makesuite sys/setparams.hpp
make[1]: Verzeichnis „/home/lukas/git/benchmark_harness/auto_tuner_benchmarks/NPB/MG/MG_orig_with_metadata_dpautotune_1“ wird verlassen
make[1]: Verzeichnis „/home/lukas/git/benchmark_harness/auto_tuner_benchmarks/NPB/MG/MG_orig_with_metadata_dpautotune_1“ wird betreten
   ===========================================
   =      NAS PARALLEL BENCHMARKS 4.1        =
   =      Serial Versions                    =
   =      C++                                =
   ===========================================

cd MG; make CLASS=A
make[2]: Verzeichnis „/home/lukas/git/benchmark_harness/auto_tuner_benchmarks/NPB/MG/MG_orig_with_metadata_dpautotune_1/MG“ wird betreten
make[3]: Verzeichnis „/home/lukas/git/benchmark_harness/auto_tuner_benchmarks/NPB/MG/MG_orig_with_metadata_dpautotune_1/sys“ wird betreten
clang++ -g -fno-discard-value-names -o setparams setparams.cpp
make[3]: Verzeichnis „/home/lukas/git/benchmark_harness/auto_tuner_benchmarks/NPB/MG/MG_orig_with_metadata_dpautotune_1/sys“ wird verlassen
../sys/setparams mg A
clang++  -c -I../common  -O3 -mcmodel=medium -fopenmp mg.cpp
cd ../common; clang++  -c -I../common  -O3 -mcmodel=medium -fopenmp c_print_results.cpp
cd ../common; clang++  -c -I../common  -O3 -mcmodel=medium -fopenmp c_randdp.cpp
cd ../common; clang++  -c -I../common  -O3 -mcmodel=medium -fopenmp c_timers.cpp
cd ../common; clang++  -c -I../common  -O3 -mcmodel=medium -fopenmp -o c_wtime.o ../common/wtime.cpp
clang++ -O3 -mcmodel=medium -fopenmp -o ../bin/mg.A mg.o ../common/c_print_results.o ../common/c_randdp.o ../common/c_timers.o ../common/c_wtime.o -lm 
make[2]: Verzeichnis „/home/lukas/git/benchmark_harness/auto_tuner_benchmarks/NPB/MG/MG_orig_with_metadata_dpautotune_1/MG“ wird verlassen
make[1]: Verzeichnis „/home/lukas/git/benchmark_harness/auto_tuner_benchmarks/NPB/MG/MG_orig_with_metadata_dpautotune_1“ wird verlassen

[DP][CodeConfiguration] DEBUG: Executing configuration: /home/lukas/git/benchmark_harness/auto_tuner_benchmarks/NPB/MG/MG_orig_with_metadata_dpautotune_1 with timeout 4.860085964202881 
[DP][CodeConfiguration.executionOutput] DEBUG:  Verification    =               SUCCESSFUL

[DP][CodeConfiguration.executionError] DEBUG: 
[DP][CodeConfiguration] DEBUG: Checking result validity: /home/lukas/git/benchmark_harness/auto_tuner_benchmarks/NPB/MG/MG_orig_with_metadata_dpautotune_1
[DP][CodeConfiguration.validationOutput] DEBUG: make[1]: Verzeichnis „/home/lukas/git/benchmark_harness/auto_tuner_benchmarks/NPB/MG/MG_orig_with_metadata_dpautotune_1“ wird betreten
rm -f core 
rm -f *~ */core */*~ */*.o */npbparams.hpp */*.obj */*.exe
rm -f sys/setparams sys/makesuite sys/setparams.hpp
make[1]: Verzeichnis „/home/lukas/git/benchmark_harness/auto_tuner_benchmarks/NPB/MG/MG_orig_with_metadata_dpautotune_1“ wird verlassen
make[1]: Verzeichnis „/home/lukas/git/benchmark_harness/auto_tuner_benchmarks/NPB/MG/MG_orig_with_metadata_dpautotune_1“ wird betreten
   ===========================================
   =      NAS PARALLEL BENCHMARKS 4.1        =
   =      Serial Versions                    =
   =      C++                                =
   ===========================================

cd MG; make CLASS=A
make[2]: Verzeichnis „/home/lukas/git/benchmark_harness/auto_tuner_benchmarks/NPB/MG/MG_orig_with_metadata_dpautotune_1/MG“ wird betreten
make[3]: Verzeichnis „/home/lukas/git/benchmark_harness/auto_tuner_benchmarks/NPB/MG/MG_orig_with_metadata_dpautotune_1/sys“ wird betreten
clang++ -g -fno-discard-value-names -o setparams setparams.cpp
make[3]: Verzeichnis „/home/lukas/git/benchmark_harness/auto_tuner_benchmarks/NPB/MG/MG_orig_with_metadata_dpautotune_1/sys“ wird verlassen
../sys/setparams mg A
clang++  -c -I../common  -O3 -mcmodel=medium -fopenmp mg.cpp
cd ../common; clang++  -c -I../common  -O3 -mcmodel=medium -fopenmp c_print_results.cpp
cd ../common; clang++  -c -I../common  -O3 -mcmodel=medium -fopenmp c_randdp.cpp
cd ../common; clang++  -c -I../common  -O3 -mcmodel=medium -fopenmp c_timers.cpp
cd ../common; clang++  -c -I../common  -O3 -mcmodel=medium -fopenmp -o c_wtime.o ../common/wtime.cpp
clang++ -O3 -mcmodel=medium -fopenmp -o ../bin/mg.A mg.o ../common/c_print_results.o ../common/c_randdp.o ../common/c_timers.o ../common/c_wtime.o -lm 
make[2]: Verzeichnis „/home/lukas/git/benchmark_harness/auto_tuner_benchmarks/NPB/MG/MG_orig_with_metadata_dpautotune_1/MG“ wird verlassen
make[1]: Verzeichnis „/home/lukas/git/benchmark_harness/auto_tuner_benchmarks/NPB/MG/MG_orig_with_metadata_dpautotune_1“ wird verlassen
 Verification    =               SUCCESSFUL

[DP][CodeConfiguration.validationError] DEBUG: 
[DP][CodeConfiguration.validationResult] DEBUG: Returncode: 0
[DP][CodeConfiguration] DEBUG: Execution took 2.7823 s
[DP][CodeConfiguration] DEBUG: Execution return code: 0
[DP][CodeConfiguration] DEBUG: Execution result valid: True
[DP][CodeConfiguration] DEBUG: ThreadSanitizer valid: True
[DP][CodeConfiguration] DEBUG: Deleted /home/lukas/git/benchmark_harness/auto_tuner_benchmarks/NPB/MG/MG_orig_with_metadata_dpautotune_1
[DP][Autotuner] DEBUG: Configuration measurements:
[time]	[applied suggestions]	[return code]	[result valid]	[thread sanitizer]	[path]
2.782s	[33]	0	True	True	/home/lukas/git/benchmark_harness/auto_tuner_benchmarks/NPB/MG/MG_orig_with_metadata_dpautotune_1
2.43s	[]	0	True	True	/home/lukas/git/benchmark_harness/auto_tuner_benchmarks/NPB/MG/MG_orig_with_metadata

[DP][Autotuner] INFO: --- 15 / 16
[DP][CodeConfiguration] DEBUG: Copied folder: /home/lukas/git/benchmark_harness/auto_tuner_benchmarks/NPB/MG/MG_orig_with_metadata to /home/lukas/git/benchmark_harness/auto_tuner_benchmarks/NPB/MG/MG_orig_with_metadata_dpautotune_2
[DP][CodeConfiguration] DEBUG: Set /home/lukas/git/benchmark_harness/auto_tuner_benchmarks/NPB/MG/MG_orig_with_metadata/bin/.discopop to /home/lukas/git/benchmark_harness/auto_tuner_benchmarks/NPB/MG/MG_orig_with_metadata_dpautotune_2/bin/.discopop
[DP][CodeConfiguration] DEBUG: Updated /home/lukas/git/benchmark_harness/auto_tuner_benchmarks/NPB/MG/MG_orig_with_metadata_dpautotune_2/bin/.discopop/FileMapping.txt
[DP][CodeConfiguration] DEBUG: Created configuration: /home/lukas/git/benchmark_harness/auto_tuner_benchmarks/NPB/MG/MG_orig_with_metadata_dpautotune_2
[DP][CodeConfiguration.apply_suggestions] DEBUG: Applying patch applicator for: [33, 32]
[DP][FolderStructure.Setup.patch_applicator] DEBUG: Start
[DP][FolderStructure.Setup.patch_applicator] DEBUG: Done
[DP][CodeConfiguration.apply_suggestions] DEBUG: Patch applicator return code: 0
[DP][CodeConfiguration] DEBUG: Compiling configuration: /home/lukas/git/benchmark_harness/auto_tuner_benchmarks/NPB/MG/MG_orig_with_metadata_dpautotune_2
[DP][CodeConfiguration.compilationOutput] DEBUG: make[1]: Verzeichnis „/home/lukas/git/benchmark_harness/auto_tuner_benchmarks/NPB/MG/MG_orig_with_metadata_dpautotune_2“ wird betreten
rm -f core 
rm -f *~ */core */*~ */*.o */npbparams.hpp */*.obj */*.exe
rm -f sys/setparams sys/makesuite sys/setparams.hpp
make[1]: Verzeichnis „/home/lukas/git/benchmark_harness/auto_tuner_benchmarks/NPB/MG/MG_orig_with_metadata_dpautotune_2“ wird verlassen
make[1]: Verzeichnis „/home/lukas/git/benchmark_harness/auto_tuner_benchmarks/NPB/MG/MG_orig_with_metadata_dpautotune_2“ wird betreten
   ===========================================
   =      NAS PARALLEL BENCHMARKS 4.1        =
   =      Serial Versions                    =
   =      C++                                =
   ===========================================

cd MG; make CLASS=A
make[2]: Verzeichnis „/home/lukas/git/benchmark_harness/auto_tuner_benchmarks/NPB/MG/MG_orig_with_metadata_dpautotune_2/MG“ wird betreten
make[3]: Verzeichnis „/home/lukas/git/benchmark_harness/auto_tuner_benchmarks/NPB/MG/MG_orig_with_metadata_dpautotune_2/sys“ wird betreten
clang++ -g -fno-discard-value-names -o setparams setparams.cpp
make[3]: Verzeichnis „/home/lukas/git/benchmark_harness/auto_tuner_benchmarks/NPB/MG/MG_orig_with_metadata_dpautotune_2/sys“ wird verlassen
../sys/setparams mg A
clang++  -c -I../common  -O3 -mcmodel=medium -fopenmp mg.cpp
cd ../common; clang++  -c -I../common  -O3 -mcmodel=medium -fopenmp c_print_results.cpp
cd ../common; clang++  -c -I../common  -O3 -mcmodel=medium -fopenmp c_randdp.cpp
cd ../common; clang++  -c -I../common  -O3 -mcmodel=medium -fopenmp c_timers.cpp
cd ../common; clang++  -c -I../common  -O3 -mcmodel=medium -fopenmp -o c_wtime.o ../common/wtime.cpp
clang++ -O3 -mcmodel=medium -fopenmp -o ../bin/mg.A mg.o ../common/c_print_results.o ../common/c_randdp.o ../common/c_timers.o ../common/c_wtime.o -lm 
make[2]: Verzeichnis „/home/lukas/git/benchmark_harness/auto_tuner_benchmarks/NPB/MG/MG_orig_with_metadata_dpautotune_2/MG“ wird verlassen
make[1]: Verzeichnis „/home/lukas/git/benchmark_harness/auto_tuner_benchmarks/NPB/MG/MG_orig_with_metadata_dpautotune_2“ wird verlassen

[DP][CodeConfiguration] DEBUG: Executing configuration: /home/lukas/git/benchmark_harness/auto_tuner_benchmarks/NPB/MG/MG_orig_with_metadata_dpautotune_2 with timeout 4.860085964202881 
[DP][CodeConfiguration.executionOutput] DEBUG:  Verification    =               SUCCESSFUL

[DP][CodeConfiguration.executionError] DEBUG: 
[DP][CodeConfiguration] DEBUG: Checking result validity: /home/lukas/git/benchmark_harness/auto_tuner_benchmarks/NPB/MG/MG_orig_with_metadata_dpautotune_2
[DP][CodeConfiguration.validationOutput] DEBUG: make[1]: Verzeichnis „/home/lukas/git/benchmark_harness/auto_tuner_benchmarks/NPB/MG/MG_orig_with_metadata_dpautotune_2“ wird betreten
rm -f core 
rm -f *~ */core */*~ */*.o */npbparams.hpp */*.obj */*.exe
rm -f sys/setparams sys/makesuite sys/setparams.hpp
make[1]: Verzeichnis „/home/lukas/git/benchmark_harness/auto_tuner_benchmarks/NPB/MG/MG_orig_with_metadata_dpautotune_2“ wird verlassen
make[1]: Verzeichnis „/home/lukas/git/benchmark_harness/auto_tuner_benchmarks/NPB/MG/MG_orig_with_metadata_dpautotune_2“ wird betreten
   ===========================================
   =      NAS PARALLEL BENCHMARKS 4.1        =
   =      Serial Versions                    =
   =      C++                                =
   ===========================================

cd MG; make CLASS=A
make[2]: Verzeichnis „/home/lukas/git/benchmark_harness/auto_tuner_benchmarks/NPB/MG/MG_orig_with_metadata_dpautotune_2/MG“ wird betreten
make[3]: Verzeichnis „/home/lukas/git/benchmark_harness/auto_tuner_benchmarks/NPB/MG/MG_orig_with_metadata_dpautotune_2/sys“ wird betreten
clang++ -g -fno-discard-value-names -o setparams setparams.cpp
make[3]: Verzeichnis „/home/lukas/git/benchmark_harness/auto_tuner_benchmarks/NPB/MG/MG_orig_with_metadata_dpautotune_2/sys“ wird verlassen
../sys/setparams mg A
clang++  -c -I../common  -O3 -mcmodel=medium -fopenmp mg.cpp
cd ../common; clang++  -c -I../common  -O3 -mcmodel=medium -fopenmp c_print_results.cpp
cd ../common; clang++  -c -I../common  -O3 -mcmodel=medium -fopenmp c_randdp.cpp
cd ../common; clang++  -c -I../common  -O3 -mcmodel=medium -fopenmp c_timers.cpp
cd ../common; clang++  -c -I../common  -O3 -mcmodel=medium -fopenmp -o c_wtime.o ../common/wtime.cpp
clang++ -O3 -mcmodel=medium -fopenmp -o ../bin/mg.A mg.o ../common/c_print_results.o ../common/c_randdp.o ../common/c_timers.o ../common/c_wtime.o -lm 
make[2]: Verzeichnis „/home/lukas/git/benchmark_harness/auto_tuner_benchmarks/NPB/MG/MG_orig_with_metadata_dpautotune_2/MG“ wird verlassen
make[1]: Verzeichnis „/home/lukas/git/benchmark_harness/auto_tuner_benchmarks/NPB/MG/MG_orig_with_metadata_dpautotune_2“ wird verlassen
 Verification    =               SUCCESSFUL

[DP][CodeConfiguration.validationError] DEBUG: 
[DP][CodeConfiguration.validationResult] DEBUG: Returncode: 0
[DP][CodeConfiguration] DEBUG: Execution took 2.7914 s
[DP][CodeConfiguration] DEBUG: Execution return code: 0
[DP][CodeConfiguration] DEBUG: Execution result valid: True
[DP][CodeConfiguration] DEBUG: ThreadSanitizer valid: True
[DP][CodeConfiguration] DEBUG: Deleted /home/lukas/git/benchmark_harness/auto_tuner_benchmarks/NPB/MG/MG_orig_with_metadata_dpautotune_2
[DP][Autotuner] DEBUG: Configuration measurements:
[time]	[applied suggestions]	[return code]	[result valid]	[thread sanitizer]	[path]
2.791s	[33, 32]	0	True	True	/home/lukas/git/benchmark_harness/auto_tuner_benchmarks/NPB/MG/MG_orig_with_metadata_dpautotune_2
2.782s	[33]	0	True	True	/home/lukas/git/benchmark_harness/auto_tuner_benchmarks/NPB/MG/MG_orig_with_metadata_dpautotune_1
2.43s	[]	0	True	True	/home/lukas/git/benchmark_harness/auto_tuner_benchmarks/NPB/MG/MG_orig_with_metadata

[DP][Autotuner] INFO: --- 14 / 16
[DP][CodeConfiguration] DEBUG: Copied folder: /home/lukas/git/benchmark_harness/auto_tuner_benchmarks/NPB/MG/MG_orig_with_metadata to /home/lukas/git/benchmark_harness/auto_tuner_benchmarks/NPB/MG/MG_orig_with_metadata_dpautotune_3
[DP][CodeConfiguration] DEBUG: Set /home/lukas/git/benchmark_harness/auto_tuner_benchmarks/NPB/MG/MG_orig_with_metadata/bin/.discopop to /home/lukas/git/benchmark_harness/auto_tuner_benchmarks/NPB/MG/MG_orig_with_metadata_dpautotune_3/bin/.discopop
[DP][CodeConfiguration] DEBUG: Updated /home/lukas/git/benchmark_harness/auto_tuner_benchmarks/NPB/MG/MG_orig_with_metadata_dpautotune_3/bin/.discopop/FileMapping.txt
[DP][CodeConfiguration] DEBUG: Created configuration: /home/lukas/git/benchmark_harness/auto_tuner_benchmarks/NPB/MG/MG_orig_with_metadata_dpautotune_3
[DP][CodeConfiguration.apply_suggestions] DEBUG: Applying patch applicator for: [32, 33, 30]
[DP][FolderStructure.Setup.patch_applicator] DEBUG: Start
[DP][FolderStructure.Setup.patch_applicator] DEBUG: Done
[DP][CodeConfiguration.apply_suggestions] DEBUG: Patch applicator return code: 0
[DP][CodeConfiguration] DEBUG: Compiling configuration: /home/lukas/git/benchmark_harness/auto_tuner_benchmarks/NPB/MG/MG_orig_with_metadata_dpautotune_3
[DP][CodeConfiguration.compilationOutput] DEBUG: make[1]: Verzeichnis „/home/lukas/git/benchmark_harness/auto_tuner_benchmarks/NPB/MG/MG_orig_with_metadata_dpautotune_3“ wird betreten
rm -f core 
rm -f *~ */core */*~ */*.o */npbparams.hpp */*.obj */*.exe
rm -f sys/setparams sys/makesuite sys/setparams.hpp
make[1]: Verzeichnis „/home/lukas/git/benchmark_harness/auto_tuner_benchmarks/NPB/MG/MG_orig_with_metadata_dpautotune_3“ wird verlassen
make[1]: Verzeichnis „/home/lukas/git/benchmark_harness/auto_tuner_benchmarks/NPB/MG/MG_orig_with_metadata_dpautotune_3“ wird betreten
   ===========================================
   =      NAS PARALLEL BENCHMARKS 4.1        =
   =      Serial Versions                    =
   =      C++                                =
   ===========================================

cd MG; make CLASS=A
make[2]: Verzeichnis „/home/lukas/git/benchmark_harness/auto_tuner_benchmarks/NPB/MG/MG_orig_with_metadata_dpautotune_3/MG“ wird betreten
make[3]: Verzeichnis „/home/lukas/git/benchmark_harness/auto_tuner_benchmarks/NPB/MG/MG_orig_with_metadata_dpautotune_3/sys“ wird betreten
clang++ -g -fno-discard-value-names -o setparams setparams.cpp
make[3]: Verzeichnis „/home/lukas/git/benchmark_harness/auto_tuner_benchmarks/NPB/MG/MG_orig_with_metadata_dpautotune_3/sys“ wird verlassen
../sys/setparams mg A
clang++  -c -I../common  -O3 -mcmodel=medium -fopenmp mg.cpp
cd ../common; clang++  -c -I../common  -O3 -mcmodel=medium -fopenmp c_print_results.cpp
cd ../common; clang++  -c -I../common  -O3 -mcmodel=medium -fopenmp c_randdp.cpp
cd ../common; clang++  -c -I../common  -O3 -mcmodel=medium -fopenmp c_timers.cpp
cd ../common; clang++  -c -I../common  -O3 -mcmodel=medium -fopenmp -o c_wtime.o ../common/wtime.cpp
clang++ -O3 -mcmodel=medium -fopenmp -o ../bin/mg.A mg.o ../common/c_print_results.o ../common/c_randdp.o ../common/c_timers.o ../common/c_wtime.o -lm 
make[2]: Verzeichnis „/home/lukas/git/benchmark_harness/auto_tuner_benchmarks/NPB/MG/MG_orig_with_metadata_dpautotune_3/MG“ wird verlassen
make[1]: Verzeichnis „/home/lukas/git/benchmark_harness/auto_tuner_benchmarks/NPB/MG/MG_orig_with_metadata_dpautotune_3“ wird verlassen

[DP][CodeConfiguration] DEBUG: Executing configuration: /home/lukas/git/benchmark_harness/auto_tuner_benchmarks/NPB/MG/MG_orig_with_metadata_dpautotune_3 with timeout 4.860085964202881 
[DP][CodeConfiguration.executionOutput] DEBUG:  Verification    =               SUCCESSFUL

[DP][CodeConfiguration.executionError] DEBUG: 
[DP][CodeConfiguration] DEBUG: Checking result validity: /home/lukas/git/benchmark_harness/auto_tuner_benchmarks/NPB/MG/MG_orig_with_metadata_dpautotune_3
[DP][CodeConfiguration.validationOutput] DEBUG: make[1]: Verzeichnis „/home/lukas/git/benchmark_harness/auto_tuner_benchmarks/NPB/MG/MG_orig_with_metadata_dpautotune_3“ wird betreten
rm -f core 
rm -f *~ */core */*~ */*.o */npbparams.hpp */*.obj */*.exe
rm -f sys/setparams sys/makesuite sys/setparams.hpp
make[1]: Verzeichnis „/home/lukas/git/benchmark_harness/auto_tuner_benchmarks/NPB/MG/MG_orig_with_metadata_dpautotune_3“ wird verlassen
make[1]: Verzeichnis „/home/lukas/git/benchmark_harness/auto_tuner_benchmarks/NPB/MG/MG_orig_with_metadata_dpautotune_3“ wird betreten
   ===========================================
   =      NAS PARALLEL BENCHMARKS 4.1        =
   =      Serial Versions                    =
   =      C++                                =
   ===========================================

cd MG; make CLASS=A
make[2]: Verzeichnis „/home/lukas/git/benchmark_harness/auto_tuner_benchmarks/NPB/MG/MG_orig_with_metadata_dpautotune_3/MG“ wird betreten
make[3]: Verzeichnis „/home/lukas/git/benchmark_harness/auto_tuner_benchmarks/NPB/MG/MG_orig_with_metadata_dpautotune_3/sys“ wird betreten
clang++ -g -fno-discard-value-names -o setparams setparams.cpp
make[3]: Verzeichnis „/home/lukas/git/benchmark_harness/auto_tuner_benchmarks/NPB/MG/MG_orig_with_metadata_dpautotune_3/sys“ wird verlassen
../sys/setparams mg A
clang++  -c -I../common  -O3 -mcmodel=medium -fopenmp mg.cpp
cd ../common; clang++  -c -I../common  -O3 -mcmodel=medium -fopenmp c_print_results.cpp
cd ../common; clang++  -c -I../common  -O3 -mcmodel=medium -fopenmp c_randdp.cpp
cd ../common; clang++  -c -I../common  -O3 -mcmodel=medium -fopenmp c_timers.cpp
cd ../common; clang++  -c -I../common  -O3 -mcmodel=medium -fopenmp -o c_wtime.o ../common/wtime.cpp
clang++ -O3 -mcmodel=medium -fopenmp -o ../bin/mg.A mg.o ../common/c_print_results.o ../common/c_randdp.o ../common/c_timers.o ../common/c_wtime.o -lm 
make[2]: Verzeichnis „/home/lukas/git/benchmark_harness/auto_tuner_benchmarks/NPB/MG/MG_orig_with_metadata_dpautotune_3/MG“ wird verlassen
make[1]: Verzeichnis „/home/lukas/git/benchmark_harness/auto_tuner_benchmarks/NPB/MG/MG_orig_with_metadata_dpautotune_3“ wird verlassen
 Verification    =               SUCCESSFUL

[DP][CodeConfiguration.validationError] DEBUG: 
[DP][CodeConfiguration.validationResult] DEBUG: Returncode: 0
[DP][CodeConfiguration] DEBUG: Execution took 2.5933 s
[DP][CodeConfiguration] DEBUG: Execution return code: 0
[DP][CodeConfiguration] DEBUG: Execution result valid: True
[DP][CodeConfiguration] DEBUG: ThreadSanitizer valid: True
[DP][CodeConfiguration] DEBUG: Deleted /home/lukas/git/benchmark_harness/auto_tuner_benchmarks/NPB/MG/MG_orig_with_metadata_dpautotune_3
[DP][Autotuner] DEBUG: Configuration measurements:
[time]	[applied suggestions]	[return code]	[result valid]	[thread sanitizer]	[path]
2.791s	[33, 32]	0	True	True	/home/lukas/git/benchmark_harness/auto_tuner_benchmarks/NPB/MG/MG_orig_with_metadata_dpautotune_2
2.782s	[33]	0	True	True	/home/lukas/git/benchmark_harness/auto_tuner_benchmarks/NPB/MG/MG_orig_with_metadata_dpautotune_1
2.593s	[32, 33, 30]	0	True	True	/home/lukas/git/benchmark_harness/auto_tuner_benchmarks/NPB/MG/MG_orig_with_metadata_dpautotune_3
2.43s	[]	0	True	True	/home/lukas/git/benchmark_harness/auto_tuner_benchmarks/NPB/MG/MG_orig_with_metadata

[DP][Autotuner] INFO: --- 13 / 16
[DP][CodeConfiguration] DEBUG: Copied folder: /home/lukas/git/benchmark_harness/auto_tuner_benchmarks/NPB/MG/MG_orig_with_metadata to /home/lukas/git/benchmark_harness/auto_tuner_benchmarks/NPB/MG/MG_orig_with_metadata_dpautotune_4
[DP][CodeConfiguration] DEBUG: Set /home/lukas/git/benchmark_harness/auto_tuner_benchmarks/NPB/MG/MG_orig_with_metadata/bin/.discopop to /home/lukas/git/benchmark_harness/auto_tuner_benchmarks/NPB/MG/MG_orig_with_metadata_dpautotune_4/bin/.discopop
[DP][CodeConfiguration] DEBUG: Updated /home/lukas/git/benchmark_harness/auto_tuner_benchmarks/NPB/MG/MG_orig_with_metadata_dpautotune_4/bin/.discopop/FileMapping.txt
[DP][CodeConfiguration] DEBUG: Created configuration: /home/lukas/git/benchmark_harness/auto_tuner_benchmarks/NPB/MG/MG_orig_with_metadata_dpautotune_4
[DP][CodeConfiguration.apply_suggestions] DEBUG: Applying patch applicator for: [32, 33, 30, 29]
[DP][FolderStructure.Setup.patch_applicator] DEBUG: Start
[DP][FolderStructure.Setup.patch_applicator] DEBUG: Done
[DP][CodeConfiguration.apply_suggestions] DEBUG: Patch applicator return code: 0
[DP][CodeConfiguration] DEBUG: Compiling configuration: /home/lukas/git/benchmark_harness/auto_tuner_benchmarks/NPB/MG/MG_orig_with_metadata_dpautotune_4
[DP][CodeConfiguration.compilationOutput] DEBUG: make[1]: Verzeichnis „/home/lukas/git/benchmark_harness/auto_tuner_benchmarks/NPB/MG/MG_orig_with_metadata_dpautotune_4“ wird betreten
rm -f core 
rm -f *~ */core */*~ */*.o */npbparams.hpp */*.obj */*.exe
rm -f sys/setparams sys/makesuite sys/setparams.hpp
make[1]: Verzeichnis „/home/lukas/git/benchmark_harness/auto_tuner_benchmarks/NPB/MG/MG_orig_with_metadata_dpautotune_4“ wird verlassen
make[1]: Verzeichnis „/home/lukas/git/benchmark_harness/auto_tuner_benchmarks/NPB/MG/MG_orig_with_metadata_dpautotune_4“ wird betreten
   ===========================================
   =      NAS PARALLEL BENCHMARKS 4.1        =
   =      Serial Versions                    =
   =      C++                                =
   ===========================================

cd MG; make CLASS=A
make[2]: Verzeichnis „/home/lukas/git/benchmark_harness/auto_tuner_benchmarks/NPB/MG/MG_orig_with_metadata_dpautotune_4/MG“ wird betreten
make[3]: Verzeichnis „/home/lukas/git/benchmark_harness/auto_tuner_benchmarks/NPB/MG/MG_orig_with_metadata_dpautotune_4/sys“ wird betreten
clang++ -g -fno-discard-value-names -o setparams setparams.cpp
make[3]: Verzeichnis „/home/lukas/git/benchmark_harness/auto_tuner_benchmarks/NPB/MG/MG_orig_with_metadata_dpautotune_4/sys“ wird verlassen
../sys/setparams mg A
clang++  -c -I../common  -O3 -mcmodel=medium -fopenmp mg.cpp
cd ../common; clang++  -c -I../common  -O3 -mcmodel=medium -fopenmp c_print_results.cpp
cd ../common; clang++  -c -I../common  -O3 -mcmodel=medium -fopenmp c_randdp.cpp
cd ../common; clang++  -c -I../common  -O3 -mcmodel=medium -fopenmp c_timers.cpp
cd ../common; clang++  -c -I../common  -O3 -mcmodel=medium -fopenmp -o c_wtime.o ../common/wtime.cpp
clang++ -O3 -mcmodel=medium -fopenmp -o ../bin/mg.A mg.o ../common/c_print_results.o ../common/c_randdp.o ../common/c_timers.o ../common/c_wtime.o -lm 
make[2]: Verzeichnis „/home/lukas/git/benchmark_harness/auto_tuner_benchmarks/NPB/MG/MG_orig_with_metadata_dpautotune_4/MG“ wird verlassen
make[1]: Verzeichnis „/home/lukas/git/benchmark_harness/auto_tuner_benchmarks/NPB/MG/MG_orig_with_metadata_dpautotune_4“ wird verlassen

[DP][CodeConfiguration] DEBUG: Executing configuration: /home/lukas/git/benchmark_harness/auto_tuner_benchmarks/NPB/MG/MG_orig_with_metadata_dpautotune_4 with timeout 4.860085964202881 
[DP][CodeConfiguration.executionOutput] DEBUG:  Verification    =               SUCCESSFUL

[DP][CodeConfiguration.executionError] DEBUG: 
[DP][CodeConfiguration] DEBUG: Checking result validity: /home/lukas/git/benchmark_harness/auto_tuner_benchmarks/NPB/MG/MG_orig_with_metadata_dpautotune_4
[DP][CodeConfiguration.validationOutput] DEBUG: make[1]: Verzeichnis „/home/lukas/git/benchmark_harness/auto_tuner_benchmarks/NPB/MG/MG_orig_with_metadata_dpautotune_4“ wird betreten
rm -f core 
rm -f *~ */core */*~ */*.o */npbparams.hpp */*.obj */*.exe
rm -f sys/setparams sys/makesuite sys/setparams.hpp
make[1]: Verzeichnis „/home/lukas/git/benchmark_harness/auto_tuner_benchmarks/NPB/MG/MG_orig_with_metadata_dpautotune_4“ wird verlassen
make[1]: Verzeichnis „/home/lukas/git/benchmark_harness/auto_tuner_benchmarks/NPB/MG/MG_orig_with_metadata_dpautotune_4“ wird betreten
   ===========================================
   =      NAS PARALLEL BENCHMARKS 4.1        =
   =      Serial Versions                    =
   =      C++                                =
   ===========================================

cd MG; make CLASS=A
make[2]: Verzeichnis „/home/lukas/git/benchmark_harness/auto_tuner_benchmarks/NPB/MG/MG_orig_with_metadata_dpautotune_4/MG“ wird betreten
make[3]: Verzeichnis „/home/lukas/git/benchmark_harness/auto_tuner_benchmarks/NPB/MG/MG_orig_with_metadata_dpautotune_4/sys“ wird betreten
clang++ -g -fno-discard-value-names -o setparams setparams.cpp
make[3]: Verzeichnis „/home/lukas/git/benchmark_harness/auto_tuner_benchmarks/NPB/MG/MG_orig_with_metadata_dpautotune_4/sys“ wird verlassen
../sys/setparams mg A
clang++  -c -I../common  -O3 -mcmodel=medium -fopenmp mg.cpp
cd ../common; clang++  -c -I../common  -O3 -mcmodel=medium -fopenmp c_print_results.cpp
cd ../common; clang++  -c -I../common  -O3 -mcmodel=medium -fopenmp c_randdp.cpp
cd ../common; clang++  -c -I../common  -O3 -mcmodel=medium -fopenmp c_timers.cpp
cd ../common; clang++  -c -I../common  -O3 -mcmodel=medium -fopenmp -o c_wtime.o ../common/wtime.cpp
clang++ -O3 -mcmodel=medium -fopenmp -o ../bin/mg.A mg.o ../common/c_print_results.o ../common/c_randdp.o ../common/c_timers.o ../common/c_wtime.o -lm 
make[2]: Verzeichnis „/home/lukas/git/benchmark_harness/auto_tuner_benchmarks/NPB/MG/MG_orig_with_metadata_dpautotune_4/MG“ wird verlassen
make[1]: Verzeichnis „/home/lukas/git/benchmark_harness/auto_tuner_benchmarks/NPB/MG/MG_orig_with_metadata_dpautotune_4“ wird verlassen
 Verification    =               SUCCESSFUL

[DP][CodeConfiguration.validationError] DEBUG: 
[DP][CodeConfiguration.validationResult] DEBUG: Returncode: 0
[DP][CodeConfiguration] DEBUG: Execution took 2.5749 s
[DP][CodeConfiguration] DEBUG: Execution return code: 0
[DP][CodeConfiguration] DEBUG: Execution result valid: True
[DP][CodeConfiguration] DEBUG: ThreadSanitizer valid: True
[DP][CodeConfiguration] DEBUG: Deleted /home/lukas/git/benchmark_harness/auto_tuner_benchmarks/NPB/MG/MG_orig_with_metadata_dpautotune_4
[DP][Autotuner] DEBUG: Configuration measurements:
[time]	[applied suggestions]	[return code]	[result valid]	[thread sanitizer]	[path]
2.791s	[33, 32]	0	True	True	/home/lukas/git/benchmark_harness/auto_tuner_benchmarks/NPB/MG/MG_orig_with_metadata_dpautotune_2
2.782s	[33]	0	True	True	/home/lukas/git/benchmark_harness/auto_tuner_benchmarks/NPB/MG/MG_orig_with_metadata_dpautotune_1
2.593s	[32, 33, 30]	0	True	True	/home/lukas/git/benchmark_harness/auto_tuner_benchmarks/NPB/MG/MG_orig_with_metadata_dpautotune_3
2.575s	[32, 33, 30, 29]	0	True	True	/home/lukas/git/benchmark_harness/auto_tuner_benchmarks/NPB/MG/MG_orig_with_metadata_dpautotune_4
2.43s	[]	0	True	True	/home/lukas/git/benchmark_harness/auto_tuner_benchmarks/NPB/MG/MG_orig_with_metadata

[DP][Autotuner] INFO: --- 12 / 16
[DP][CodeConfiguration] DEBUG: Copied folder: /home/lukas/git/benchmark_harness/auto_tuner_benchmarks/NPB/MG/MG_orig_with_metadata to /home/lukas/git/benchmark_harness/auto_tuner_benchmarks/NPB/MG/MG_orig_with_metadata_dpautotune_5
[DP][CodeConfiguration] DEBUG: Set /home/lukas/git/benchmark_harness/auto_tuner_benchmarks/NPB/MG/MG_orig_with_metadata/bin/.discopop to /home/lukas/git/benchmark_harness/auto_tuner_benchmarks/NPB/MG/MG_orig_with_metadata_dpautotune_5/bin/.discopop
[DP][CodeConfiguration] DEBUG: Updated /home/lukas/git/benchmark_harness/auto_tuner_benchmarks/NPB/MG/MG_orig_with_metadata_dpautotune_5/bin/.discopop/FileMapping.txt
[DP][CodeConfiguration] DEBUG: Created configuration: /home/lukas/git/benchmark_harness/auto_tuner_benchmarks/NPB/MG/MG_orig_with_metadata_dpautotune_5
[DP][CodeConfiguration.apply_suggestions] DEBUG: Applying patch applicator for: [32, 33, 29, 30, 27]
[DP][FolderStructure.Setup.patch_applicator] DEBUG: Start
[DP][FolderStructure.Setup.patch_applicator] DEBUG: Done
[DP][CodeConfiguration.apply_suggestions] DEBUG: Patch applicator return code: 0
[DP][CodeConfiguration] DEBUG: Compiling configuration: /home/lukas/git/benchmark_harness/auto_tuner_benchmarks/NPB/MG/MG_orig_with_metadata_dpautotune_5
[DP][CodeConfiguration.compilationOutput] DEBUG: make[1]: Verzeichnis „/home/lukas/git/benchmark_harness/auto_tuner_benchmarks/NPB/MG/MG_orig_with_metadata_dpautotune_5“ wird betreten
rm -f core 
rm -f *~ */core */*~ */*.o */npbparams.hpp */*.obj */*.exe
rm -f sys/setparams sys/makesuite sys/setparams.hpp
make[1]: Verzeichnis „/home/lukas/git/benchmark_harness/auto_tuner_benchmarks/NPB/MG/MG_orig_with_metadata_dpautotune_5“ wird verlassen
make[1]: Verzeichnis „/home/lukas/git/benchmark_harness/auto_tuner_benchmarks/NPB/MG/MG_orig_with_metadata_dpautotune_5“ wird betreten
   ===========================================
   =      NAS PARALLEL BENCHMARKS 4.1        =
   =      Serial Versions                    =
   =      C++                                =
   ===========================================

cd MG; make CLASS=A
make[2]: Verzeichnis „/home/lukas/git/benchmark_harness/auto_tuner_benchmarks/NPB/MG/MG_orig_with_metadata_dpautotune_5/MG“ wird betreten
make[3]: Verzeichnis „/home/lukas/git/benchmark_harness/auto_tuner_benchmarks/NPB/MG/MG_orig_with_metadata_dpautotune_5/sys“ wird betreten
clang++ -g -fno-discard-value-names -o setparams setparams.cpp
make[3]: Verzeichnis „/home/lukas/git/benchmark_harness/auto_tuner_benchmarks/NPB/MG/MG_orig_with_metadata_dpautotune_5/sys“ wird verlassen
../sys/setparams mg A
clang++  -c -I../common  -O3 -mcmodel=medium -fopenmp mg.cpp
cd ../common; clang++  -c -I../common  -O3 -mcmodel=medium -fopenmp c_print_results.cpp
cd ../common; clang++  -c -I../common  -O3 -mcmodel=medium -fopenmp c_randdp.cpp
cd ../common; clang++  -c -I../common  -O3 -mcmodel=medium -fopenmp c_timers.cpp
cd ../common; clang++  -c -I../common  -O3 -mcmodel=medium -fopenmp -o c_wtime.o ../common/wtime.cpp
clang++ -O3 -mcmodel=medium -fopenmp -o ../bin/mg.A mg.o ../common/c_print_results.o ../common/c_randdp.o ../common/c_timers.o ../common/c_wtime.o -lm 
make[2]: Verzeichnis „/home/lukas/git/benchmark_harness/auto_tuner_benchmarks/NPB/MG/MG_orig_with_metadata_dpautotune_5/MG“ wird verlassen
make[1]: Verzeichnis „/home/lukas/git/benchmark_harness/auto_tuner_benchmarks/NPB/MG/MG_orig_with_metadata_dpautotune_5“ wird verlassen

[DP][CodeConfiguration] DEBUG: Executing configuration: /home/lukas/git/benchmark_harness/auto_tuner_benchmarks/NPB/MG/MG_orig_with_metadata_dpautotune_5 with timeout 4.860085964202881 
[DP][CodeConfiguration.executionOutput] DEBUG:  Verification    =               SUCCESSFUL

[DP][CodeConfiguration.executionError] DEBUG: 
[DP][CodeConfiguration] DEBUG: Checking result validity: /home/lukas/git/benchmark_harness/auto_tuner_benchmarks/NPB/MG/MG_orig_with_metadata_dpautotune_5
[DP][CodeConfiguration.validationOutput] DEBUG: make[1]: Verzeichnis „/home/lukas/git/benchmark_harness/auto_tuner_benchmarks/NPB/MG/MG_orig_with_metadata_dpautotune_5“ wird betreten
rm -f core 
rm -f *~ */core */*~ */*.o */npbparams.hpp */*.obj */*.exe
rm -f sys/setparams sys/makesuite sys/setparams.hpp
make[1]: Verzeichnis „/home/lukas/git/benchmark_harness/auto_tuner_benchmarks/NPB/MG/MG_orig_with_metadata_dpautotune_5“ wird verlassen
make[1]: Verzeichnis „/home/lukas/git/benchmark_harness/auto_tuner_benchmarks/NPB/MG/MG_orig_with_metadata_dpautotune_5“ wird betreten
   ===========================================
   =      NAS PARALLEL BENCHMARKS 4.1        =
   =      Serial Versions                    =
   =      C++                                =
   ===========================================

cd MG; make CLASS=A
make[2]: Verzeichnis „/home/lukas/git/benchmark_harness/auto_tuner_benchmarks/NPB/MG/MG_orig_with_metadata_dpautotune_5/MG“ wird betreten
make[3]: Verzeichnis „/home/lukas/git/benchmark_harness/auto_tuner_benchmarks/NPB/MG/MG_orig_with_metadata_dpautotune_5/sys“ wird betreten
clang++ -g -fno-discard-value-names -o setparams setparams.cpp
make[3]: Verzeichnis „/home/lukas/git/benchmark_harness/auto_tuner_benchmarks/NPB/MG/MG_orig_with_metadata_dpautotune_5/sys“ wird verlassen
../sys/setparams mg A
clang++  -c -I../common  -O3 -mcmodel=medium -fopenmp mg.cpp
cd ../common; clang++  -c -I../common  -O3 -mcmodel=medium -fopenmp c_print_results.cpp
cd ../common; clang++  -c -I../common  -O3 -mcmodel=medium -fopenmp c_randdp.cpp
cd ../common; clang++  -c -I../common  -O3 -mcmodel=medium -fopenmp c_timers.cpp
cd ../common; clang++  -c -I../common  -O3 -mcmodel=medium -fopenmp -o c_wtime.o ../common/wtime.cpp
clang++ -O3 -mcmodel=medium -fopenmp -o ../bin/mg.A mg.o ../common/c_print_results.o ../common/c_randdp.o ../common/c_timers.o ../common/c_wtime.o -lm 
make[2]: Verzeichnis „/home/lukas/git/benchmark_harness/auto_tuner_benchmarks/NPB/MG/MG_orig_with_metadata_dpautotune_5/MG“ wird verlassen
make[1]: Verzeichnis „/home/lukas/git/benchmark_harness/auto_tuner_benchmarks/NPB/MG/MG_orig_with_metadata_dpautotune_5“ wird verlassen
 Verification    =               SUCCESSFUL

[DP][CodeConfiguration.validationError] DEBUG: 
[DP][CodeConfiguration.validationResult] DEBUG: Returncode: 0
[DP][CodeConfiguration] DEBUG: Execution took 2.4984 s
[DP][CodeConfiguration] DEBUG: Execution return code: 0
[DP][CodeConfiguration] DEBUG: Execution result valid: True
[DP][CodeConfiguration] DEBUG: ThreadSanitizer valid: True
[DP][CodeConfiguration] DEBUG: Deleted /home/lukas/git/benchmark_harness/auto_tuner_benchmarks/NPB/MG/MG_orig_with_metadata_dpautotune_5
[DP][Autotuner] DEBUG: Configuration measurements:
[time]	[applied suggestions]	[return code]	[result valid]	[thread sanitizer]	[path]
2.791s	[33, 32]	0	True	True	/home/lukas/git/benchmark_harness/auto_tuner_benchmarks/NPB/MG/MG_orig_with_metadata_dpautotune_2
2.782s	[33]	0	True	True	/home/lukas/git/benchmark_harness/auto_tuner_benchmarks/NPB/MG/MG_orig_with_metadata_dpautotune_1
2.593s	[32, 33, 30]	0	True	True	/home/lukas/git/benchmark_harness/auto_tuner_benchmarks/NPB/MG/MG_orig_with_metadata_dpautotune_3
2.575s	[32, 33, 30, 29]	0	True	True	/home/lukas/git/benchmark_harness/auto_tuner_benchmarks/NPB/MG/MG_orig_with_metadata_dpautotune_4
2.498s	[32, 33, 29, 30, 27]	0	True	True	/home/lukas/git/benchmark_harness/auto_tuner_benchmarks/NPB/MG/MG_orig_with_metadata_dpautotune_5
2.43s	[]	0	True	True	/home/lukas/git/benchmark_harness/auto_tuner_benchmarks/NPB/MG/MG_orig_with_metadata

[DP][Autotuner] INFO: --- 11 / 16
[DP][CodeConfiguration] DEBUG: Copied folder: /home/lukas/git/benchmark_harness/auto_tuner_benchmarks/NPB/MG/MG_orig_with_metadata to /home/lukas/git/benchmark_harness/auto_tuner_benchmarks/NPB/MG/MG_orig_with_metadata_dpautotune_6
[DP][CodeConfiguration] DEBUG: Set /home/lukas/git/benchmark_harness/auto_tuner_benchmarks/NPB/MG/MG_orig_with_metadata/bin/.discopop to /home/lukas/git/benchmark_harness/auto_tuner_benchmarks/NPB/MG/MG_orig_with_metadata_dpautotune_6/bin/.discopop
[DP][CodeConfiguration] DEBUG: Updated /home/lukas/git/benchmark_harness/auto_tuner_benchmarks/NPB/MG/MG_orig_with_metadata_dpautotune_6/bin/.discopop/FileMapping.txt
[DP][CodeConfiguration] DEBUG: Created configuration: /home/lukas/git/benchmark_harness/auto_tuner_benchmarks/NPB/MG/MG_orig_with_metadata_dpautotune_6
[DP][CodeConfiguration.apply_suggestions] DEBUG: Applying patch applicator for: [32, 33, 27, 29, 30, 26]
[DP][FolderStructure.Setup.patch_applicator] DEBUG: Start
[DP][FolderStructure.Setup.patch_applicator] DEBUG: Done
[DP][CodeConfiguration.apply_suggestions] DEBUG: Patch applicator return code: 0
[DP][CodeConfiguration] DEBUG: Compiling configuration: /home/lukas/git/benchmark_harness/auto_tuner_benchmarks/NPB/MG/MG_orig_with_metadata_dpautotune_6
[DP][CodeConfiguration.compilationOutput] DEBUG: make[1]: Verzeichnis „/home/lukas/git/benchmark_harness/auto_tuner_benchmarks/NPB/MG/MG_orig_with_metadata_dpautotune_6“ wird betreten
rm -f core 
rm -f *~ */core */*~ */*.o */npbparams.hpp */*.obj */*.exe
rm -f sys/setparams sys/makesuite sys/setparams.hpp
make[1]: Verzeichnis „/home/lukas/git/benchmark_harness/auto_tuner_benchmarks/NPB/MG/MG_orig_with_metadata_dpautotune_6“ wird verlassen
make[1]: Verzeichnis „/home/lukas/git/benchmark_harness/auto_tuner_benchmarks/NPB/MG/MG_orig_with_metadata_dpautotune_6“ wird betreten
   ===========================================
   =      NAS PARALLEL BENCHMARKS 4.1        =
   =      Serial Versions                    =
   =      C++                                =
   ===========================================

cd MG; make CLASS=A
make[2]: Verzeichnis „/home/lukas/git/benchmark_harness/auto_tuner_benchmarks/NPB/MG/MG_orig_with_metadata_dpautotune_6/MG“ wird betreten
make[3]: Verzeichnis „/home/lukas/git/benchmark_harness/auto_tuner_benchmarks/NPB/MG/MG_orig_with_metadata_dpautotune_6/sys“ wird betreten
clang++ -g -fno-discard-value-names -o setparams setparams.cpp
make[3]: Verzeichnis „/home/lukas/git/benchmark_harness/auto_tuner_benchmarks/NPB/MG/MG_orig_with_metadata_dpautotune_6/sys“ wird verlassen
../sys/setparams mg A
clang++  -c -I../common  -O3 -mcmodel=medium -fopenmp mg.cpp
cd ../common; clang++  -c -I../common  -O3 -mcmodel=medium -fopenmp c_print_results.cpp
cd ../common; clang++  -c -I../common  -O3 -mcmodel=medium -fopenmp c_randdp.cpp
cd ../common; clang++  -c -I../common  -O3 -mcmodel=medium -fopenmp c_timers.cpp
cd ../common; clang++  -c -I../common  -O3 -mcmodel=medium -fopenmp -o c_wtime.o ../common/wtime.cpp
clang++ -O3 -mcmodel=medium -fopenmp -o ../bin/mg.A mg.o ../common/c_print_results.o ../common/c_randdp.o ../common/c_timers.o ../common/c_wtime.o -lm 
make[2]: Verzeichnis „/home/lukas/git/benchmark_harness/auto_tuner_benchmarks/NPB/MG/MG_orig_with_metadata_dpautotune_6/MG“ wird verlassen
make[1]: Verzeichnis „/home/lukas/git/benchmark_harness/auto_tuner_benchmarks/NPB/MG/MG_orig_with_metadata_dpautotune_6“ wird verlassen

[DP][CodeConfiguration] DEBUG: Executing configuration: /home/lukas/git/benchmark_harness/auto_tuner_benchmarks/NPB/MG/MG_orig_with_metadata_dpautotune_6 with timeout 4.860085964202881 
[DP][CodeConfiguration.executionOutput] DEBUG:  Verification    =               SUCCESSFUL

[DP][CodeConfiguration.executionError] DEBUG: 
[DP][CodeConfiguration] DEBUG: Checking result validity: /home/lukas/git/benchmark_harness/auto_tuner_benchmarks/NPB/MG/MG_orig_with_metadata_dpautotune_6
[DP][CodeConfiguration.validationOutput] DEBUG: make[1]: Verzeichnis „/home/lukas/git/benchmark_harness/auto_tuner_benchmarks/NPB/MG/MG_orig_with_metadata_dpautotune_6“ wird betreten
rm -f core 
rm -f *~ */core */*~ */*.o */npbparams.hpp */*.obj */*.exe
rm -f sys/setparams sys/makesuite sys/setparams.hpp
make[1]: Verzeichnis „/home/lukas/git/benchmark_harness/auto_tuner_benchmarks/NPB/MG/MG_orig_with_metadata_dpautotune_6“ wird verlassen
make[1]: Verzeichnis „/home/lukas/git/benchmark_harness/auto_tuner_benchmarks/NPB/MG/MG_orig_with_metadata_dpautotune_6“ wird betreten
   ===========================================
   =      NAS PARALLEL BENCHMARKS 4.1        =
   =      Serial Versions                    =
   =      C++                                =
   ===========================================

cd MG; make CLASS=A
make[2]: Verzeichnis „/home/lukas/git/benchmark_harness/auto_tuner_benchmarks/NPB/MG/MG_orig_with_metadata_dpautotune_6/MG“ wird betreten
make[3]: Verzeichnis „/home/lukas/git/benchmark_harness/auto_tuner_benchmarks/NPB/MG/MG_orig_with_metadata_dpautotune_6/sys“ wird betreten
clang++ -g -fno-discard-value-names -o setparams setparams.cpp
make[3]: Verzeichnis „/home/lukas/git/benchmark_harness/auto_tuner_benchmarks/NPB/MG/MG_orig_with_metadata_dpautotune_6/sys“ wird verlassen
../sys/setparams mg A
clang++  -c -I../common  -O3 -mcmodel=medium -fopenmp mg.cpp
cd ../common; clang++  -c -I../common  -O3 -mcmodel=medium -fopenmp c_print_results.cpp
cd ../common; clang++  -c -I../common  -O3 -mcmodel=medium -fopenmp c_randdp.cpp
cd ../common; clang++  -c -I../common  -O3 -mcmodel=medium -fopenmp c_timers.cpp
cd ../common; clang++  -c -I../common  -O3 -mcmodel=medium -fopenmp -o c_wtime.o ../common/wtime.cpp
clang++ -O3 -mcmodel=medium -fopenmp -o ../bin/mg.A mg.o ../common/c_print_results.o ../common/c_randdp.o ../common/c_timers.o ../common/c_wtime.o -lm 
make[2]: Verzeichnis „/home/lukas/git/benchmark_harness/auto_tuner_benchmarks/NPB/MG/MG_orig_with_metadata_dpautotune_6/MG“ wird verlassen
make[1]: Verzeichnis „/home/lukas/git/benchmark_harness/auto_tuner_benchmarks/NPB/MG/MG_orig_with_metadata_dpautotune_6“ wird verlassen
 Verification    =               SUCCESSFUL

[DP][CodeConfiguration.validationError] DEBUG: 
[DP][CodeConfiguration.validationResult] DEBUG: Returncode: 0
[DP][CodeConfiguration] DEBUG: Execution took 2.4443 s
[DP][CodeConfiguration] DEBUG: Execution return code: 0
[DP][CodeConfiguration] DEBUG: Execution result valid: True
[DP][CodeConfiguration] DEBUG: ThreadSanitizer valid: True
[DP][CodeConfiguration] DEBUG: Deleted /home/lukas/git/benchmark_harness/auto_tuner_benchmarks/NPB/MG/MG_orig_with_metadata_dpautotune_6
[DP][Autotuner] DEBUG: Configuration measurements:
[time]	[applied suggestions]	[return code]	[result valid]	[thread sanitizer]	[path]
2.791s	[33, 32]	0	True	True	/home/lukas/git/benchmark_harness/auto_tuner_benchmarks/NPB/MG/MG_orig_with_metadata_dpautotune_2
2.782s	[33]	0	True	True	/home/lukas/git/benchmark_harness/auto_tuner_benchmarks/NPB/MG/MG_orig_with_metadata_dpautotune_1
2.593s	[32, 33, 30]	0	True	True	/home/lukas/git/benchmark_harness/auto_tuner_benchmarks/NPB/MG/MG_orig_with_metadata_dpautotune_3
2.575s	[32, 33, 30, 29]	0	True	True	/home/lukas/git/benchmark_harness/auto_tuner_benchmarks/NPB/MG/MG_orig_with_metadata_dpautotune_4
2.498s	[32, 33, 29, 30, 27]	0	True	True	/home/lukas/git/benchmark_harness/auto_tuner_benchmarks/NPB/MG/MG_orig_with_metadata_dpautotune_5
2.444s	[32, 33, 27, 29, 30, 26]	0	True	True	/home/lukas/git/benchmark_harness/auto_tuner_benchmarks/NPB/MG/MG_orig_with_metadata_dpautotune_6
2.43s	[]	0	True	True	/home/lukas/git/benchmark_harness/auto_tuner_benchmarks/NPB/MG/MG_orig_with_metadata

[DP][Autotuner] INFO: --- 10 / 16
[DP][CodeConfiguration] DEBUG: Copied folder: /home/lukas/git/benchmark_harness/auto_tuner_benchmarks/NPB/MG/MG_orig_with_metadata to /home/lukas/git/benchmark_harness/auto_tuner_benchmarks/NPB/MG/MG_orig_with_metadata_dpautotune_7
[DP][CodeConfiguration] DEBUG: Set /home/lukas/git/benchmark_harness/auto_tuner_benchmarks/NPB/MG/MG_orig_with_metadata/bin/.discopop to /home/lukas/git/benchmark_harness/auto_tuner_benchmarks/NPB/MG/MG_orig_with_metadata_dpautotune_7/bin/.discopop
[DP][CodeConfiguration] DEBUG: Updated /home/lukas/git/benchmark_harness/auto_tuner_benchmarks/NPB/MG/MG_orig_with_metadata_dpautotune_7/bin/.discopop/FileMapping.txt
[DP][CodeConfiguration] DEBUG: Created configuration: /home/lukas/git/benchmark_harness/auto_tuner_benchmarks/NPB/MG/MG_orig_with_metadata_dpautotune_7
[DP][CodeConfiguration.apply_suggestions] DEBUG: Applying patch applicator for: [32, 33, 26, 27, 29, 30, 23]
[DP][FolderStructure.Setup.patch_applicator] DEBUG: Start
[DP][FolderStructure.Setup.patch_applicator] DEBUG: Done
[DP][CodeConfiguration.apply_suggestions] DEBUG: Patch applicator return code: 0
[DP][CodeConfiguration] DEBUG: Compiling configuration: /home/lukas/git/benchmark_harness/auto_tuner_benchmarks/NPB/MG/MG_orig_with_metadata_dpautotune_7
[DP][CodeConfiguration.compilationOutput] DEBUG: make[1]: Verzeichnis „/home/lukas/git/benchmark_harness/auto_tuner_benchmarks/NPB/MG/MG_orig_with_metadata_dpautotune_7“ wird betreten
rm -f core 
rm -f *~ */core */*~ */*.o */npbparams.hpp */*.obj */*.exe
rm -f sys/setparams sys/makesuite sys/setparams.hpp
make[1]: Verzeichnis „/home/lukas/git/benchmark_harness/auto_tuner_benchmarks/NPB/MG/MG_orig_with_metadata_dpautotune_7“ wird verlassen
make[1]: Verzeichnis „/home/lukas/git/benchmark_harness/auto_tuner_benchmarks/NPB/MG/MG_orig_with_metadata_dpautotune_7“ wird betreten
   ===========================================
   =      NAS PARALLEL BENCHMARKS 4.1        =
   =      Serial Versions                    =
   =      C++                                =
   ===========================================

cd MG; make CLASS=A
make[2]: Verzeichnis „/home/lukas/git/benchmark_harness/auto_tuner_benchmarks/NPB/MG/MG_orig_with_metadata_dpautotune_7/MG“ wird betreten
make[3]: Verzeichnis „/home/lukas/git/benchmark_harness/auto_tuner_benchmarks/NPB/MG/MG_orig_with_metadata_dpautotune_7/sys“ wird betreten
clang++ -g -fno-discard-value-names -o setparams setparams.cpp
make[3]: Verzeichnis „/home/lukas/git/benchmark_harness/auto_tuner_benchmarks/NPB/MG/MG_orig_with_metadata_dpautotune_7/sys“ wird verlassen
../sys/setparams mg A
clang++  -c -I../common  -O3 -mcmodel=medium -fopenmp mg.cpp
cd ../common; clang++  -c -I../common  -O3 -mcmodel=medium -fopenmp c_print_results.cpp
cd ../common; clang++  -c -I../common  -O3 -mcmodel=medium -fopenmp c_randdp.cpp
cd ../common; clang++  -c -I../common  -O3 -mcmodel=medium -fopenmp c_timers.cpp
cd ../common; clang++  -c -I../common  -O3 -mcmodel=medium -fopenmp -o c_wtime.o ../common/wtime.cpp
clang++ -O3 -mcmodel=medium -fopenmp -o ../bin/mg.A mg.o ../common/c_print_results.o ../common/c_randdp.o ../common/c_timers.o ../common/c_wtime.o -lm 
make[2]: Verzeichnis „/home/lukas/git/benchmark_harness/auto_tuner_benchmarks/NPB/MG/MG_orig_with_metadata_dpautotune_7/MG“ wird verlassen
make[1]: Verzeichnis „/home/lukas/git/benchmark_harness/auto_tuner_benchmarks/NPB/MG/MG_orig_with_metadata_dpautotune_7“ wird verlassen

[DP][CodeConfiguration] DEBUG: Executing configuration: /home/lukas/git/benchmark_harness/auto_tuner_benchmarks/NPB/MG/MG_orig_with_metadata_dpautotune_7 with timeout 4.860085964202881 
[DP][CodeConfiguration.executionOutput] DEBUG:  Verification    =               SUCCESSFUL

[DP][CodeConfiguration.executionError] DEBUG: 
[DP][CodeConfiguration] DEBUG: Checking result validity: /home/lukas/git/benchmark_harness/auto_tuner_benchmarks/NPB/MG/MG_orig_with_metadata_dpautotune_7
[DP][CodeConfiguration.validationOutput] DEBUG: make[1]: Verzeichnis „/home/lukas/git/benchmark_harness/auto_tuner_benchmarks/NPB/MG/MG_orig_with_metadata_dpautotune_7“ wird betreten
rm -f core 
rm -f *~ */core */*~ */*.o */npbparams.hpp */*.obj */*.exe
rm -f sys/setparams sys/makesuite sys/setparams.hpp
make[1]: Verzeichnis „/home/lukas/git/benchmark_harness/auto_tuner_benchmarks/NPB/MG/MG_orig_with_metadata_dpautotune_7“ wird verlassen
make[1]: Verzeichnis „/home/lukas/git/benchmark_harness/auto_tuner_benchmarks/NPB/MG/MG_orig_with_metadata_dpautotune_7“ wird betreten
   ===========================================
   =      NAS PARALLEL BENCHMARKS 4.1        =
   =      Serial Versions                    =
   =      C++                                =
   ===========================================

cd MG; make CLASS=A
make[2]: Verzeichnis „/home/lukas/git/benchmark_harness/auto_tuner_benchmarks/NPB/MG/MG_orig_with_metadata_dpautotune_7/MG“ wird betreten
make[3]: Verzeichnis „/home/lukas/git/benchmark_harness/auto_tuner_benchmarks/NPB/MG/MG_orig_with_metadata_dpautotune_7/sys“ wird betreten
clang++ -g -fno-discard-value-names -o setparams setparams.cpp
make[3]: Verzeichnis „/home/lukas/git/benchmark_harness/auto_tuner_benchmarks/NPB/MG/MG_orig_with_metadata_dpautotune_7/sys“ wird verlassen
../sys/setparams mg A
clang++  -c -I../common  -O3 -mcmodel=medium -fopenmp mg.cpp
cd ../common; clang++  -c -I../common  -O3 -mcmodel=medium -fopenmp c_print_results.cpp
cd ../common; clang++  -c -I../common  -O3 -mcmodel=medium -fopenmp c_randdp.cpp
cd ../common; clang++  -c -I../common  -O3 -mcmodel=medium -fopenmp c_timers.cpp
cd ../common; clang++  -c -I../common  -O3 -mcmodel=medium -fopenmp -o c_wtime.o ../common/wtime.cpp
clang++ -O3 -mcmodel=medium -fopenmp -o ../bin/mg.A mg.o ../common/c_print_results.o ../common/c_randdp.o ../common/c_timers.o ../common/c_wtime.o -lm 
make[2]: Verzeichnis „/home/lukas/git/benchmark_harness/auto_tuner_benchmarks/NPB/MG/MG_orig_with_metadata_dpautotune_7/MG“ wird verlassen
make[1]: Verzeichnis „/home/lukas/git/benchmark_harness/auto_tuner_benchmarks/NPB/MG/MG_orig_with_metadata_dpautotune_7“ wird verlassen
 Verification    =               SUCCESSFUL

[DP][CodeConfiguration.validationError] DEBUG: 
[DP][CodeConfiguration.validationResult] DEBUG: Returncode: 0
[DP][CodeConfiguration] DEBUG: Execution took 2.6901 s
[DP][CodeConfiguration] DEBUG: Execution return code: 0
[DP][CodeConfiguration] DEBUG: Execution result valid: True
[DP][CodeConfiguration] DEBUG: ThreadSanitizer valid: True
[DP][CodeConfiguration] DEBUG: Deleted /home/lukas/git/benchmark_harness/auto_tuner_benchmarks/NPB/MG/MG_orig_with_metadata_dpautotune_7
[DP][Autotuner] DEBUG: Configuration measurements:
[time]	[applied suggestions]	[return code]	[result valid]	[thread sanitizer]	[path]
2.791s	[33, 32]	0	True	True	/home/lukas/git/benchmark_harness/auto_tuner_benchmarks/NPB/MG/MG_orig_with_metadata_dpautotune_2
2.782s	[33]	0	True	True	/home/lukas/git/benchmark_harness/auto_tuner_benchmarks/NPB/MG/MG_orig_with_metadata_dpautotune_1
2.69s	[32, 33, 26, 27, 29, 30, 23]	0	True	True	/home/lukas/git/benchmark_harness/auto_tuner_benchmarks/NPB/MG/MG_orig_with_metadata_dpautotune_7
2.593s	[32, 33, 30]	0	True	True	/home/lukas/git/benchmark_harness/auto_tuner_benchmarks/NPB/MG/MG_orig_with_metadata_dpautotune_3
2.575s	[32, 33, 30, 29]	0	True	True	/home/lukas/git/benchmark_harness/auto_tuner_benchmarks/NPB/MG/MG_orig_with_metadata_dpautotune_4
2.498s	[32, 33, 29, 30, 27]	0	True	True	/home/lukas/git/benchmark_harness/auto_tuner_benchmarks/NPB/MG/MG_orig_with_metadata_dpautotune_5
2.444s	[32, 33, 27, 29, 30, 26]	0	True	True	/home/lukas/git/benchmark_harness/auto_tuner_benchmarks/NPB/MG/MG_orig_with_metadata_dpautotune_6
2.43s	[]	0	True	True	/home/lukas/git/benchmark_harness/auto_tuner_benchmarks/NPB/MG/MG_orig_with_metadata

[DP][Autotuner] INFO: --- 9 / 16
[DP][CodeConfiguration] DEBUG: Copied folder: /home/lukas/git/benchmark_harness/auto_tuner_benchmarks/NPB/MG/MG_orig_with_metadata to /home/lukas/git/benchmark_harness/auto_tuner_benchmarks/NPB/MG/MG_orig_with_metadata_dpautotune_8
[DP][CodeConfiguration] DEBUG: Set /home/lukas/git/benchmark_harness/auto_tuner_benchmarks/NPB/MG/MG_orig_with_metadata/bin/.discopop to /home/lukas/git/benchmark_harness/auto_tuner_benchmarks/NPB/MG/MG_orig_with_metadata_dpautotune_8/bin/.discopop
[DP][CodeConfiguration] DEBUG: Updated /home/lukas/git/benchmark_harness/auto_tuner_benchmarks/NPB/MG/MG_orig_with_metadata_dpautotune_8/bin/.discopop/FileMapping.txt
[DP][CodeConfiguration] DEBUG: Created configuration: /home/lukas/git/benchmark_harness/auto_tuner_benchmarks/NPB/MG/MG_orig_with_metadata_dpautotune_8
[DP][CodeConfiguration.apply_suggestions] DEBUG: Applying patch applicator for: [32, 33, 23, 26, 27, 29, 30, 24]
[DP][FolderStructure.Setup.patch_applicator] DEBUG: Start
[DP][FolderStructure.Setup.patch_applicator] DEBUG: Done
[DP][CodeConfiguration.apply_suggestions] DEBUG: Patch applicator return code: 0
[DP][CodeConfiguration] DEBUG: Compiling configuration: /home/lukas/git/benchmark_harness/auto_tuner_benchmarks/NPB/MG/MG_orig_with_metadata_dpautotune_8
[DP][CodeConfiguration.compilationOutput] DEBUG: make[1]: Verzeichnis „/home/lukas/git/benchmark_harness/auto_tuner_benchmarks/NPB/MG/MG_orig_with_metadata_dpautotune_8“ wird betreten
rm -f core 
rm -f *~ */core */*~ */*.o */npbparams.hpp */*.obj */*.exe
rm -f sys/setparams sys/makesuite sys/setparams.hpp
make[1]: Verzeichnis „/home/lukas/git/benchmark_harness/auto_tuner_benchmarks/NPB/MG/MG_orig_with_metadata_dpautotune_8“ wird verlassen
make[1]: Verzeichnis „/home/lukas/git/benchmark_harness/auto_tuner_benchmarks/NPB/MG/MG_orig_with_metadata_dpautotune_8“ wird betreten
   ===========================================
   =      NAS PARALLEL BENCHMARKS 4.1        =
   =      Serial Versions                    =
   =      C++                                =
   ===========================================

cd MG; make CLASS=A
make[2]: Verzeichnis „/home/lukas/git/benchmark_harness/auto_tuner_benchmarks/NPB/MG/MG_orig_with_metadata_dpautotune_8/MG“ wird betreten
make[3]: Verzeichnis „/home/lukas/git/benchmark_harness/auto_tuner_benchmarks/NPB/MG/MG_orig_with_metadata_dpautotune_8/sys“ wird betreten
clang++ -g -fno-discard-value-names -o setparams setparams.cpp
make[3]: Verzeichnis „/home/lukas/git/benchmark_harness/auto_tuner_benchmarks/NPB/MG/MG_orig_with_metadata_dpautotune_8/sys“ wird verlassen
../sys/setparams mg A
clang++  -c -I../common  -O3 -mcmodel=medium -fopenmp mg.cpp
cd ../common; clang++  -c -I../common  -O3 -mcmodel=medium -fopenmp c_print_results.cpp
cd ../common; clang++  -c -I../common  -O3 -mcmodel=medium -fopenmp c_randdp.cpp
cd ../common; clang++  -c -I../common  -O3 -mcmodel=medium -fopenmp c_timers.cpp
cd ../common; clang++  -c -I../common  -O3 -mcmodel=medium -fopenmp -o c_wtime.o ../common/wtime.cpp
clang++ -O3 -mcmodel=medium -fopenmp -o ../bin/mg.A mg.o ../common/c_print_results.o ../common/c_randdp.o ../common/c_timers.o ../common/c_wtime.o -lm 
make[2]: Verzeichnis „/home/lukas/git/benchmark_harness/auto_tuner_benchmarks/NPB/MG/MG_orig_with_metadata_dpautotune_8/MG“ wird verlassen
make[1]: Verzeichnis „/home/lukas/git/benchmark_harness/auto_tuner_benchmarks/NPB/MG/MG_orig_with_metadata_dpautotune_8“ wird verlassen

[DP][CodeConfiguration] DEBUG: Executing configuration: /home/lukas/git/benchmark_harness/auto_tuner_benchmarks/NPB/MG/MG_orig_with_metadata_dpautotune_8 with timeout 4.860085964202881 
[DP][CodeConfiguration.executionOutput] DEBUG: 
[DP][CodeConfiguration.executionError] DEBUG: 
[DP][CodeConfiguration] DEBUG: Execution took 3.3168 s
[DP][CodeConfiguration] DEBUG: Execution return code: 1
[DP][CodeConfiguration] DEBUG: Execution result valid: True
[DP][CodeConfiguration] DEBUG: ThreadSanitizer valid: True
[DP][CodeConfiguration] DEBUG: Deleted /home/lukas/git/benchmark_harness/auto_tuner_benchmarks/NPB/MG/MG_orig_with_metadata_dpautotune_8
[DP][Autotuner] INFO: --- 8 / 16
[DP][CodeConfiguration] DEBUG: Copied folder: /home/lukas/git/benchmark_harness/auto_tuner_benchmarks/NPB/MG/MG_orig_with_metadata to /home/lukas/git/benchmark_harness/auto_tuner_benchmarks/NPB/MG/MG_orig_with_metadata_dpautotune_9
[DP][CodeConfiguration] DEBUG: Set /home/lukas/git/benchmark_harness/auto_tuner_benchmarks/NPB/MG/MG_orig_with_metadata/bin/.discopop to /home/lukas/git/benchmark_harness/auto_tuner_benchmarks/NPB/MG/MG_orig_with_metadata_dpautotune_9/bin/.discopop
[DP][CodeConfiguration] DEBUG: Updated /home/lukas/git/benchmark_harness/auto_tuner_benchmarks/NPB/MG/MG_orig_with_metadata_dpautotune_9/bin/.discopop/FileMapping.txt
[DP][CodeConfiguration] DEBUG: Created configuration: /home/lukas/git/benchmark_harness/auto_tuner_benchmarks/NPB/MG/MG_orig_with_metadata_dpautotune_9
[DP][CodeConfiguration.apply_suggestions] DEBUG: Applying patch applicator for: [32, 33, 23, 26, 27, 29, 30, 22]
[DP][FolderStructure.Setup.patch_applicator] DEBUG: Start
[DP][FolderStructure.Setup.patch_applicator] DEBUG: Done
[DP][CodeConfiguration.apply_suggestions] DEBUG: Patch applicator return code: 0
[DP][CodeConfiguration] DEBUG: Compiling configuration: /home/lukas/git/benchmark_harness/auto_tuner_benchmarks/NPB/MG/MG_orig_with_metadata_dpautotune_9
[DP][CodeConfiguration.compilationOutput] DEBUG: make[1]: Verzeichnis „/home/lukas/git/benchmark_harness/auto_tuner_benchmarks/NPB/MG/MG_orig_with_metadata_dpautotune_9“ wird betreten
rm -f core 
rm -f *~ */core */*~ */*.o */npbparams.hpp */*.obj */*.exe
rm -f sys/setparams sys/makesuite sys/setparams.hpp
make[1]: Verzeichnis „/home/lukas/git/benchmark_harness/auto_tuner_benchmarks/NPB/MG/MG_orig_with_metadata_dpautotune_9“ wird verlassen
make[1]: Verzeichnis „/home/lukas/git/benchmark_harness/auto_tuner_benchmarks/NPB/MG/MG_orig_with_metadata_dpautotune_9“ wird betreten
   ===========================================
   =      NAS PARALLEL BENCHMARKS 4.1        =
   =      Serial Versions                    =
   =      C++                                =
   ===========================================

cd MG; make CLASS=A
make[2]: Verzeichnis „/home/lukas/git/benchmark_harness/auto_tuner_benchmarks/NPB/MG/MG_orig_with_metadata_dpautotune_9/MG“ wird betreten
make[3]: Verzeichnis „/home/lukas/git/benchmark_harness/auto_tuner_benchmarks/NPB/MG/MG_orig_with_metadata_dpautotune_9/sys“ wird betreten
clang++ -g -fno-discard-value-names -o setparams setparams.cpp
make[3]: Verzeichnis „/home/lukas/git/benchmark_harness/auto_tuner_benchmarks/NPB/MG/MG_orig_with_metadata_dpautotune_9/sys“ wird verlassen
../sys/setparams mg A
clang++  -c -I../common  -O3 -mcmodel=medium -fopenmp mg.cpp
cd ../common; clang++  -c -I../common  -O3 -mcmodel=medium -fopenmp c_print_results.cpp
cd ../common; clang++  -c -I../common  -O3 -mcmodel=medium -fopenmp c_randdp.cpp
cd ../common; clang++  -c -I../common  -O3 -mcmodel=medium -fopenmp c_timers.cpp
cd ../common; clang++  -c -I../common  -O3 -mcmodel=medium -fopenmp -o c_wtime.o ../common/wtime.cpp
clang++ -O3 -mcmodel=medium -fopenmp -o ../bin/mg.A mg.o ../common/c_print_results.o ../common/c_randdp.o ../common/c_timers.o ../common/c_wtime.o -lm 
make[2]: Verzeichnis „/home/lukas/git/benchmark_harness/auto_tuner_benchmarks/NPB/MG/MG_orig_with_metadata_dpautotune_9/MG“ wird verlassen
make[1]: Verzeichnis „/home/lukas/git/benchmark_harness/auto_tuner_benchmarks/NPB/MG/MG_orig_with_metadata_dpautotune_9“ wird verlassen

[DP][CodeConfiguration] DEBUG: Executing configuration: /home/lukas/git/benchmark_harness/auto_tuner_benchmarks/NPB/MG/MG_orig_with_metadata_dpautotune_9 with timeout 4.860085964202881 
[DP][CodeConfiguration.executionOutput] DEBUG:  Verification    =               SUCCESSFUL

[DP][CodeConfiguration.executionError] DEBUG: 
[DP][CodeConfiguration] DEBUG: Checking result validity: /home/lukas/git/benchmark_harness/auto_tuner_benchmarks/NPB/MG/MG_orig_with_metadata_dpautotune_9
[DP][CodeConfiguration.validationOutput] DEBUG: make[1]: Verzeichnis „/home/lukas/git/benchmark_harness/auto_tuner_benchmarks/NPB/MG/MG_orig_with_metadata_dpautotune_9“ wird betreten
rm -f core 
rm -f *~ */core */*~ */*.o */npbparams.hpp */*.obj */*.exe
rm -f sys/setparams sys/makesuite sys/setparams.hpp
make[1]: Verzeichnis „/home/lukas/git/benchmark_harness/auto_tuner_benchmarks/NPB/MG/MG_orig_with_metadata_dpautotune_9“ wird verlassen
make[1]: Verzeichnis „/home/lukas/git/benchmark_harness/auto_tuner_benchmarks/NPB/MG/MG_orig_with_metadata_dpautotune_9“ wird betreten
   ===========================================
   =      NAS PARALLEL BENCHMARKS 4.1        =
   =      Serial Versions                    =
   =      C++                                =
   ===========================================

cd MG; make CLASS=A
make[2]: Verzeichnis „/home/lukas/git/benchmark_harness/auto_tuner_benchmarks/NPB/MG/MG_orig_with_metadata_dpautotune_9/MG“ wird betreten
make[3]: Verzeichnis „/home/lukas/git/benchmark_harness/auto_tuner_benchmarks/NPB/MG/MG_orig_with_metadata_dpautotune_9/sys“ wird betreten
clang++ -g -fno-discard-value-names -o setparams setparams.cpp
make[3]: Verzeichnis „/home/lukas/git/benchmark_harness/auto_tuner_benchmarks/NPB/MG/MG_orig_with_metadata_dpautotune_9/sys“ wird verlassen
../sys/setparams mg A
clang++  -c -I../common  -O3 -mcmodel=medium -fopenmp mg.cpp
cd ../common; clang++  -c -I../common  -O3 -mcmodel=medium -fopenmp c_print_results.cpp
cd ../common; clang++  -c -I../common  -O3 -mcmodel=medium -fopenmp c_randdp.cpp
cd ../common; clang++  -c -I../common  -O3 -mcmodel=medium -fopenmp c_timers.cpp
cd ../common; clang++  -c -I../common  -O3 -mcmodel=medium -fopenmp -o c_wtime.o ../common/wtime.cpp
clang++ -O3 -mcmodel=medium -fopenmp -o ../bin/mg.A mg.o ../common/c_print_results.o ../common/c_randdp.o ../common/c_timers.o ../common/c_wtime.o -lm 
make[2]: Verzeichnis „/home/lukas/git/benchmark_harness/auto_tuner_benchmarks/NPB/MG/MG_orig_with_metadata_dpautotune_9/MG“ wird verlassen
make[1]: Verzeichnis „/home/lukas/git/benchmark_harness/auto_tuner_benchmarks/NPB/MG/MG_orig_with_metadata_dpautotune_9“ wird verlassen
 Verification    =               SUCCESSFUL

[DP][CodeConfiguration.validationError] DEBUG: 
[DP][CodeConfiguration.validationResult] DEBUG: Returncode: 0
[DP][CodeConfiguration] DEBUG: Execution took 2.6726 s
[DP][CodeConfiguration] DEBUG: Execution return code: 0
[DP][CodeConfiguration] DEBUG: Execution result valid: True
[DP][CodeConfiguration] DEBUG: ThreadSanitizer valid: True
[DP][CodeConfiguration] DEBUG: Deleted /home/lukas/git/benchmark_harness/auto_tuner_benchmarks/NPB/MG/MG_orig_with_metadata_dpautotune_9
[DP][Autotuner] DEBUG: Configuration measurements:
[time]	[applied suggestions]	[return code]	[result valid]	[thread sanitizer]	[path]
3.317s	[32, 33, 23, 26, 27, 29, 30, 24]	1	True	True	/home/lukas/git/benchmark_harness/auto_tuner_benchmarks/NPB/MG/MG_orig_with_metadata_dpautotune_8
2.791s	[33, 32]	0	True	True	/home/lukas/git/benchmark_harness/auto_tuner_benchmarks/NPB/MG/MG_orig_with_metadata_dpautotune_2
2.782s	[33]	0	True	True	/home/lukas/git/benchmark_harness/auto_tuner_benchmarks/NPB/MG/MG_orig_with_metadata_dpautotune_1
2.69s	[32, 33, 26, 27, 29, 30, 23]	0	True	True	/home/lukas/git/benchmark_harness/auto_tuner_benchmarks/NPB/MG/MG_orig_with_metadata_dpautotune_7
2.673s	[32, 33, 23, 26, 27, 29, 30, 22]	0	True	True	/home/lukas/git/benchmark_harness/auto_tuner_benchmarks/NPB/MG/MG_orig_with_metadata_dpautotune_9
2.593s	[32, 33, 30]	0	True	True	/home/lukas/git/benchmark_harness/auto_tuner_benchmarks/NPB/MG/MG_orig_with_metadata_dpautotune_3
2.575s	[32, 33, 30, 29]	0	True	True	/home/lukas/git/benchmark_harness/auto_tuner_benchmarks/NPB/MG/MG_orig_with_metadata_dpautotune_4
2.498s	[32, 33, 29, 30, 27]	0	True	True	/home/lukas/git/benchmark_harness/auto_tuner_benchmarks/NPB/MG/MG_orig_with_metadata_dpautotune_5
2.444s	[32, 33, 27, 29, 30, 26]	0	True	True	/home/lukas/git/benchmark_harness/auto_tuner_benchmarks/NPB/MG/MG_orig_with_metadata_dpautotune_6
2.43s	[]	0	True	True	/home/lukas/git/benchmark_harness/auto_tuner_benchmarks/NPB/MG/MG_orig_with_metadata

[DP][Autotuner] INFO: --- 7 / 16
[DP][CodeConfiguration] DEBUG: Copied folder: /home/lukas/git/benchmark_harness/auto_tuner_benchmarks/NPB/MG/MG_orig_with_metadata to /home/lukas/git/benchmark_harness/auto_tuner_benchmarks/NPB/MG/MG_orig_with_metadata_dpautotune_10
[DP][CodeConfiguration] DEBUG: Set /home/lukas/git/benchmark_harness/auto_tuner_benchmarks/NPB/MG/MG_orig_with_metadata/bin/.discopop to /home/lukas/git/benchmark_harness/auto_tuner_benchmarks/NPB/MG/MG_orig_with_metadata_dpautotune_10/bin/.discopop
[DP][CodeConfiguration] DEBUG: Updated /home/lukas/git/benchmark_harness/auto_tuner_benchmarks/NPB/MG/MG_orig_with_metadata_dpautotune_10/bin/.discopop/FileMapping.txt
[DP][CodeConfiguration] DEBUG: Created configuration: /home/lukas/git/benchmark_harness/auto_tuner_benchmarks/NPB/MG/MG_orig_with_metadata_dpautotune_10
[DP][CodeConfiguration.apply_suggestions] DEBUG: Applying patch applicator for: [32, 33, 22, 23, 26, 27, 29, 30, 21]
[DP][FolderStructure.Setup.patch_applicator] DEBUG: Start
[DP][FolderStructure.Setup.patch_applicator] DEBUG: Done
[DP][CodeConfiguration.apply_suggestions] DEBUG: Patch applicator return code: 0
[DP][CodeConfiguration] DEBUG: Compiling configuration: /home/lukas/git/benchmark_harness/auto_tuner_benchmarks/NPB/MG/MG_orig_with_metadata_dpautotune_10
[DP][CodeConfiguration.compilationOutput] DEBUG: make[1]: Verzeichnis „/home/lukas/git/benchmark_harness/auto_tuner_benchmarks/NPB/MG/MG_orig_with_metadata_dpautotune_10“ wird betreten
rm -f core 
rm -f *~ */core */*~ */*.o */npbparams.hpp */*.obj */*.exe
rm -f sys/setparams sys/makesuite sys/setparams.hpp
make[1]: Verzeichnis „/home/lukas/git/benchmark_harness/auto_tuner_benchmarks/NPB/MG/MG_orig_with_metadata_dpautotune_10“ wird verlassen
make[1]: Verzeichnis „/home/lukas/git/benchmark_harness/auto_tuner_benchmarks/NPB/MG/MG_orig_with_metadata_dpautotune_10“ wird betreten
   ===========================================
   =      NAS PARALLEL BENCHMARKS 4.1        =
   =      Serial Versions                    =
   =      C++                                =
   ===========================================

cd MG; make CLASS=A
make[2]: Verzeichnis „/home/lukas/git/benchmark_harness/auto_tuner_benchmarks/NPB/MG/MG_orig_with_metadata_dpautotune_10/MG“ wird betreten
make[3]: Verzeichnis „/home/lukas/git/benchmark_harness/auto_tuner_benchmarks/NPB/MG/MG_orig_with_metadata_dpautotune_10/sys“ wird betreten
clang++ -g -fno-discard-value-names -o setparams setparams.cpp
make[3]: Verzeichnis „/home/lukas/git/benchmark_harness/auto_tuner_benchmarks/NPB/MG/MG_orig_with_metadata_dpautotune_10/sys“ wird verlassen
../sys/setparams mg A
clang++  -c -I../common  -O3 -mcmodel=medium -fopenmp mg.cpp
cd ../common; clang++  -c -I../common  -O3 -mcmodel=medium -fopenmp c_print_results.cpp
cd ../common; clang++  -c -I../common  -O3 -mcmodel=medium -fopenmp c_randdp.cpp
cd ../common; clang++  -c -I../common  -O3 -mcmodel=medium -fopenmp c_timers.cpp
cd ../common; clang++  -c -I../common  -O3 -mcmodel=medium -fopenmp -o c_wtime.o ../common/wtime.cpp
clang++ -O3 -mcmodel=medium -fopenmp -o ../bin/mg.A mg.o ../common/c_print_results.o ../common/c_randdp.o ../common/c_timers.o ../common/c_wtime.o -lm 
make[2]: Verzeichnis „/home/lukas/git/benchmark_harness/auto_tuner_benchmarks/NPB/MG/MG_orig_with_metadata_dpautotune_10/MG“ wird verlassen
make[1]: Verzeichnis „/home/lukas/git/benchmark_harness/auto_tuner_benchmarks/NPB/MG/MG_orig_with_metadata_dpautotune_10“ wird verlassen

[DP][CodeConfiguration] DEBUG: Executing configuration: /home/lukas/git/benchmark_harness/auto_tuner_benchmarks/NPB/MG/MG_orig_with_metadata_dpautotune_10 with timeout 4.860085964202881 
[DP][CodeConfiguration.executionOutput] DEBUG:  Verification    =               SUCCESSFUL

[DP][CodeConfiguration.executionError] DEBUG: 
[DP][CodeConfiguration] DEBUG: Checking result validity: /home/lukas/git/benchmark_harness/auto_tuner_benchmarks/NPB/MG/MG_orig_with_metadata_dpautotune_10
[DP][CodeConfiguration.validationOutput] DEBUG: make[1]: Verzeichnis „/home/lukas/git/benchmark_harness/auto_tuner_benchmarks/NPB/MG/MG_orig_with_metadata_dpautotune_10“ wird betreten
rm -f core 
rm -f *~ */core */*~ */*.o */npbparams.hpp */*.obj */*.exe
rm -f sys/setparams sys/makesuite sys/setparams.hpp
make[1]: Verzeichnis „/home/lukas/git/benchmark_harness/auto_tuner_benchmarks/NPB/MG/MG_orig_with_metadata_dpautotune_10“ wird verlassen
make[1]: Verzeichnis „/home/lukas/git/benchmark_harness/auto_tuner_benchmarks/NPB/MG/MG_orig_with_metadata_dpautotune_10“ wird betreten
   ===========================================
   =      NAS PARALLEL BENCHMARKS 4.1        =
   =      Serial Versions                    =
   =      C++                                =
   ===========================================

cd MG; make CLASS=A
make[2]: Verzeichnis „/home/lukas/git/benchmark_harness/auto_tuner_benchmarks/NPB/MG/MG_orig_with_metadata_dpautotune_10/MG“ wird betreten
make[3]: Verzeichnis „/home/lukas/git/benchmark_harness/auto_tuner_benchmarks/NPB/MG/MG_orig_with_metadata_dpautotune_10/sys“ wird betreten
clang++ -g -fno-discard-value-names -o setparams setparams.cpp
make[3]: Verzeichnis „/home/lukas/git/benchmark_harness/auto_tuner_benchmarks/NPB/MG/MG_orig_with_metadata_dpautotune_10/sys“ wird verlassen
../sys/setparams mg A
clang++  -c -I../common  -O3 -mcmodel=medium -fopenmp mg.cpp
cd ../common; clang++  -c -I../common  -O3 -mcmodel=medium -fopenmp c_print_results.cpp
cd ../common; clang++  -c -I../common  -O3 -mcmodel=medium -fopenmp c_randdp.cpp
cd ../common; clang++  -c -I../common  -O3 -mcmodel=medium -fopenmp c_timers.cpp
cd ../common; clang++  -c -I../common  -O3 -mcmodel=medium -fopenmp -o c_wtime.o ../common/wtime.cpp
clang++ -O3 -mcmodel=medium -fopenmp -o ../bin/mg.A mg.o ../common/c_print_results.o ../common/c_randdp.o ../common/c_timers.o ../common/c_wtime.o -lm 
make[2]: Verzeichnis „/home/lukas/git/benchmark_harness/auto_tuner_benchmarks/NPB/MG/MG_orig_with_metadata_dpautotune_10/MG“ wird verlassen
make[1]: Verzeichnis „/home/lukas/git/benchmark_harness/auto_tuner_benchmarks/NPB/MG/MG_orig_with_metadata_dpautotune_10“ wird verlassen
 Verification    =               SUCCESSFUL

[DP][CodeConfiguration.validationError] DEBUG: 
[DP][CodeConfiguration.validationResult] DEBUG: Returncode: 0
[DP][CodeConfiguration] DEBUG: Execution took 4.6683 s
[DP][CodeConfiguration] DEBUG: Execution return code: 0
[DP][CodeConfiguration] DEBUG: Execution result valid: True
[DP][CodeConfiguration] DEBUG: ThreadSanitizer valid: True
[DP][CodeConfiguration] DEBUG: Deleted /home/lukas/git/benchmark_harness/auto_tuner_benchmarks/NPB/MG/MG_orig_with_metadata_dpautotune_10
[DP][Autotuner] DEBUG: Configuration measurements:
[time]	[applied suggestions]	[return code]	[result valid]	[thread sanitizer]	[path]
4.668s	[32, 33, 22, 23, 26, 27, 29, 30, 21]	0	True	True	/home/lukas/git/benchmark_harness/auto_tuner_benchmarks/NPB/MG/MG_orig_with_metadata_dpautotune_10
3.317s	[32, 33, 23, 26, 27, 29, 30, 24]	1	True	True	/home/lukas/git/benchmark_harness/auto_tuner_benchmarks/NPB/MG/MG_orig_with_metadata_dpautotune_8
2.791s	[33, 32]	0	True	True	/home/lukas/git/benchmark_harness/auto_tuner_benchmarks/NPB/MG/MG_orig_with_metadata_dpautotune_2
2.782s	[33]	0	True	True	/home/lukas/git/benchmark_harness/auto_tuner_benchmarks/NPB/MG/MG_orig_with_metadata_dpautotune_1
2.69s	[32, 33, 26, 27, 29, 30, 23]	0	True	True	/home/lukas/git/benchmark_harness/auto_tuner_benchmarks/NPB/MG/MG_orig_with_metadata_dpautotune_7
2.673s	[32, 33, 23, 26, 27, 29, 30, 22]	0	True	True	/home/lukas/git/benchmark_harness/auto_tuner_benchmarks/NPB/MG/MG_orig_with_metadata_dpautotune_9
2.593s	[32, 33, 30]	0	True	True	/home/lukas/git/benchmark_harness/auto_tuner_benchmarks/NPB/MG/MG_orig_with_metadata_dpautotune_3
2.575s	[32, 33, 30, 29]	0	True	True	/home/lukas/git/benchmark_harness/auto_tuner_benchmarks/NPB/MG/MG_orig_with_metadata_dpautotune_4
2.498s	[32, 33, 29, 30, 27]	0	True	True	/home/lukas/git/benchmark_harness/auto_tuner_benchmarks/NPB/MG/MG_orig_with_metadata_dpautotune_5
2.444s	[32, 33, 27, 29, 30, 26]	0	True	True	/home/lukas/git/benchmark_harness/auto_tuner_benchmarks/NPB/MG/MG_orig_with_metadata_dpautotune_6
2.43s	[]	0	True	True	/home/lukas/git/benchmark_harness/auto_tuner_benchmarks/NPB/MG/MG_orig_with_metadata

[DP][Autotuner] INFO: --- 6 / 16
[DP][CodeConfiguration] DEBUG: Copied folder: /home/lukas/git/benchmark_harness/auto_tuner_benchmarks/NPB/MG/MG_orig_with_metadata to /home/lukas/git/benchmark_harness/auto_tuner_benchmarks/NPB/MG/MG_orig_with_metadata_dpautotune_11
[DP][CodeConfiguration] DEBUG: Set /home/lukas/git/benchmark_harness/auto_tuner_benchmarks/NPB/MG/MG_orig_with_metadata/bin/.discopop to /home/lukas/git/benchmark_harness/auto_tuner_benchmarks/NPB/MG/MG_orig_with_metadata_dpautotune_11/bin/.discopop
[DP][CodeConfiguration] DEBUG: Updated /home/lukas/git/benchmark_harness/auto_tuner_benchmarks/NPB/MG/MG_orig_with_metadata_dpautotune_11/bin/.discopop/FileMapping.txt
[DP][CodeConfiguration] DEBUG: Created configuration: /home/lukas/git/benchmark_harness/auto_tuner_benchmarks/NPB/MG/MG_orig_with_metadata_dpautotune_11
[DP][CodeConfiguration.apply_suggestions] DEBUG: Applying patch applicator for: [32, 33, 21, 22, 23, 26, 27, 29, 30, 18]
[DP][FolderStructure.Setup.patch_applicator] DEBUG: Start
[DP][FolderStructure.Setup.patch_applicator] DEBUG: Done
[DP][CodeConfiguration.apply_suggestions] DEBUG: Patch applicator return code: 0
[DP][CodeConfiguration] DEBUG: Compiling configuration: /home/lukas/git/benchmark_harness/auto_tuner_benchmarks/NPB/MG/MG_orig_with_metadata_dpautotune_11
[DP][CodeConfiguration.compilationOutput] DEBUG: make[1]: Verzeichnis „/home/lukas/git/benchmark_harness/auto_tuner_benchmarks/NPB/MG/MG_orig_with_metadata_dpautotune_11“ wird betreten
rm -f core 
rm -f *~ */core */*~ */*.o */npbparams.hpp */*.obj */*.exe
rm -f sys/setparams sys/makesuite sys/setparams.hpp
make[1]: Verzeichnis „/home/lukas/git/benchmark_harness/auto_tuner_benchmarks/NPB/MG/MG_orig_with_metadata_dpautotune_11“ wird verlassen
make[1]: Verzeichnis „/home/lukas/git/benchmark_harness/auto_tuner_benchmarks/NPB/MG/MG_orig_with_metadata_dpautotune_11“ wird betreten
   ===========================================
   =      NAS PARALLEL BENCHMARKS 4.1        =
   =      Serial Versions                    =
   =      C++                                =
   ===========================================

cd MG; make CLASS=A
make[2]: Verzeichnis „/home/lukas/git/benchmark_harness/auto_tuner_benchmarks/NPB/MG/MG_orig_with_metadata_dpautotune_11/MG“ wird betreten
make[3]: Verzeichnis „/home/lukas/git/benchmark_harness/auto_tuner_benchmarks/NPB/MG/MG_orig_with_metadata_dpautotune_11/sys“ wird betreten
clang++ -g -fno-discard-value-names -o setparams setparams.cpp
make[3]: Verzeichnis „/home/lukas/git/benchmark_harness/auto_tuner_benchmarks/NPB/MG/MG_orig_with_metadata_dpautotune_11/sys“ wird verlassen
../sys/setparams mg A
clang++  -c -I../common  -O3 -mcmodel=medium -fopenmp mg.cpp
cd ../common; clang++  -c -I../common  -O3 -mcmodel=medium -fopenmp c_print_results.cpp
cd ../common; clang++  -c -I../common  -O3 -mcmodel=medium -fopenmp c_randdp.cpp
cd ../common; clang++  -c -I../common  -O3 -mcmodel=medium -fopenmp c_timers.cpp
cd ../common; clang++  -c -I../common  -O3 -mcmodel=medium -fopenmp -o c_wtime.o ../common/wtime.cpp
clang++ -O3 -mcmodel=medium -fopenmp -o ../bin/mg.A mg.o ../common/c_print_results.o ../common/c_randdp.o ../common/c_timers.o ../common/c_wtime.o -lm 
make[2]: Verzeichnis „/home/lukas/git/benchmark_harness/auto_tuner_benchmarks/NPB/MG/MG_orig_with_metadata_dpautotune_11/MG“ wird verlassen
make[1]: Verzeichnis „/home/lukas/git/benchmark_harness/auto_tuner_benchmarks/NPB/MG/MG_orig_with_metadata_dpautotune_11“ wird verlassen

[DP][CodeConfiguration] DEBUG: Executing configuration: /home/lukas/git/benchmark_harness/auto_tuner_benchmarks/NPB/MG/MG_orig_with_metadata_dpautotune_11 with timeout 4.860085964202881 
[DP][CodeConfiguration.executionOutput] DEBUG:  Verification    =               SUCCESSFUL

[DP][CodeConfiguration.executionError] DEBUG: 
[DP][CodeConfiguration] DEBUG: Checking result validity: /home/lukas/git/benchmark_harness/auto_tuner_benchmarks/NPB/MG/MG_orig_with_metadata_dpautotune_11
[DP][CodeConfiguration.validationOutput] DEBUG: make[1]: Verzeichnis „/home/lukas/git/benchmark_harness/auto_tuner_benchmarks/NPB/MG/MG_orig_with_metadata_dpautotune_11“ wird betreten
rm -f core 
rm -f *~ */core */*~ */*.o */npbparams.hpp */*.obj */*.exe
rm -f sys/setparams sys/makesuite sys/setparams.hpp
make[1]: Verzeichnis „/home/lukas/git/benchmark_harness/auto_tuner_benchmarks/NPB/MG/MG_orig_with_metadata_dpautotune_11“ wird verlassen
make[1]: Verzeichnis „/home/lukas/git/benchmark_harness/auto_tuner_benchmarks/NPB/MG/MG_orig_with_metadata_dpautotune_11“ wird betreten
   ===========================================
   =      NAS PARALLEL BENCHMARKS 4.1        =
   =      Serial Versions                    =
   =      C++                                =
   ===========================================

cd MG; make CLASS=A
make[2]: Verzeichnis „/home/lukas/git/benchmark_harness/auto_tuner_benchmarks/NPB/MG/MG_orig_with_metadata_dpautotune_11/MG“ wird betreten
make[3]: Verzeichnis „/home/lukas/git/benchmark_harness/auto_tuner_benchmarks/NPB/MG/MG_orig_with_metadata_dpautotune_11/sys“ wird betreten
clang++ -g -fno-discard-value-names -o setparams setparams.cpp
make[3]: Verzeichnis „/home/lukas/git/benchmark_harness/auto_tuner_benchmarks/NPB/MG/MG_orig_with_metadata_dpautotune_11/sys“ wird verlassen
../sys/setparams mg A
clang++  -c -I../common  -O3 -mcmodel=medium -fopenmp mg.cpp
cd ../common; clang++  -c -I../common  -O3 -mcmodel=medium -fopenmp c_print_results.cpp
cd ../common; clang++  -c -I../common  -O3 -mcmodel=medium -fopenmp c_randdp.cpp
cd ../common; clang++  -c -I../common  -O3 -mcmodel=medium -fopenmp c_timers.cpp
cd ../common; clang++  -c -I../common  -O3 -mcmodel=medium -fopenmp -o c_wtime.o ../common/wtime.cpp
clang++ -O3 -mcmodel=medium -fopenmp -o ../bin/mg.A mg.o ../common/c_print_results.o ../common/c_randdp.o ../common/c_timers.o ../common/c_wtime.o -lm 
make[2]: Verzeichnis „/home/lukas/git/benchmark_harness/auto_tuner_benchmarks/NPB/MG/MG_orig_with_metadata_dpautotune_11/MG“ wird verlassen
make[1]: Verzeichnis „/home/lukas/git/benchmark_harness/auto_tuner_benchmarks/NPB/MG/MG_orig_with_metadata_dpautotune_11“ wird verlassen
 Verification    =               SUCCESSFUL

[DP][CodeConfiguration.validationError] DEBUG: 
[DP][CodeConfiguration.validationResult] DEBUG: Returncode: 0
[DP][CodeConfiguration] DEBUG: Execution took 4.5875 s
[DP][CodeConfiguration] DEBUG: Execution return code: 0
[DP][CodeConfiguration] DEBUG: Execution result valid: True
[DP][CodeConfiguration] DEBUG: ThreadSanitizer valid: True
[DP][CodeConfiguration] DEBUG: Deleted /home/lukas/git/benchmark_harness/auto_tuner_benchmarks/NPB/MG/MG_orig_with_metadata_dpautotune_11
[DP][Autotuner] DEBUG: Configuration measurements:
[time]	[applied suggestions]	[return code]	[result valid]	[thread sanitizer]	[path]
4.668s	[32, 33, 22, 23, 26, 27, 29, 30, 21]	0	True	True	/home/lukas/git/benchmark_harness/auto_tuner_benchmarks/NPB/MG/MG_orig_with_metadata_dpautotune_10
4.587s	[32, 33, 21, 22, 23, 26, 27, 29, 30, 18]	0	True	True	/home/lukas/git/benchmark_harness/auto_tuner_benchmarks/NPB/MG/MG_orig_with_metadata_dpautotune_11
3.317s	[32, 33, 23, 26, 27, 29, 30, 24]	1	True	True	/home/lukas/git/benchmark_harness/auto_tuner_benchmarks/NPB/MG/MG_orig_with_metadata_dpautotune_8
2.791s	[33, 32]	0	True	True	/home/lukas/git/benchmark_harness/auto_tuner_benchmarks/NPB/MG/MG_orig_with_metadata_dpautotune_2
2.782s	[33]	0	True	True	/home/lukas/git/benchmark_harness/auto_tuner_benchmarks/NPB/MG/MG_orig_with_metadata_dpautotune_1
2.69s	[32, 33, 26, 27, 29, 30, 23]	0	True	True	/home/lukas/git/benchmark_harness/auto_tuner_benchmarks/NPB/MG/MG_orig_with_metadata_dpautotune_7
2.673s	[32, 33, 23, 26, 27, 29, 30, 22]	0	True	True	/home/lukas/git/benchmark_harness/auto_tuner_benchmarks/NPB/MG/MG_orig_with_metadata_dpautotune_9
2.593s	[32, 33, 30]	0	True	True	/home/lukas/git/benchmark_harness/auto_tuner_benchmarks/NPB/MG/MG_orig_with_metadata_dpautotune_3
2.575s	[32, 33, 30, 29]	0	True	True	/home/lukas/git/benchmark_harness/auto_tuner_benchmarks/NPB/MG/MG_orig_with_metadata_dpautotune_4
2.498s	[32, 33, 29, 30, 27]	0	True	True	/home/lukas/git/benchmark_harness/auto_tuner_benchmarks/NPB/MG/MG_orig_with_metadata_dpautotune_5
2.444s	[32, 33, 27, 29, 30, 26]	0	True	True	/home/lukas/git/benchmark_harness/auto_tuner_benchmarks/NPB/MG/MG_orig_with_metadata_dpautotune_6
2.43s	[]	0	True	True	/home/lukas/git/benchmark_harness/auto_tuner_benchmarks/NPB/MG/MG_orig_with_metadata

[DP][Autotuner] INFO: --- 5 / 16
[DP][CodeConfiguration] DEBUG: Copied folder: /home/lukas/git/benchmark_harness/auto_tuner_benchmarks/NPB/MG/MG_orig_with_metadata to /home/lukas/git/benchmark_harness/auto_tuner_benchmarks/NPB/MG/MG_orig_with_metadata_dpautotune_12
[DP][CodeConfiguration] DEBUG: Set /home/lukas/git/benchmark_harness/auto_tuner_benchmarks/NPB/MG/MG_orig_with_metadata/bin/.discopop to /home/lukas/git/benchmark_harness/auto_tuner_benchmarks/NPB/MG/MG_orig_with_metadata_dpautotune_12/bin/.discopop
[DP][CodeConfiguration] DEBUG: Updated /home/lukas/git/benchmark_harness/auto_tuner_benchmarks/NPB/MG/MG_orig_with_metadata_dpautotune_12/bin/.discopop/FileMapping.txt
[DP][CodeConfiguration] DEBUG: Created configuration: /home/lukas/git/benchmark_harness/auto_tuner_benchmarks/NPB/MG/MG_orig_with_metadata_dpautotune_12
[DP][CodeConfiguration.apply_suggestions] DEBUG: Applying patch applicator for: [32, 33, 18, 21, 22, 23, 26, 27, 29, 30, 16]
[DP][FolderStructure.Setup.patch_applicator] DEBUG: Start
[DP][FolderStructure.Setup.patch_applicator] DEBUG: Done
[DP][CodeConfiguration.apply_suggestions] DEBUG: Patch applicator return code: 0
[DP][CodeConfiguration] DEBUG: Compiling configuration: /home/lukas/git/benchmark_harness/auto_tuner_benchmarks/NPB/MG/MG_orig_with_metadata_dpautotune_12
[DP][CodeConfiguration.compilationOutput] DEBUG: make[1]: Verzeichnis „/home/lukas/git/benchmark_harness/auto_tuner_benchmarks/NPB/MG/MG_orig_with_metadata_dpautotune_12“ wird betreten
rm -f core 
rm -f *~ */core */*~ */*.o */npbparams.hpp */*.obj */*.exe
rm -f sys/setparams sys/makesuite sys/setparams.hpp
make[1]: Verzeichnis „/home/lukas/git/benchmark_harness/auto_tuner_benchmarks/NPB/MG/MG_orig_with_metadata_dpautotune_12“ wird verlassen
make[1]: Verzeichnis „/home/lukas/git/benchmark_harness/auto_tuner_benchmarks/NPB/MG/MG_orig_with_metadata_dpautotune_12“ wird betreten
   ===========================================
   =      NAS PARALLEL BENCHMARKS 4.1        =
   =      Serial Versions                    =
   =      C++                                =
   ===========================================

cd MG; make CLASS=A
make[2]: Verzeichnis „/home/lukas/git/benchmark_harness/auto_tuner_benchmarks/NPB/MG/MG_orig_with_metadata_dpautotune_12/MG“ wird betreten
make[3]: Verzeichnis „/home/lukas/git/benchmark_harness/auto_tuner_benchmarks/NPB/MG/MG_orig_with_metadata_dpautotune_12/sys“ wird betreten
clang++ -g -fno-discard-value-names -o setparams setparams.cpp
make[3]: Verzeichnis „/home/lukas/git/benchmark_harness/auto_tuner_benchmarks/NPB/MG/MG_orig_with_metadata_dpautotune_12/sys“ wird verlassen
../sys/setparams mg A
clang++  -c -I../common  -O3 -mcmodel=medium -fopenmp mg.cpp
cd ../common; clang++  -c -I../common  -O3 -mcmodel=medium -fopenmp c_print_results.cpp
cd ../common; clang++  -c -I../common  -O3 -mcmodel=medium -fopenmp c_randdp.cpp
cd ../common; clang++  -c -I../common  -O3 -mcmodel=medium -fopenmp c_timers.cpp
cd ../common; clang++  -c -I../common  -O3 -mcmodel=medium -fopenmp -o c_wtime.o ../common/wtime.cpp
clang++ -O3 -mcmodel=medium -fopenmp -o ../bin/mg.A mg.o ../common/c_print_results.o ../common/c_randdp.o ../common/c_timers.o ../common/c_wtime.o -lm 
make[2]: Verzeichnis „/home/lukas/git/benchmark_harness/auto_tuner_benchmarks/NPB/MG/MG_orig_with_metadata_dpautotune_12/MG“ wird verlassen
make[1]: Verzeichnis „/home/lukas/git/benchmark_harness/auto_tuner_benchmarks/NPB/MG/MG_orig_with_metadata_dpautotune_12“ wird verlassen

[DP][CodeConfiguration] DEBUG: Executing configuration: /home/lukas/git/benchmark_harness/auto_tuner_benchmarks/NPB/MG/MG_orig_with_metadata_dpautotune_12 with timeout 4.860085964202881 
[DP][CodeConfiguration.executionOutput] DEBUG:  Verification    =               SUCCESSFUL

[DP][CodeConfiguration.executionError] DEBUG: 
[DP][CodeConfiguration] DEBUG: Checking result validity: /home/lukas/git/benchmark_harness/auto_tuner_benchmarks/NPB/MG/MG_orig_with_metadata_dpautotune_12
[DP][CodeConfiguration.validationOutput] DEBUG: make[1]: Verzeichnis „/home/lukas/git/benchmark_harness/auto_tuner_benchmarks/NPB/MG/MG_orig_with_metadata_dpautotune_12“ wird betreten
rm -f core 
rm -f *~ */core */*~ */*.o */npbparams.hpp */*.obj */*.exe
rm -f sys/setparams sys/makesuite sys/setparams.hpp
make[1]: Verzeichnis „/home/lukas/git/benchmark_harness/auto_tuner_benchmarks/NPB/MG/MG_orig_with_metadata_dpautotune_12“ wird verlassen
make[1]: Verzeichnis „/home/lukas/git/benchmark_harness/auto_tuner_benchmarks/NPB/MG/MG_orig_with_metadata_dpautotune_12“ wird betreten
   ===========================================
   =      NAS PARALLEL BENCHMARKS 4.1        =
   =      Serial Versions                    =
   =      C++                                =
   ===========================================

cd MG; make CLASS=A
make[2]: Verzeichnis „/home/lukas/git/benchmark_harness/auto_tuner_benchmarks/NPB/MG/MG_orig_with_metadata_dpautotune_12/MG“ wird betreten
make[3]: Verzeichnis „/home/lukas/git/benchmark_harness/auto_tuner_benchmarks/NPB/MG/MG_orig_with_metadata_dpautotune_12/sys“ wird betreten
clang++ -g -fno-discard-value-names -o setparams setparams.cpp
make[3]: Verzeichnis „/home/lukas/git/benchmark_harness/auto_tuner_benchmarks/NPB/MG/MG_orig_with_metadata_dpautotune_12/sys“ wird verlassen
../sys/setparams mg A
clang++  -c -I../common  -O3 -mcmodel=medium -fopenmp mg.cpp
cd ../common; clang++  -c -I../common  -O3 -mcmodel=medium -fopenmp c_print_results.cpp
cd ../common; clang++  -c -I../common  -O3 -mcmodel=medium -fopenmp c_randdp.cpp
cd ../common; clang++  -c -I../common  -O3 -mcmodel=medium -fopenmp c_timers.cpp
cd ../common; clang++  -c -I../common  -O3 -mcmodel=medium -fopenmp -o c_wtime.o ../common/wtime.cpp
clang++ -O3 -mcmodel=medium -fopenmp -o ../bin/mg.A mg.o ../common/c_print_results.o ../common/c_randdp.o ../common/c_timers.o ../common/c_wtime.o -lm 
make[2]: Verzeichnis „/home/lukas/git/benchmark_harness/auto_tuner_benchmarks/NPB/MG/MG_orig_with_metadata_dpautotune_12/MG“ wird verlassen
make[1]: Verzeichnis „/home/lukas/git/benchmark_harness/auto_tuner_benchmarks/NPB/MG/MG_orig_with_metadata_dpautotune_12“ wird verlassen
 Verification    =               SUCCESSFUL

[DP][CodeConfiguration.validationError] DEBUG: 
[DP][CodeConfiguration.validationResult] DEBUG: Returncode: 0
[DP][CodeConfiguration] DEBUG: Execution took 2.4259 s
[DP][CodeConfiguration] DEBUG: Execution return code: 0
[DP][CodeConfiguration] DEBUG: Execution result valid: True
[DP][CodeConfiguration] DEBUG: ThreadSanitizer valid: True
[DP][CodeConfiguration] DEBUG: Deleted /home/lukas/git/benchmark_harness/auto_tuner_benchmarks/NPB/MG/MG_orig_with_metadata_dpautotune_12
[DP][Autotuner] DEBUG: Configuration measurements:
[time]	[applied suggestions]	[return code]	[result valid]	[thread sanitizer]	[path]
4.668s	[32, 33, 22, 23, 26, 27, 29, 30, 21]	0	True	True	/home/lukas/git/benchmark_harness/auto_tuner_benchmarks/NPB/MG/MG_orig_with_metadata_dpautotune_10
4.587s	[32, 33, 21, 22, 23, 26, 27, 29, 30, 18]	0	True	True	/home/lukas/git/benchmark_harness/auto_tuner_benchmarks/NPB/MG/MG_orig_with_metadata_dpautotune_11
3.317s	[32, 33, 23, 26, 27, 29, 30, 24]	1	True	True	/home/lukas/git/benchmark_harness/auto_tuner_benchmarks/NPB/MG/MG_orig_with_metadata_dpautotune_8
2.791s	[33, 32]	0	True	True	/home/lukas/git/benchmark_harness/auto_tuner_benchmarks/NPB/MG/MG_orig_with_metadata_dpautotune_2
2.782s	[33]	0	True	True	/home/lukas/git/benchmark_harness/auto_tuner_benchmarks/NPB/MG/MG_orig_with_metadata_dpautotune_1
2.69s	[32, 33, 26, 27, 29, 30, 23]	0	True	True	/home/lukas/git/benchmark_harness/auto_tuner_benchmarks/NPB/MG/MG_orig_with_metadata_dpautotune_7
2.673s	[32, 33, 23, 26, 27, 29, 30, 22]	0	True	True	/home/lukas/git/benchmark_harness/auto_tuner_benchmarks/NPB/MG/MG_orig_with_metadata_dpautotune_9
2.593s	[32, 33, 30]	0	True	True	/home/lukas/git/benchmark_harness/auto_tuner_benchmarks/NPB/MG/MG_orig_with_metadata_dpautotune_3
2.575s	[32, 33, 30, 29]	0	True	True	/home/lukas/git/benchmark_harness/auto_tuner_benchmarks/NPB/MG/MG_orig_with_metadata_dpautotune_4
2.498s	[32, 33, 29, 30, 27]	0	True	True	/home/lukas/git/benchmark_harness/auto_tuner_benchmarks/NPB/MG/MG_orig_with_metadata_dpautotune_5
2.444s	[32, 33, 27, 29, 30, 26]	0	True	True	/home/lukas/git/benchmark_harness/auto_tuner_benchmarks/NPB/MG/MG_orig_with_metadata_dpautotune_6
2.43s	[]	0	True	True	/home/lukas/git/benchmark_harness/auto_tuner_benchmarks/NPB/MG/MG_orig_with_metadata
2.426s	[32, 33, 18, 21, 22, 23, 26, 27, 29, 30, 16]	0	True	True	/home/lukas/git/benchmark_harness/auto_tuner_benchmarks/NPB/MG/MG_orig_with_metadata_dpautotune_12

[DP][Autotuner] INFO: --- 4 / 16
[DP][CodeConfiguration] DEBUG: Copied folder: /home/lukas/git/benchmark_harness/auto_tuner_benchmarks/NPB/MG/MG_orig_with_metadata to /home/lukas/git/benchmark_harness/auto_tuner_benchmarks/NPB/MG/MG_orig_with_metadata_dpautotune_13
[DP][CodeConfiguration] DEBUG: Set /home/lukas/git/benchmark_harness/auto_tuner_benchmarks/NPB/MG/MG_orig_with_metadata/bin/.discopop to /home/lukas/git/benchmark_harness/auto_tuner_benchmarks/NPB/MG/MG_orig_with_metadata_dpautotune_13/bin/.discopop
[DP][CodeConfiguration] DEBUG: Updated /home/lukas/git/benchmark_harness/auto_tuner_benchmarks/NPB/MG/MG_orig_with_metadata_dpautotune_13/bin/.discopop/FileMapping.txt
[DP][CodeConfiguration] DEBUG: Created configuration: /home/lukas/git/benchmark_harness/auto_tuner_benchmarks/NPB/MG/MG_orig_with_metadata_dpautotune_13
[DP][CodeConfiguration.apply_suggestions] DEBUG: Applying patch applicator for: [32, 33, 16, 18, 21, 22, 23, 26, 27, 29, 30, 9]
[DP][FolderStructure.Setup.patch_applicator] DEBUG: Start
[DP][FolderStructure.Setup.patch_applicator] DEBUG: Done
[DP][CodeConfiguration.apply_suggestions] DEBUG: Patch applicator return code: 0
[DP][CodeConfiguration] DEBUG: Compiling configuration: /home/lukas/git/benchmark_harness/auto_tuner_benchmarks/NPB/MG/MG_orig_with_metadata_dpautotune_13
[DP][CodeConfiguration.compilationOutput] DEBUG: make[1]: Verzeichnis „/home/lukas/git/benchmark_harness/auto_tuner_benchmarks/NPB/MG/MG_orig_with_metadata_dpautotune_13“ wird betreten
rm -f core 
rm -f *~ */core */*~ */*.o */npbparams.hpp */*.obj */*.exe
rm -f sys/setparams sys/makesuite sys/setparams.hpp
make[1]: Verzeichnis „/home/lukas/git/benchmark_harness/auto_tuner_benchmarks/NPB/MG/MG_orig_with_metadata_dpautotune_13“ wird verlassen
make[1]: Verzeichnis „/home/lukas/git/benchmark_harness/auto_tuner_benchmarks/NPB/MG/MG_orig_with_metadata_dpautotune_13“ wird betreten
   ===========================================
   =      NAS PARALLEL BENCHMARKS 4.1        =
   =      Serial Versions                    =
   =      C++                                =
   ===========================================

cd MG; make CLASS=A
make[2]: Verzeichnis „/home/lukas/git/benchmark_harness/auto_tuner_benchmarks/NPB/MG/MG_orig_with_metadata_dpautotune_13/MG“ wird betreten
make[3]: Verzeichnis „/home/lukas/git/benchmark_harness/auto_tuner_benchmarks/NPB/MG/MG_orig_with_metadata_dpautotune_13/sys“ wird betreten
clang++ -g -fno-discard-value-names -o setparams setparams.cpp
make[3]: Verzeichnis „/home/lukas/git/benchmark_harness/auto_tuner_benchmarks/NPB/MG/MG_orig_with_metadata_dpautotune_13/sys“ wird verlassen
../sys/setparams mg A
clang++  -c -I../common  -O3 -mcmodel=medium -fopenmp mg.cpp
cd ../common; clang++  -c -I../common  -O3 -mcmodel=medium -fopenmp c_print_results.cpp
cd ../common; clang++  -c -I../common  -O3 -mcmodel=medium -fopenmp c_randdp.cpp
cd ../common; clang++  -c -I../common  -O3 -mcmodel=medium -fopenmp c_timers.cpp
cd ../common; clang++  -c -I../common  -O3 -mcmodel=medium -fopenmp -o c_wtime.o ../common/wtime.cpp
clang++ -O3 -mcmodel=medium -fopenmp -o ../bin/mg.A mg.o ../common/c_print_results.o ../common/c_randdp.o ../common/c_timers.o ../common/c_wtime.o -lm 
make[2]: Verzeichnis „/home/lukas/git/benchmark_harness/auto_tuner_benchmarks/NPB/MG/MG_orig_with_metadata_dpautotune_13/MG“ wird verlassen
make[1]: Verzeichnis „/home/lukas/git/benchmark_harness/auto_tuner_benchmarks/NPB/MG/MG_orig_with_metadata_dpautotune_13“ wird verlassen

[DP][CodeConfiguration] DEBUG: Executing configuration: /home/lukas/git/benchmark_harness/auto_tuner_benchmarks/NPB/MG/MG_orig_with_metadata_dpautotune_13 with timeout 4.860085964202881 
[DP][CodeConfiguration.executionOutput] DEBUG: 
[DP][CodeConfiguration.executionError] DEBUG: 
[DP][CodeConfiguration] DEBUG: Execution took 1.9821 s
[DP][CodeConfiguration] DEBUG: Execution return code: 1
[DP][CodeConfiguration] DEBUG: Execution result valid: True
[DP][CodeConfiguration] DEBUG: ThreadSanitizer valid: True
[DP][CodeConfiguration] DEBUG: Deleted /home/lukas/git/benchmark_harness/auto_tuner_benchmarks/NPB/MG/MG_orig_with_metadata_dpautotune_13
[DP][Autotuner] INFO: --- 3 / 16
[DP][CodeConfiguration] DEBUG: Copied folder: /home/lukas/git/benchmark_harness/auto_tuner_benchmarks/NPB/MG/MG_orig_with_metadata to /home/lukas/git/benchmark_harness/auto_tuner_benchmarks/NPB/MG/MG_orig_with_metadata_dpautotune_14
[DP][CodeConfiguration] DEBUG: Set /home/lukas/git/benchmark_harness/auto_tuner_benchmarks/NPB/MG/MG_orig_with_metadata/bin/.discopop to /home/lukas/git/benchmark_harness/auto_tuner_benchmarks/NPB/MG/MG_orig_with_metadata_dpautotune_14/bin/.discopop
[DP][CodeConfiguration] DEBUG: Updated /home/lukas/git/benchmark_harness/auto_tuner_benchmarks/NPB/MG/MG_orig_with_metadata_dpautotune_14/bin/.discopop/FileMapping.txt
[DP][CodeConfiguration] DEBUG: Created configuration: /home/lukas/git/benchmark_harness/auto_tuner_benchmarks/NPB/MG/MG_orig_with_metadata_dpautotune_14
[DP][CodeConfiguration.apply_suggestions] DEBUG: Applying patch applicator for: [32, 33, 16, 18, 21, 22, 23, 26, 27, 29, 30, 4]
[DP][FolderStructure.Setup.patch_applicator] DEBUG: Start
[DP][FolderStructure.Setup.patch_applicator] DEBUG: Done
[DP][CodeConfiguration.apply_suggestions] DEBUG: Patch applicator return code: 0
[DP][CodeConfiguration] DEBUG: Compiling configuration: /home/lukas/git/benchmark_harness/auto_tuner_benchmarks/NPB/MG/MG_orig_with_metadata_dpautotune_14
[DP][CodeConfiguration.compilationOutput] DEBUG: make[1]: Verzeichnis „/home/lukas/git/benchmark_harness/auto_tuner_benchmarks/NPB/MG/MG_orig_with_metadata_dpautotune_14“ wird betreten
rm -f core 
rm -f *~ */core */*~ */*.o */npbparams.hpp */*.obj */*.exe
rm -f sys/setparams sys/makesuite sys/setparams.hpp
make[1]: Verzeichnis „/home/lukas/git/benchmark_harness/auto_tuner_benchmarks/NPB/MG/MG_orig_with_metadata_dpautotune_14“ wird verlassen
make[1]: Verzeichnis „/home/lukas/git/benchmark_harness/auto_tuner_benchmarks/NPB/MG/MG_orig_with_metadata_dpautotune_14“ wird betreten
   ===========================================
   =      NAS PARALLEL BENCHMARKS 4.1        =
   =      Serial Versions                    =
   =      C++                                =
   ===========================================

cd MG; make CLASS=A
make[2]: Verzeichnis „/home/lukas/git/benchmark_harness/auto_tuner_benchmarks/NPB/MG/MG_orig_with_metadata_dpautotune_14/MG“ wird betreten
make[3]: Verzeichnis „/home/lukas/git/benchmark_harness/auto_tuner_benchmarks/NPB/MG/MG_orig_with_metadata_dpautotune_14/sys“ wird betreten
clang++ -g -fno-discard-value-names -o setparams setparams.cpp
make[3]: Verzeichnis „/home/lukas/git/benchmark_harness/auto_tuner_benchmarks/NPB/MG/MG_orig_with_metadata_dpautotune_14/sys“ wird verlassen
../sys/setparams mg A
clang++  -c -I../common  -O3 -mcmodel=medium -fopenmp mg.cpp
cd ../common; clang++  -c -I../common  -O3 -mcmodel=medium -fopenmp c_print_results.cpp
cd ../common; clang++  -c -I../common  -O3 -mcmodel=medium -fopenmp c_randdp.cpp
cd ../common; clang++  -c -I../common  -O3 -mcmodel=medium -fopenmp c_timers.cpp
cd ../common; clang++  -c -I../common  -O3 -mcmodel=medium -fopenmp -o c_wtime.o ../common/wtime.cpp
clang++ -O3 -mcmodel=medium -fopenmp -o ../bin/mg.A mg.o ../common/c_print_results.o ../common/c_randdp.o ../common/c_timers.o ../common/c_wtime.o -lm 
make[2]: Verzeichnis „/home/lukas/git/benchmark_harness/auto_tuner_benchmarks/NPB/MG/MG_orig_with_metadata_dpautotune_14/MG“ wird verlassen
make[1]: Verzeichnis „/home/lukas/git/benchmark_harness/auto_tuner_benchmarks/NPB/MG/MG_orig_with_metadata_dpautotune_14“ wird verlassen

[DP][CodeConfiguration] DEBUG: Executing configuration: /home/lukas/git/benchmark_harness/auto_tuner_benchmarks/NPB/MG/MG_orig_with_metadata_dpautotune_14 with timeout 4.860085964202881 
[DP][CodeConfiguration.executionOutput] DEBUG:  Verification    =               SUCCESSFUL

[DP][CodeConfiguration.executionError] DEBUG: 
[DP][CodeConfiguration] DEBUG: Checking result validity: /home/lukas/git/benchmark_harness/auto_tuner_benchmarks/NPB/MG/MG_orig_with_metadata_dpautotune_14
[DP][CodeConfiguration.validationOutput] DEBUG: make[1]: Verzeichnis „/home/lukas/git/benchmark_harness/auto_tuner_benchmarks/NPB/MG/MG_orig_with_metadata_dpautotune_14“ wird betreten
rm -f core 
rm -f *~ */core */*~ */*.o */npbparams.hpp */*.obj */*.exe
rm -f sys/setparams sys/makesuite sys/setparams.hpp
make[1]: Verzeichnis „/home/lukas/git/benchmark_harness/auto_tuner_benchmarks/NPB/MG/MG_orig_with_metadata_dpautotune_14“ wird verlassen
make[1]: Verzeichnis „/home/lukas/git/benchmark_harness/auto_tuner_benchmarks/NPB/MG/MG_orig_with_metadata_dpautotune_14“ wird betreten
   ===========================================
   =      NAS PARALLEL BENCHMARKS 4.1        =
   =      Serial Versions                    =
   =      C++                                =
   ===========================================

cd MG; make CLASS=A
make[2]: Verzeichnis „/home/lukas/git/benchmark_harness/auto_tuner_benchmarks/NPB/MG/MG_orig_with_metadata_dpautotune_14/MG“ wird betreten
make[3]: Verzeichnis „/home/lukas/git/benchmark_harness/auto_tuner_benchmarks/NPB/MG/MG_orig_with_metadata_dpautotune_14/sys“ wird betreten
clang++ -g -fno-discard-value-names -o setparams setparams.cpp
make[3]: Verzeichnis „/home/lukas/git/benchmark_harness/auto_tuner_benchmarks/NPB/MG/MG_orig_with_metadata_dpautotune_14/sys“ wird verlassen
../sys/setparams mg A
clang++  -c -I../common  -O3 -mcmodel=medium -fopenmp mg.cpp
cd ../common; clang++  -c -I../common  -O3 -mcmodel=medium -fopenmp c_print_results.cpp
cd ../common; clang++  -c -I../common  -O3 -mcmodel=medium -fopenmp c_randdp.cpp
cd ../common; clang++  -c -I../common  -O3 -mcmodel=medium -fopenmp c_timers.cpp
cd ../common; clang++  -c -I../common  -O3 -mcmodel=medium -fopenmp -o c_wtime.o ../common/wtime.cpp
clang++ -O3 -mcmodel=medium -fopenmp -o ../bin/mg.A mg.o ../common/c_print_results.o ../common/c_randdp.o ../common/c_timers.o ../common/c_wtime.o -lm 
make[2]: Verzeichnis „/home/lukas/git/benchmark_harness/auto_tuner_benchmarks/NPB/MG/MG_orig_with_metadata_dpautotune_14/MG“ wird verlassen
make[1]: Verzeichnis „/home/lukas/git/benchmark_harness/auto_tuner_benchmarks/NPB/MG/MG_orig_with_metadata_dpautotune_14“ wird verlassen
 Verification    =               SUCCESSFUL

[DP][CodeConfiguration.validationError] DEBUG: 
[DP][CodeConfiguration.validationResult] DEBUG: Returncode: 0
[DP][CodeConfiguration] DEBUG: Execution took 2.4057 s
[DP][CodeConfiguration] DEBUG: Execution return code: 0
[DP][CodeConfiguration] DEBUG: Execution result valid: True
[DP][CodeConfiguration] DEBUG: ThreadSanitizer valid: True
[DP][CodeConfiguration] DEBUG: Deleted /home/lukas/git/benchmark_harness/auto_tuner_benchmarks/NPB/MG/MG_orig_with_metadata_dpautotune_14
[DP][Autotuner] DEBUG: Configuration measurements:
[time]	[applied suggestions]	[return code]	[result valid]	[thread sanitizer]	[path]
4.668s	[32, 33, 22, 23, 26, 27, 29, 30, 21]	0	True	True	/home/lukas/git/benchmark_harness/auto_tuner_benchmarks/NPB/MG/MG_orig_with_metadata_dpautotune_10
4.587s	[32, 33, 21, 22, 23, 26, 27, 29, 30, 18]	0	True	True	/home/lukas/git/benchmark_harness/auto_tuner_benchmarks/NPB/MG/MG_orig_with_metadata_dpautotune_11
3.317s	[32, 33, 23, 26, 27, 29, 30, 24]	1	True	True	/home/lukas/git/benchmark_harness/auto_tuner_benchmarks/NPB/MG/MG_orig_with_metadata_dpautotune_8
2.791s	[33, 32]	0	True	True	/home/lukas/git/benchmark_harness/auto_tuner_benchmarks/NPB/MG/MG_orig_with_metadata_dpautotune_2
2.782s	[33]	0	True	True	/home/lukas/git/benchmark_harness/auto_tuner_benchmarks/NPB/MG/MG_orig_with_metadata_dpautotune_1
2.69s	[32, 33, 26, 27, 29, 30, 23]	0	True	True	/home/lukas/git/benchmark_harness/auto_tuner_benchmarks/NPB/MG/MG_orig_with_metadata_dpautotune_7
2.673s	[32, 33, 23, 26, 27, 29, 30, 22]	0	True	True	/home/lukas/git/benchmark_harness/auto_tuner_benchmarks/NPB/MG/MG_orig_with_metadata_dpautotune_9
2.593s	[32, 33, 30]	0	True	True	/home/lukas/git/benchmark_harness/auto_tuner_benchmarks/NPB/MG/MG_orig_with_metadata_dpautotune_3
2.575s	[32, 33, 30, 29]	0	True	True	/home/lukas/git/benchmark_harness/auto_tuner_benchmarks/NPB/MG/MG_orig_with_metadata_dpautotune_4
2.498s	[32, 33, 29, 30, 27]	0	True	True	/home/lukas/git/benchmark_harness/auto_tuner_benchmarks/NPB/MG/MG_orig_with_metadata_dpautotune_5
2.444s	[32, 33, 27, 29, 30, 26]	0	True	True	/home/lukas/git/benchmark_harness/auto_tuner_benchmarks/NPB/MG/MG_orig_with_metadata_dpautotune_6
2.43s	[]	0	True	True	/home/lukas/git/benchmark_harness/auto_tuner_benchmarks/NPB/MG/MG_orig_with_metadata
2.426s	[32, 33, 18, 21, 22, 23, 26, 27, 29, 30, 16]	0	True	True	/home/lukas/git/benchmark_harness/auto_tuner_benchmarks/NPB/MG/MG_orig_with_metadata_dpautotune_12
2.406s	[32, 33, 16, 18, 21, 22, 23, 26, 27, 29, 30, 4]	0	True	True	/home/lukas/git/benchmark_harness/auto_tuner_benchmarks/NPB/MG/MG_orig_with_metadata_dpautotune_14
1.982s	[32, 33, 16, 18, 21, 22, 23, 26, 27, 29, 30, 9]	1	True	True	/home/lukas/git/benchmark_harness/auto_tuner_benchmarks/NPB/MG/MG_orig_with_metadata_dpautotune_13

[DP][Autotuner] INFO: --- 2 / 16
[DP][CodeConfiguration] DEBUG: Copied folder: /home/lukas/git/benchmark_harness/auto_tuner_benchmarks/NPB/MG/MG_orig_with_metadata to /home/lukas/git/benchmark_harness/auto_tuner_benchmarks/NPB/MG/MG_orig_with_metadata_dpautotune_15
[DP][CodeConfiguration] DEBUG: Set /home/lukas/git/benchmark_harness/auto_tuner_benchmarks/NPB/MG/MG_orig_with_metadata/bin/.discopop to /home/lukas/git/benchmark_harness/auto_tuner_benchmarks/NPB/MG/MG_orig_with_metadata_dpautotune_15/bin/.discopop
[DP][CodeConfiguration] DEBUG: Updated /home/lukas/git/benchmark_harness/auto_tuner_benchmarks/NPB/MG/MG_orig_with_metadata_dpautotune_15/bin/.discopop/FileMapping.txt
[DP][CodeConfiguration] DEBUG: Created configuration: /home/lukas/git/benchmark_harness/auto_tuner_benchmarks/NPB/MG/MG_orig_with_metadata_dpautotune_15
[DP][CodeConfiguration.apply_suggestions] DEBUG: Applying patch applicator for: [32, 33, 4, 16, 18, 21, 22, 23, 26, 27, 29, 30, 2]
[DP][FolderStructure.Setup.patch_applicator] DEBUG: Start
[DP][FolderStructure.Setup.patch_applicator] DEBUG: Done
[DP][CodeConfiguration.apply_suggestions] DEBUG: Patch applicator return code: 0
[DP][CodeConfiguration] DEBUG: Compiling configuration: /home/lukas/git/benchmark_harness/auto_tuner_benchmarks/NPB/MG/MG_orig_with_metadata_dpautotune_15
[DP][CodeConfiguration.compilationOutput] DEBUG: make[1]: Verzeichnis „/home/lukas/git/benchmark_harness/auto_tuner_benchmarks/NPB/MG/MG_orig_with_metadata_dpautotune_15“ wird betreten
rm -f core 
rm -f *~ */core */*~ */*.o */npbparams.hpp */*.obj */*.exe
rm -f sys/setparams sys/makesuite sys/setparams.hpp
make[1]: Verzeichnis „/home/lukas/git/benchmark_harness/auto_tuner_benchmarks/NPB/MG/MG_orig_with_metadata_dpautotune_15“ wird verlassen
make[1]: Verzeichnis „/home/lukas/git/benchmark_harness/auto_tuner_benchmarks/NPB/MG/MG_orig_with_metadata_dpautotune_15“ wird betreten
   ===========================================
   =      NAS PARALLEL BENCHMARKS 4.1        =
   =      Serial Versions                    =
   =      C++                                =
   ===========================================

cd MG; make CLASS=A
make[2]: Verzeichnis „/home/lukas/git/benchmark_harness/auto_tuner_benchmarks/NPB/MG/MG_orig_with_metadata_dpautotune_15/MG“ wird betreten
make[3]: Verzeichnis „/home/lukas/git/benchmark_harness/auto_tuner_benchmarks/NPB/MG/MG_orig_with_metadata_dpautotune_15/sys“ wird betreten
clang++ -g -fno-discard-value-names -o setparams setparams.cpp
make[3]: Verzeichnis „/home/lukas/git/benchmark_harness/auto_tuner_benchmarks/NPB/MG/MG_orig_with_metadata_dpautotune_15/sys“ wird verlassen
../sys/setparams mg A
clang++  -c -I../common  -O3 -mcmodel=medium -fopenmp mg.cpp
cd ../common; clang++  -c -I../common  -O3 -mcmodel=medium -fopenmp c_print_results.cpp
cd ../common; clang++  -c -I../common  -O3 -mcmodel=medium -fopenmp c_randdp.cpp
cd ../common; clang++  -c -I../common  -O3 -mcmodel=medium -fopenmp c_timers.cpp
cd ../common; clang++  -c -I../common  -O3 -mcmodel=medium -fopenmp -o c_wtime.o ../common/wtime.cpp
clang++ -O3 -mcmodel=medium -fopenmp -o ../bin/mg.A mg.o ../common/c_print_results.o ../common/c_randdp.o ../common/c_timers.o ../common/c_wtime.o -lm 
make[2]: Verzeichnis „/home/lukas/git/benchmark_harness/auto_tuner_benchmarks/NPB/MG/MG_orig_with_metadata_dpautotune_15/MG“ wird verlassen
make[1]: Verzeichnis „/home/lukas/git/benchmark_harness/auto_tuner_benchmarks/NPB/MG/MG_orig_with_metadata_dpautotune_15“ wird verlassen

[DP][CodeConfiguration] DEBUG: Executing configuration: /home/lukas/git/benchmark_harness/auto_tuner_benchmarks/NPB/MG/MG_orig_with_metadata_dpautotune_15 with timeout 4.860085964202881 
[DP][CodeConfiguration.executionOutput] DEBUG:  Verification    =               SUCCESSFUL

[DP][CodeConfiguration.executionError] DEBUG: 
[DP][CodeConfiguration] DEBUG: Checking result validity: /home/lukas/git/benchmark_harness/auto_tuner_benchmarks/NPB/MG/MG_orig_with_metadata_dpautotune_15
[DP][CodeConfiguration.validationOutput] DEBUG: make[1]: Verzeichnis „/home/lukas/git/benchmark_harness/auto_tuner_benchmarks/NPB/MG/MG_orig_with_metadata_dpautotune_15“ wird betreten
rm -f core 
rm -f *~ */core */*~ */*.o */npbparams.hpp */*.obj */*.exe
rm -f sys/setparams sys/makesuite sys/setparams.hpp
make[1]: Verzeichnis „/home/lukas/git/benchmark_harness/auto_tuner_benchmarks/NPB/MG/MG_orig_with_metadata_dpautotune_15“ wird verlassen
make[1]: Verzeichnis „/home/lukas/git/benchmark_harness/auto_tuner_benchmarks/NPB/MG/MG_orig_with_metadata_dpautotune_15“ wird betreten
   ===========================================
   =      NAS PARALLEL BENCHMARKS 4.1        =
   =      Serial Versions                    =
   =      C++                                =
   ===========================================

cd MG; make CLASS=A
make[2]: Verzeichnis „/home/lukas/git/benchmark_harness/auto_tuner_benchmarks/NPB/MG/MG_orig_with_metadata_dpautotune_15/MG“ wird betreten
make[3]: Verzeichnis „/home/lukas/git/benchmark_harness/auto_tuner_benchmarks/NPB/MG/MG_orig_with_metadata_dpautotune_15/sys“ wird betreten
clang++ -g -fno-discard-value-names -o setparams setparams.cpp
make[3]: Verzeichnis „/home/lukas/git/benchmark_harness/auto_tuner_benchmarks/NPB/MG/MG_orig_with_metadata_dpautotune_15/sys“ wird verlassen
../sys/setparams mg A
clang++  -c -I../common  -O3 -mcmodel=medium -fopenmp mg.cpp
cd ../common; clang++  -c -I../common  -O3 -mcmodel=medium -fopenmp c_print_results.cpp
cd ../common; clang++  -c -I../common  -O3 -mcmodel=medium -fopenmp c_randdp.cpp
cd ../common; clang++  -c -I../common  -O3 -mcmodel=medium -fopenmp c_timers.cpp
cd ../common; clang++  -c -I../common  -O3 -mcmodel=medium -fopenmp -o c_wtime.o ../common/wtime.cpp
clang++ -O3 -mcmodel=medium -fopenmp -o ../bin/mg.A mg.o ../common/c_print_results.o ../common/c_randdp.o ../common/c_timers.o ../common/c_wtime.o -lm 
make[2]: Verzeichnis „/home/lukas/git/benchmark_harness/auto_tuner_benchmarks/NPB/MG/MG_orig_with_metadata_dpautotune_15/MG“ wird verlassen
make[1]: Verzeichnis „/home/lukas/git/benchmark_harness/auto_tuner_benchmarks/NPB/MG/MG_orig_with_metadata_dpautotune_15“ wird verlassen
 Verification    =               SUCCESSFUL

[DP][CodeConfiguration.validationError] DEBUG: 
[DP][CodeConfiguration.validationResult] DEBUG: Returncode: 0
[DP][CodeConfiguration] DEBUG: Execution took 2.4335 s
[DP][CodeConfiguration] DEBUG: Execution return code: 0
[DP][CodeConfiguration] DEBUG: Execution result valid: True
[DP][CodeConfiguration] DEBUG: ThreadSanitizer valid: True
[DP][CodeConfiguration] DEBUG: Deleted /home/lukas/git/benchmark_harness/auto_tuner_benchmarks/NPB/MG/MG_orig_with_metadata_dpautotune_15
[DP][Autotuner] DEBUG: Configuration measurements:
[time]	[applied suggestions]	[return code]	[result valid]	[thread sanitizer]	[path]
4.668s	[32, 33, 22, 23, 26, 27, 29, 30, 21]	0	True	True	/home/lukas/git/benchmark_harness/auto_tuner_benchmarks/NPB/MG/MG_orig_with_metadata_dpautotune_10
4.587s	[32, 33, 21, 22, 23, 26, 27, 29, 30, 18]	0	True	True	/home/lukas/git/benchmark_harness/auto_tuner_benchmarks/NPB/MG/MG_orig_with_metadata_dpautotune_11
3.317s	[32, 33, 23, 26, 27, 29, 30, 24]	1	True	True	/home/lukas/git/benchmark_harness/auto_tuner_benchmarks/NPB/MG/MG_orig_with_metadata_dpautotune_8
2.791s	[33, 32]	0	True	True	/home/lukas/git/benchmark_harness/auto_tuner_benchmarks/NPB/MG/MG_orig_with_metadata_dpautotune_2
2.782s	[33]	0	True	True	/home/lukas/git/benchmark_harness/auto_tuner_benchmarks/NPB/MG/MG_orig_with_metadata_dpautotune_1
2.69s	[32, 33, 26, 27, 29, 30, 23]	0	True	True	/home/lukas/git/benchmark_harness/auto_tuner_benchmarks/NPB/MG/MG_orig_with_metadata_dpautotune_7
2.673s	[32, 33, 23, 26, 27, 29, 30, 22]	0	True	True	/home/lukas/git/benchmark_harness/auto_tuner_benchmarks/NPB/MG/MG_orig_with_metadata_dpautotune_9
2.593s	[32, 33, 30]	0	True	True	/home/lukas/git/benchmark_harness/auto_tuner_benchmarks/NPB/MG/MG_orig_with_metadata_dpautotune_3
2.575s	[32, 33, 30, 29]	0	True	True	/home/lukas/git/benchmark_harness/auto_tuner_benchmarks/NPB/MG/MG_orig_with_metadata_dpautotune_4
2.498s	[32, 33, 29, 30, 27]	0	True	True	/home/lukas/git/benchmark_harness/auto_tuner_benchmarks/NPB/MG/MG_orig_with_metadata_dpautotune_5
2.444s	[32, 33, 27, 29, 30, 26]	0	True	True	/home/lukas/git/benchmark_harness/auto_tuner_benchmarks/NPB/MG/MG_orig_with_metadata_dpautotune_6
2.434s	[32, 33, 4, 16, 18, 21, 22, 23, 26, 27, 29, 30, 2]	0	True	True	/home/lukas/git/benchmark_harness/auto_tuner_benchmarks/NPB/MG/MG_orig_with_metadata_dpautotune_15
2.43s	[]	0	True	True	/home/lukas/git/benchmark_harness/auto_tuner_benchmarks/NPB/MG/MG_orig_with_metadata
2.426s	[32, 33, 18, 21, 22, 23, 26, 27, 29, 30, 16]	0	True	True	/home/lukas/git/benchmark_harness/auto_tuner_benchmarks/NPB/MG/MG_orig_with_metadata_dpautotune_12
2.406s	[32, 33, 16, 18, 21, 22, 23, 26, 27, 29, 30, 4]	0	True	True	/home/lukas/git/benchmark_harness/auto_tuner_benchmarks/NPB/MG/MG_orig_with_metadata_dpautotune_14
1.982s	[32, 33, 16, 18, 21, 22, 23, 26, 27, 29, 30, 9]	1	True	True	/home/lukas/git/benchmark_harness/auto_tuner_benchmarks/NPB/MG/MG_orig_with_metadata_dpautotune_13

[DP][Autotuner] INFO: --- 1 / 16
[DP][CodeConfiguration] DEBUG: Copied folder: /home/lukas/git/benchmark_harness/auto_tuner_benchmarks/NPB/MG/MG_orig_with_metadata to /home/lukas/git/benchmark_harness/auto_tuner_benchmarks/NPB/MG/MG_orig_with_metadata_dpautotune_16
[DP][CodeConfiguration] DEBUG: Set /home/lukas/git/benchmark_harness/auto_tuner_benchmarks/NPB/MG/MG_orig_with_metadata/bin/.discopop to /home/lukas/git/benchmark_harness/auto_tuner_benchmarks/NPB/MG/MG_orig_with_metadata_dpautotune_16/bin/.discopop
[DP][CodeConfiguration] DEBUG: Updated /home/lukas/git/benchmark_harness/auto_tuner_benchmarks/NPB/MG/MG_orig_with_metadata_dpautotune_16/bin/.discopop/FileMapping.txt
[DP][CodeConfiguration] DEBUG: Created configuration: /home/lukas/git/benchmark_harness/auto_tuner_benchmarks/NPB/MG/MG_orig_with_metadata_dpautotune_16
[DP][CodeConfiguration.apply_suggestions] DEBUG: Applying patch applicator for: [32, 33, 2, 4, 16, 18, 21, 22, 23, 26, 27, 29, 30, 0]
[DP][FolderStructure.Setup.patch_applicator] DEBUG: Start
[DP][FolderStructure.Setup.patch_applicator] DEBUG: Done
[DP][CodeConfiguration.apply_suggestions] DEBUG: Patch applicator return code: 0
[DP][CodeConfiguration] DEBUG: Compiling configuration: /home/lukas/git/benchmark_harness/auto_tuner_benchmarks/NPB/MG/MG_orig_with_metadata_dpautotune_16
[DP][CodeConfiguration.compilationOutput] DEBUG: make[1]: Verzeichnis „/home/lukas/git/benchmark_harness/auto_tuner_benchmarks/NPB/MG/MG_orig_with_metadata_dpautotune_16“ wird betreten
rm -f core 
rm -f *~ */core */*~ */*.o */npbparams.hpp */*.obj */*.exe
rm -f sys/setparams sys/makesuite sys/setparams.hpp
make[1]: Verzeichnis „/home/lukas/git/benchmark_harness/auto_tuner_benchmarks/NPB/MG/MG_orig_with_metadata_dpautotune_16“ wird verlassen
make[1]: Verzeichnis „/home/lukas/git/benchmark_harness/auto_tuner_benchmarks/NPB/MG/MG_orig_with_metadata_dpautotune_16“ wird betreten
   ===========================================
   =      NAS PARALLEL BENCHMARKS 4.1        =
   =      Serial Versions                    =
   =      C++                                =
   ===========================================

cd MG; make CLASS=A
make[2]: Verzeichnis „/home/lukas/git/benchmark_harness/auto_tuner_benchmarks/NPB/MG/MG_orig_with_metadata_dpautotune_16/MG“ wird betreten
make[3]: Verzeichnis „/home/lukas/git/benchmark_harness/auto_tuner_benchmarks/NPB/MG/MG_orig_with_metadata_dpautotune_16/sys“ wird betreten
clang++ -g -fno-discard-value-names -o setparams setparams.cpp
make[3]: Verzeichnis „/home/lukas/git/benchmark_harness/auto_tuner_benchmarks/NPB/MG/MG_orig_with_metadata_dpautotune_16/sys“ wird verlassen
../sys/setparams mg A
clang++  -c -I../common  -O3 -mcmodel=medium -fopenmp mg.cpp
cd ../common; clang++  -c -I../common  -O3 -mcmodel=medium -fopenmp c_print_results.cpp
cd ../common; clang++  -c -I../common  -O3 -mcmodel=medium -fopenmp c_randdp.cpp
cd ../common; clang++  -c -I../common  -O3 -mcmodel=medium -fopenmp c_timers.cpp
cd ../common; clang++  -c -I../common  -O3 -mcmodel=medium -fopenmp -o c_wtime.o ../common/wtime.cpp
clang++ -O3 -mcmodel=medium -fopenmp -o ../bin/mg.A mg.o ../common/c_print_results.o ../common/c_randdp.o ../common/c_timers.o ../common/c_wtime.o -lm 
make[2]: Verzeichnis „/home/lukas/git/benchmark_harness/auto_tuner_benchmarks/NPB/MG/MG_orig_with_metadata_dpautotune_16/MG“ wird verlassen
make[1]: Verzeichnis „/home/lukas/git/benchmark_harness/auto_tuner_benchmarks/NPB/MG/MG_orig_with_metadata_dpautotune_16“ wird verlassen

[DP][CodeConfiguration] DEBUG: Executing configuration: /home/lukas/git/benchmark_harness/auto_tuner_benchmarks/NPB/MG/MG_orig_with_metadata_dpautotune_16 with timeout 4.860085964202881 
[DP][CodeConfiguration.executionOutput] DEBUG: 
[DP][CodeConfiguration.executionError] DEBUG: 
[DP][CodeConfiguration] DEBUG: Execution took 2.0401 s
[DP][CodeConfiguration] DEBUG: Execution return code: 1
[DP][CodeConfiguration] DEBUG: Execution result valid: True
[DP][CodeConfiguration] DEBUG: ThreadSanitizer valid: True
[DP][CodeConfiguration] DEBUG: Deleted /home/lukas/git/benchmark_harness/auto_tuner_benchmarks/NPB/MG/MG_orig_with_metadata_dpautotune_16
[DP][Autotuner] DEBUG: Configuration measurements:
[time]	[applied suggestions]	[return code]	[result valid]	[thread sanitizer]	[path]
4.668s	[32, 33, 22, 23, 26, 27, 29, 30, 21]	0	True	True	/home/lukas/git/benchmark_harness/auto_tuner_benchmarks/NPB/MG/MG_orig_with_metadata_dpautotune_10
4.587s	[32, 33, 21, 22, 23, 26, 27, 29, 30, 18]	0	True	True	/home/lukas/git/benchmark_harness/auto_tuner_benchmarks/NPB/MG/MG_orig_with_metadata_dpautotune_11
3.317s	[32, 33, 23, 26, 27, 29, 30, 24]	1	True	True	/home/lukas/git/benchmark_harness/auto_tuner_benchmarks/NPB/MG/MG_orig_with_metadata_dpautotune_8
2.791s	[33, 32]	0	True	True	/home/lukas/git/benchmark_harness/auto_tuner_benchmarks/NPB/MG/MG_orig_with_metadata_dpautotune_2
2.782s	[33]	0	True	True	/home/lukas/git/benchmark_harness/auto_tuner_benchmarks/NPB/MG/MG_orig_with_metadata_dpautotune_1
2.69s	[32, 33, 26, 27, 29, 30, 23]	0	True	True	/home/lukas/git/benchmark_harness/auto_tuner_benchmarks/NPB/MG/MG_orig_with_metadata_dpautotune_7
2.673s	[32, 33, 23, 26, 27, 29, 30, 22]	0	True	True	/home/lukas/git/benchmark_harness/auto_tuner_benchmarks/NPB/MG/MG_orig_with_metadata_dpautotune_9
2.593s	[32, 33, 30]	0	True	True	/home/lukas/git/benchmark_harness/auto_tuner_benchmarks/NPB/MG/MG_orig_with_metadata_dpautotune_3
2.575s	[32, 33, 30, 29]	0	True	True	/home/lukas/git/benchmark_harness/auto_tuner_benchmarks/NPB/MG/MG_orig_with_metadata_dpautotune_4
2.498s	[32, 33, 29, 30, 27]	0	True	True	/home/lukas/git/benchmark_harness/auto_tuner_benchmarks/NPB/MG/MG_orig_with_metadata_dpautotune_5
2.444s	[32, 33, 27, 29, 30, 26]	0	True	True	/home/lukas/git/benchmark_harness/auto_tuner_benchmarks/NPB/MG/MG_orig_with_metadata_dpautotune_6
2.434s	[32, 33, 4, 16, 18, 21, 22, 23, 26, 27, 29, 30, 2]	0	True	True	/home/lukas/git/benchmark_harness/auto_tuner_benchmarks/NPB/MG/MG_orig_with_metadata_dpautotune_15
2.43s	[]	0	True	True	/home/lukas/git/benchmark_harness/auto_tuner_benchmarks/NPB/MG/MG_orig_with_metadata
2.426s	[32, 33, 18, 21, 22, 23, 26, 27, 29, 30, 16]	0	True	True	/home/lukas/git/benchmark_harness/auto_tuner_benchmarks/NPB/MG/MG_orig_with_metadata_dpautotune_12
2.406s	[32, 33, 16, 18, 21, 22, 23, 26, 27, 29, 30, 4]	0	True	True	/home/lukas/git/benchmark_harness/auto_tuner_benchmarks/NPB/MG/MG_orig_with_metadata_dpautotune_14
2.04s	[32, 33, 2, 4, 16, 18, 21, 22, 23, 26, 27, 29, 30, 0]	1	True	True	/home/lukas/git/benchmark_harness/auto_tuner_benchmarks/NPB/MG/MG_orig_with_metadata_dpautotune_16
1.982s	[32, 33, 16, 18, 21, 22, 23, 26, 27, 29, 30, 9]	1	True	True	/home/lukas/git/benchmark_harness/auto_tuner_benchmarks/NPB/MG/MG_orig_with_metadata_dpautotune_13

[DP][CodeConfiguration] DEBUG: Copied folder: /home/lukas/git/benchmark_harness/auto_tuner_benchmarks/NPB/MG/MG_orig_with_metadata to /home/lukas/git/benchmark_harness/auto_tuner_benchmarks/NPB/MG/MG_orig_with_metadata_dpautotune_17
[DP][CodeConfiguration] DEBUG: Set /home/lukas/git/benchmark_harness/auto_tuner_benchmarks/NPB/MG/MG_orig_with_metadata/bin/.discopop to /home/lukas/git/benchmark_harness/auto_tuner_benchmarks/NPB/MG/MG_orig_with_metadata_dpautotune_17/bin/.discopop
[DP][CodeConfiguration] DEBUG: Updated /home/lukas/git/benchmark_harness/auto_tuner_benchmarks/NPB/MG/MG_orig_with_metadata_dpautotune_17/bin/.discopop/FileMapping.txt
[DP][CodeConfiguration] DEBUG: Created configuration: /home/lukas/git/benchmark_harness/auto_tuner_benchmarks/NPB/MG/MG_orig_with_metadata_dpautotune_17
[DP][CodeConfiguration.apply_suggestions] DEBUG: Applying patch applicator for: [32, 33, 2, 4, 16, 18, 21, 22, 23, 26, 27, 29, 30]
[DP][FolderStructure.Setup.patch_applicator] DEBUG: Start
[DP][FolderStructure.Setup.patch_applicator] DEBUG: Done
[DP][CodeConfiguration.apply_suggestions] DEBUG: Patch applicator return code: 0
[DP][CodeConfiguration.cleanupOutput] DEBUG: 
[DP][CodeConfiguration] DEBUG: Compiling Hotspot configuration: /home/lukas/git/benchmark_harness/auto_tuner_benchmarks/NPB/MG/MG_orig_with_metadata_dpautotune_17
[DP][CodeConfiguration.compilationOutput] DEBUG: make[1]: Verzeichnis „/home/lukas/git/benchmark_harness/auto_tuner_benchmarks/NPB/MG/MG_orig_with_metadata_dpautotune_17“ wird betreten
rm -f core 
rm -f *~ */core */*~ */*.o */npbparams.hpp */*.obj */*.exe
rm -f sys/setparams sys/makesuite sys/setparams.hpp
make[1]: Verzeichnis „/home/lukas/git/benchmark_harness/auto_tuner_benchmarks/NPB/MG/MG_orig_with_metadata_dpautotune_17“ wird verlassen
make[1]: Verzeichnis „/home/lukas/git/benchmark_harness/auto_tuner_benchmarks/NPB/MG/MG_orig_with_metadata_dpautotune_17“ wird betreten
   ===========================================
   =      NAS PARALLEL BENCHMARKS 4.1        =
   =      Serial Versions                    =
   =      C++                                =
   ===========================================

cd MG; make CLASS=C
make[2]: Verzeichnis „/home/lukas/git/benchmark_harness/auto_tuner_benchmarks/NPB/MG/MG_orig_with_metadata_dpautotune_17/MG“ wird betreten
make[3]: Verzeichnis „/home/lukas/git/benchmark_harness/auto_tuner_benchmarks/NPB/MG/MG_orig_with_metadata_dpautotune_17/sys“ wird betreten
clang++ -g -fno-discard-value-names -o setparams setparams.cpp
make[3]: Verzeichnis „/home/lukas/git/benchmark_harness/auto_tuner_benchmarks/NPB/MG/MG_orig_with_metadata_dpautotune_17/sys“ wird verlassen
../sys/setparams mg C
discopop_hotspot_cxx  -c -I../common  -O3 -mcmodel=medium -fopenmp mg.cpp
cd ../common; discopop_hotspot_cxx  -c -I../common  -O3 -mcmodel=medium -fopenmp c_print_results.cpp
cd ../common; discopop_hotspot_cxx  -c -I../common  -O3 -mcmodel=medium -fopenmp c_randdp.cpp
cd ../common; discopop_hotspot_cxx  -c -I../common  -O3 -mcmodel=medium -fopenmp c_timers.cpp
cd ../common; discopop_hotspot_cxx  -c -I../common  -O3 -mcmodel=medium -fopenmp -o c_wtime.o ../common/wtime.cpp
discopop_hotspot_cxx -O3 -mcmodel=medium -fopenmp -o ../bin/mg.C mg.o ../common/c_print_results.o ../common/c_randdp.o ../common/c_timers.o ../common/c_wtime.o -lm 
GNU ld (GNU Binutils for Ubuntu) 2.42
make[2]: Verzeichnis „/home/lukas/git/benchmark_harness/auto_tuner_benchmarks/NPB/MG/MG_orig_with_metadata_dpautotune_17/MG“ wird verlassen
make[1]: Verzeichnis „/home/lukas/git/benchmark_harness/auto_tuner_benchmarks/NPB/MG/MG_orig_with_metadata_dpautotune_17“ wird verlassen

[DP][CodeConfiguration] DEBUG: Executing Hotspot configuration: /home/lukas/git/benchmark_harness/auto_tuner_benchmarks/NPB/MG/MG_orig_with_metadata_dpautotune_17 with 
[DP][CodeConfiguration.executionOutput] DEBUG:  Verification    =               SUCCESSFUL

[DP][CodeConfiguration.executionError] DEBUG: 
[DP][CodeConfiguration] DEBUG: Execution took 67.3582 s
[DP][CodeConfiguration] DEBUG: Execution return code: 0
[DP][CodeConfiguration] DEBUG: Copied folder: /home/lukas/git/benchmark_harness/auto_tuner_benchmarks/NPB/MG/MG_orig_with_metadata to /home/lukas/git/benchmark_harness/auto_tuner_benchmarks/NPB/MG/MG_orig_with_metadata_dpautotune_18
[DP][CodeConfiguration] DEBUG: Set /home/lukas/git/benchmark_harness/auto_tuner_benchmarks/NPB/MG/MG_orig_with_metadata/bin/.discopop to /home/lukas/git/benchmark_harness/auto_tuner_benchmarks/NPB/MG/MG_orig_with_metadata_dpautotune_18/bin/.discopop
[DP][CodeConfiguration] DEBUG: Updated /home/lukas/git/benchmark_harness/auto_tuner_benchmarks/NPB/MG/MG_orig_with_metadata_dpautotune_18/bin/.discopop/FileMapping.txt
[DP][CodeConfiguration] DEBUG: Created configuration: /home/lukas/git/benchmark_harness/auto_tuner_benchmarks/NPB/MG/MG_orig_with_metadata_dpautotune_18
[DP][CodeConfiguration] DEBUG: Copied folder: /home/lukas/git/benchmark_harness/auto_tuner_benchmarks/NPB/MG/MG_orig_with_metadata to /home/lukas/git/benchmark_harness/auto_tuner_benchmarks/NPB/MG/MG_orig_with_metadata_dpautotune_19
[DP][CodeConfiguration] DEBUG: Set /home/lukas/git/benchmark_harness/auto_tuner_benchmarks/NPB/MG/MG_orig_with_metadata/bin/.discopop to /home/lukas/git/benchmark_harness/auto_tuner_benchmarks/NPB/MG/MG_orig_with_metadata_dpautotune_19/bin/.discopop
[DP][CodeConfiguration] DEBUG: Updated /home/lukas/git/benchmark_harness/auto_tuner_benchmarks/NPB/MG/MG_orig_with_metadata_dpautotune_19/bin/.discopop/FileMapping.txt
[DP][CodeConfiguration] DEBUG: Created configuration: /home/lukas/git/benchmark_harness/auto_tuner_benchmarks/NPB/MG/MG_orig_with_metadata_dpautotune_19
[DP][CodeConfiguration.cleanupOutput] DEBUG: 
[DP][CodeConfiguration] DEBUG: Compiling Hotspot configuration: /home/lukas/git/benchmark_harness/auto_tuner_benchmarks/NPB/MG/MG_orig_with_metadata_dpautotune_19
[DP][CodeConfiguration.compilationOutput] DEBUG: make[1]: Verzeichnis „/home/lukas/git/benchmark_harness/auto_tuner_benchmarks/NPB/MG/MG_orig_with_metadata_dpautotune_19“ wird betreten
rm -f core 
rm -f *~ */core */*~ */*.o */npbparams.hpp */*.obj */*.exe
rm -f sys/setparams sys/makesuite sys/setparams.hpp
make[1]: Verzeichnis „/home/lukas/git/benchmark_harness/auto_tuner_benchmarks/NPB/MG/MG_orig_with_metadata_dpautotune_19“ wird verlassen
make[1]: Verzeichnis „/home/lukas/git/benchmark_harness/auto_tuner_benchmarks/NPB/MG/MG_orig_with_metadata_dpautotune_19“ wird betreten
   ===========================================
   =      NAS PARALLEL BENCHMARKS 4.1        =
   =      Serial Versions                    =
   =      C++                                =
   ===========================================

cd MG; make CLASS=C
make[2]: Verzeichnis „/home/lukas/git/benchmark_harness/auto_tuner_benchmarks/NPB/MG/MG_orig_with_metadata_dpautotune_19/MG“ wird betreten
make[3]: Verzeichnis „/home/lukas/git/benchmark_harness/auto_tuner_benchmarks/NPB/MG/MG_orig_with_metadata_dpautotune_19/sys“ wird betreten
clang++ -g -fno-discard-value-names -o setparams setparams.cpp
make[3]: Verzeichnis „/home/lukas/git/benchmark_harness/auto_tuner_benchmarks/NPB/MG/MG_orig_with_metadata_dpautotune_19/sys“ wird verlassen
../sys/setparams mg C
discopop_hotspot_cxx  -c -I../common  -O3 -mcmodel=medium -fopenmp mg.cpp
cd ../common; discopop_hotspot_cxx  -c -I../common  -O3 -mcmodel=medium -fopenmp c_print_results.cpp
cd ../common; discopop_hotspot_cxx  -c -I../common  -O3 -mcmodel=medium -fopenmp c_randdp.cpp
cd ../common; discopop_hotspot_cxx  -c -I../common  -O3 -mcmodel=medium -fopenmp c_timers.cpp
cd ../common; discopop_hotspot_cxx  -c -I../common  -O3 -mcmodel=medium -fopenmp -o c_wtime.o ../common/wtime.cpp
discopop_hotspot_cxx -O3 -mcmodel=medium -fopenmp -o ../bin/mg.C mg.o ../common/c_print_results.o ../common/c_randdp.o ../common/c_timers.o ../common/c_wtime.o -lm 
GNU ld (GNU Binutils for Ubuntu) 2.42
make[2]: Verzeichnis „/home/lukas/git/benchmark_harness/auto_tuner_benchmarks/NPB/MG/MG_orig_with_metadata_dpautotune_19/MG“ wird verlassen
make[1]: Verzeichnis „/home/lukas/git/benchmark_harness/auto_tuner_benchmarks/NPB/MG/MG_orig_with_metadata_dpautotune_19“ wird verlassen

[DP][CodeConfiguration] DEBUG: Executing Hotspot configuration: /home/lukas/git/benchmark_harness/auto_tuner_benchmarks/NPB/MG/MG_orig_with_metadata_dpautotune_19 with 
[DP][CodeConfiguration.executionOutput] DEBUG:  Verification    =               SUCCESSFUL

[DP][CodeConfiguration.executionError] DEBUG: 
[DP][CodeConfiguration] DEBUG: Execution took 190.089 s
[DP][CodeConfiguration] DEBUG: Execution return code: 0
[DP][Autotuner.hotspotComparatorReturnCode] INFO: 0
[DP][Autotuner.hotspotComparatorOutput] INFO: [4, 21, 18]

[DP][Autotuner.hotspotComparatorError] INFO: 
[DP][Autotuner] INFO: Slow suggestions: [4, 21, 18]
[DP][CodeConfiguration.apply_suggestions] DEBUG: Applying patch applicator for: [32, 33, 2, 16, 22, 23, 26, 27, 29, 30]
[DP][FolderStructure.Setup.patch_applicator] DEBUG: Start
[DP][FolderStructure.Setup.patch_applicator] DEBUG: Done
[DP][CodeConfiguration.apply_suggestions] DEBUG: Patch applicator return code: 0
[DP][CodeConfiguration] DEBUG: Compiling configuration: /home/lukas/git/benchmark_harness/auto_tuner_benchmarks/NPB/MG/MG_orig_with_metadata_dpautotune_18
[DP][CodeConfiguration.compilationOutput] DEBUG: make[1]: Verzeichnis „/home/lukas/git/benchmark_harness/auto_tuner_benchmarks/NPB/MG/MG_orig_with_metadata_dpautotune_18“ wird betreten
rm -f core 
rm -f *~ */core */*~ */*.o */npbparams.hpp */*.obj */*.exe
rm -f sys/setparams sys/makesuite sys/setparams.hpp
make[1]: Verzeichnis „/home/lukas/git/benchmark_harness/auto_tuner_benchmarks/NPB/MG/MG_orig_with_metadata_dpautotune_18“ wird verlassen
make[1]: Verzeichnis „/home/lukas/git/benchmark_harness/auto_tuner_benchmarks/NPB/MG/MG_orig_with_metadata_dpautotune_18“ wird betreten
   ===========================================
   =      NAS PARALLEL BENCHMARKS 4.1        =
   =      Serial Versions                    =
   =      C++                                =
   ===========================================

cd MG; make CLASS=A
make[2]: Verzeichnis „/home/lukas/git/benchmark_harness/auto_tuner_benchmarks/NPB/MG/MG_orig_with_metadata_dpautotune_18/MG“ wird betreten
make[3]: Verzeichnis „/home/lukas/git/benchmark_harness/auto_tuner_benchmarks/NPB/MG/MG_orig_with_metadata_dpautotune_18/sys“ wird betreten
clang++ -g -fno-discard-value-names -o setparams setparams.cpp
make[3]: Verzeichnis „/home/lukas/git/benchmark_harness/auto_tuner_benchmarks/NPB/MG/MG_orig_with_metadata_dpautotune_18/sys“ wird verlassen
../sys/setparams mg A
clang++  -c -I../common  -O3 -mcmodel=medium -fopenmp mg.cpp
cd ../common; clang++  -c -I../common  -O3 -mcmodel=medium -fopenmp c_print_results.cpp
cd ../common; clang++  -c -I../common  -O3 -mcmodel=medium -fopenmp c_randdp.cpp
cd ../common; clang++  -c -I../common  -O3 -mcmodel=medium -fopenmp c_timers.cpp
cd ../common; clang++  -c -I../common  -O3 -mcmodel=medium -fopenmp -o c_wtime.o ../common/wtime.cpp
clang++ -O3 -mcmodel=medium -fopenmp -o ../bin/mg.A mg.o ../common/c_print_results.o ../common/c_randdp.o ../common/c_timers.o ../common/c_wtime.o -lm 
make[2]: Verzeichnis „/home/lukas/git/benchmark_harness/auto_tuner_benchmarks/NPB/MG/MG_orig_with_metadata_dpautotune_18/MG“ wird verlassen
make[1]: Verzeichnis „/home/lukas/git/benchmark_harness/auto_tuner_benchmarks/NPB/MG/MG_orig_with_metadata_dpautotune_18“ wird verlassen

[DP][CodeConfiguration] DEBUG: Executing configuration: /home/lukas/git/benchmark_harness/auto_tuner_benchmarks/NPB/MG/MG_orig_with_metadata_dpautotune_18 with timeout 4.860085964202881 
[DP][CodeConfiguration.executionOutput] DEBUG:  Verification    =               SUCCESSFUL

[DP][CodeConfiguration.executionError] DEBUG: 
[DP][CodeConfiguration] DEBUG: Checking result validity: /home/lukas/git/benchmark_harness/auto_tuner_benchmarks/NPB/MG/MG_orig_with_metadata_dpautotune_18
[DP][CodeConfiguration.validationOutput] DEBUG: make[1]: Verzeichnis „/home/lukas/git/benchmark_harness/auto_tuner_benchmarks/NPB/MG/MG_orig_with_metadata_dpautotune_18“ wird betreten
rm -f core 
rm -f *~ */core */*~ */*.o */npbparams.hpp */*.obj */*.exe
rm -f sys/setparams sys/makesuite sys/setparams.hpp
make[1]: Verzeichnis „/home/lukas/git/benchmark_harness/auto_tuner_benchmarks/NPB/MG/MG_orig_with_metadata_dpautotune_18“ wird verlassen
make[1]: Verzeichnis „/home/lukas/git/benchmark_harness/auto_tuner_benchmarks/NPB/MG/MG_orig_with_metadata_dpautotune_18“ wird betreten
   ===========================================
   =      NAS PARALLEL BENCHMARKS 4.1        =
   =      Serial Versions                    =
   =      C++                                =
   ===========================================

cd MG; make CLASS=A
make[2]: Verzeichnis „/home/lukas/git/benchmark_harness/auto_tuner_benchmarks/NPB/MG/MG_orig_with_metadata_dpautotune_18/MG“ wird betreten
make[3]: Verzeichnis „/home/lukas/git/benchmark_harness/auto_tuner_benchmarks/NPB/MG/MG_orig_with_metadata_dpautotune_18/sys“ wird betreten
clang++ -g -fno-discard-value-names -o setparams setparams.cpp
make[3]: Verzeichnis „/home/lukas/git/benchmark_harness/auto_tuner_benchmarks/NPB/MG/MG_orig_with_metadata_dpautotune_18/sys“ wird verlassen
../sys/setparams mg A
clang++  -c -I../common  -O3 -mcmodel=medium -fopenmp mg.cpp
cd ../common; clang++  -c -I../common  -O3 -mcmodel=medium -fopenmp c_print_results.cpp
cd ../common; clang++  -c -I../common  -O3 -mcmodel=medium -fopenmp c_randdp.cpp
cd ../common; clang++  -c -I../common  -O3 -mcmodel=medium -fopenmp c_timers.cpp
cd ../common; clang++  -c -I../common  -O3 -mcmodel=medium -fopenmp -o c_wtime.o ../common/wtime.cpp
clang++ -O3 -mcmodel=medium -fopenmp -o ../bin/mg.A mg.o ../common/c_print_results.o ../common/c_randdp.o ../common/c_timers.o ../common/c_wtime.o -lm 
make[2]: Verzeichnis „/home/lukas/git/benchmark_harness/auto_tuner_benchmarks/NPB/MG/MG_orig_with_metadata_dpautotune_18/MG“ wird verlassen
make[1]: Verzeichnis „/home/lukas/git/benchmark_harness/auto_tuner_benchmarks/NPB/MG/MG_orig_with_metadata_dpautotune_18“ wird verlassen
 Verification    =               SUCCESSFUL

[DP][CodeConfiguration.validationError] DEBUG: 
[DP][CodeConfiguration.validationResult] DEBUG: Returncode: 0
[DP][CodeConfiguration] DEBUG: Execution took 2.5204 s
[DP][CodeConfiguration] DEBUG: Execution return code: 0
[DP][CodeConfiguration] DEBUG: Execution result valid: True
[DP][CodeConfiguration] DEBUG: ThreadSanitizer valid: True
[DP][CodeConfiguration] DEBUG: Deleted /home/lukas/git/benchmark_harness/auto_tuner_benchmarks/NPB/MG/MG_orig_with_metadata_dpautotune_17
[DP][CodeConfiguration] DEBUG: Deleted /home/lukas/git/benchmark_harness/auto_tuner_benchmarks/NPB/MG/MG_orig_with_metadata_dpautotune_19
[DP][CodeConfiguration] DEBUG: Deleted /home/lukas/git/benchmark_harness/auto_tuner_benchmarks/NPB/MG/MG_orig_with_metadata_dpautotune_18
[DP][Autotuner] INFO: DEBUG STATS AFTER REFINEMENT
[DP][Autotuner] DEBUG: Configuration measurements:
[time]	[applied suggestions]	[return code]	[result valid]	[thread sanitizer]	[path]
4.668s	[32, 33, 22, 23, 26, 27, 29, 30, 21]	0	True	True	/home/lukas/git/benchmark_harness/auto_tuner_benchmarks/NPB/MG/MG_orig_with_metadata_dpautotune_10
4.587s	[32, 33, 21, 22, 23, 26, 27, 29, 30, 18]	0	True	True	/home/lukas/git/benchmark_harness/auto_tuner_benchmarks/NPB/MG/MG_orig_with_metadata_dpautotune_11
3.317s	[32, 33, 23, 26, 27, 29, 30, 24]	1	True	True	/home/lukas/git/benchmark_harness/auto_tuner_benchmarks/NPB/MG/MG_orig_with_metadata_dpautotune_8
2.791s	[33, 32]	0	True	True	/home/lukas/git/benchmark_harness/auto_tuner_benchmarks/NPB/MG/MG_orig_with_metadata_dpautotune_2
2.782s	[33]	0	True	True	/home/lukas/git/benchmark_harness/auto_tuner_benchmarks/NPB/MG/MG_orig_with_metadata_dpautotune_1
2.69s	[32, 33, 26, 27, 29, 30, 23]	0	True	True	/home/lukas/git/benchmark_harness/auto_tuner_benchmarks/NPB/MG/MG_orig_with_metadata_dpautotune_7
2.673s	[32, 33, 23, 26, 27, 29, 30, 22]	0	True	True	/home/lukas/git/benchmark_harness/auto_tuner_benchmarks/NPB/MG/MG_orig_with_metadata_dpautotune_9
2.593s	[32, 33, 30]	0	True	True	/home/lukas/git/benchmark_harness/auto_tuner_benchmarks/NPB/MG/MG_orig_with_metadata_dpautotune_3
2.575s	[32, 33, 30, 29]	0	True	True	/home/lukas/git/benchmark_harness/auto_tuner_benchmarks/NPB/MG/MG_orig_with_metadata_dpautotune_4
2.52s	[32, 33, 2, 16, 22, 23, 26, 27, 29, 30]	0	True	True	/home/lukas/git/benchmark_harness/auto_tuner_benchmarks/NPB/MG/MG_orig_with_metadata_dpautotune_18
2.498s	[32, 33, 29, 30, 27]	0	True	True	/home/lukas/git/benchmark_harness/auto_tuner_benchmarks/NPB/MG/MG_orig_with_metadata_dpautotune_5
2.444s	[32, 33, 27, 29, 30, 26]	0	True	True	/home/lukas/git/benchmark_harness/auto_tuner_benchmarks/NPB/MG/MG_orig_with_metadata_dpautotune_6
2.434s	[32, 33, 4, 16, 18, 21, 22, 23, 26, 27, 29, 30, 2]	0	True	True	/home/lukas/git/benchmark_harness/auto_tuner_benchmarks/NPB/MG/MG_orig_with_metadata_dpautotune_15
2.43s	[]	0	True	True	/home/lukas/git/benchmark_harness/auto_tuner_benchmarks/NPB/MG/MG_orig_with_metadata
2.426s	[32, 33, 18, 21, 22, 23, 26, 27, 29, 30, 16]	0	True	True	/home/lukas/git/benchmark_harness/auto_tuner_benchmarks/NPB/MG/MG_orig_with_metadata_dpautotune_12
2.406s	[32, 33, 16, 18, 21, 22, 23, 26, 27, 29, 30, 4]	0	True	True	/home/lukas/git/benchmark_harness/auto_tuner_benchmarks/NPB/MG/MG_orig_with_metadata_dpautotune_14
2.04s	[32, 33, 2, 4, 16, 18, 21, 22, 23, 26, 27, 29, 30, 0]	1	True	True	/home/lukas/git/benchmark_harness/auto_tuner_benchmarks/NPB/MG/MG_orig_with_metadata_dpautotune_16
1.982s	[32, 33, 16, 18, 21, 22, 23, 26, 27, 29, 30, 9]	1	True	True	/home/lukas/git/benchmark_harness/auto_tuner_benchmarks/NPB/MG/MG_orig_with_metadata_dpautotune_13

[DP][CodeConfiguration] DEBUG: Copied folder: /home/lukas/git/benchmark_harness/auto_tuner_benchmarks/NPB/MG/MG_orig_with_metadata to /home/lukas/git/benchmark_harness/auto_tuner_benchmarks/NPB/MG/MG_orig_with_metadata_dpautotune_20
[DP][CodeConfiguration] DEBUG: Set /home/lukas/git/benchmark_harness/auto_tuner_benchmarks/NPB/MG/MG_orig_with_metadata/bin/.discopop to /home/lukas/git/benchmark_harness/auto_tuner_benchmarks/NPB/MG/MG_orig_with_metadata_dpautotune_20/bin/.discopop
[DP][CodeConfiguration] DEBUG: Updated /home/lukas/git/benchmark_harness/auto_tuner_benchmarks/NPB/MG/MG_orig_with_metadata_dpautotune_20/bin/.discopop/FileMapping.txt
[DP][CodeConfiguration] DEBUG: Created configuration: /home/lukas/git/benchmark_harness/auto_tuner_benchmarks/NPB/MG/MG_orig_with_metadata_dpautotune_20
[DP][CodeConfiguration.apply_suggestions] DEBUG: Applying patch applicator for: [32, 33, 2, 16, 22, 23, 26, 27, 29, 30]
[DP][FolderStructure.Setup.patch_applicator] DEBUG: Start
[DP][FolderStructure.Setup.patch_applicator] DEBUG: Done
[DP][CodeConfiguration.apply_suggestions] DEBUG: Patch applicator return code: 0
[DP][CodeConfiguration] DEBUG: Compiling configuration: /home/lukas/git/benchmark_harness/auto_tuner_benchmarks/NPB/MG/MG_orig_with_metadata_dpautotune_20
[DP][CodeConfiguration.compilationOutput] DEBUG: make[1]: Verzeichnis „/home/lukas/git/benchmark_harness/auto_tuner_benchmarks/NPB/MG/MG_orig_with_metadata_dpautotune_20“ wird betreten
rm -f core 
rm -f *~ */core */*~ */*.o */npbparams.hpp */*.obj */*.exe
rm -f sys/setparams sys/makesuite sys/setparams.hpp
make[1]: Verzeichnis „/home/lukas/git/benchmark_harness/auto_tuner_benchmarks/NPB/MG/MG_orig_with_metadata_dpautotune_20“ wird verlassen
make[1]: Verzeichnis „/home/lukas/git/benchmark_harness/auto_tuner_benchmarks/NPB/MG/MG_orig_with_metadata_dpautotune_20“ wird betreten
   ===========================================
   =      NAS PARALLEL BENCHMARKS 4.1        =
   =      Serial Versions                    =
   =      C++                                =
   ===========================================

cd MG; make CLASS=A
make[2]: Verzeichnis „/home/lukas/git/benchmark_harness/auto_tuner_benchmarks/NPB/MG/MG_orig_with_metadata_dpautotune_20/MG“ wird betreten
make[3]: Verzeichnis „/home/lukas/git/benchmark_harness/auto_tuner_benchmarks/NPB/MG/MG_orig_with_metadata_dpautotune_20/sys“ wird betreten
clang++ -g -fno-discard-value-names -o setparams setparams.cpp
make[3]: Verzeichnis „/home/lukas/git/benchmark_harness/auto_tuner_benchmarks/NPB/MG/MG_orig_with_metadata_dpautotune_20/sys“ wird verlassen
../sys/setparams mg A
clang++  -c -I../common  -O3 -mcmodel=medium -fopenmp mg.cpp
cd ../common; clang++  -c -I../common  -O3 -mcmodel=medium -fopenmp c_print_results.cpp
cd ../common; clang++  -c -I../common  -O3 -mcmodel=medium -fopenmp c_randdp.cpp
cd ../common; clang++  -c -I../common  -O3 -mcmodel=medium -fopenmp c_timers.cpp
cd ../common; clang++  -c -I../common  -O3 -mcmodel=medium -fopenmp -o c_wtime.o ../common/wtime.cpp
clang++ -O3 -mcmodel=medium -fopenmp -o ../bin/mg.A mg.o ../common/c_print_results.o ../common/c_randdp.o ../common/c_timers.o ../common/c_wtime.o -lm 
make[2]: Verzeichnis „/home/lukas/git/benchmark_harness/auto_tuner_benchmarks/NPB/MG/MG_orig_with_metadata_dpautotune_20/MG“ wird verlassen
make[1]: Verzeichnis „/home/lukas/git/benchmark_harness/auto_tuner_benchmarks/NPB/MG/MG_orig_with_metadata_dpautotune_20“ wird verlassen

[DP][CodeConfiguration] DEBUG: Executing configuration: /home/lukas/git/benchmark_harness/auto_tuner_benchmarks/NPB/MG/MG_orig_with_metadata_dpautotune_20 with timeout 4.860085964202881 
[DP][CodeConfiguration.executionOutput] DEBUG:  Verification    =               SUCCESSFUL

[DP][CodeConfiguration.executionError] DEBUG: 
[DP][CodeConfiguration] DEBUG: Checking result validity: /home/lukas/git/benchmark_harness/auto_tuner_benchmarks/NPB/MG/MG_orig_with_metadata_dpautotune_20
[DP][CodeConfiguration.validationOutput] DEBUG: make[1]: Verzeichnis „/home/lukas/git/benchmark_harness/auto_tuner_benchmarks/NPB/MG/MG_orig_with_metadata_dpautotune_20“ wird betreten
rm -f core 
rm -f *~ */core */*~ */*.o */npbparams.hpp */*.obj */*.exe
rm -f sys/setparams sys/makesuite sys/setparams.hpp
make[1]: Verzeichnis „/home/lukas/git/benchmark_harness/auto_tuner_benchmarks/NPB/MG/MG_orig_with_metadata_dpautotune_20“ wird verlassen
make[1]: Verzeichnis „/home/lukas/git/benchmark_harness/auto_tuner_benchmarks/NPB/MG/MG_orig_with_metadata_dpautotune_20“ wird betreten
   ===========================================
   =      NAS PARALLEL BENCHMARKS 4.1        =
   =      Serial Versions                    =
   =      C++                                =
   ===========================================

cd MG; make CLASS=A
make[2]: Verzeichnis „/home/lukas/git/benchmark_harness/auto_tuner_benchmarks/NPB/MG/MG_orig_with_metadata_dpautotune_20/MG“ wird betreten
make[3]: Verzeichnis „/home/lukas/git/benchmark_harness/auto_tuner_benchmarks/NPB/MG/MG_orig_with_metadata_dpautotune_20/sys“ wird betreten
clang++ -g -fno-discard-value-names -o setparams setparams.cpp
make[3]: Verzeichnis „/home/lukas/git/benchmark_harness/auto_tuner_benchmarks/NPB/MG/MG_orig_with_metadata_dpautotune_20/sys“ wird verlassen
../sys/setparams mg A
clang++  -c -I../common  -O3 -mcmodel=medium -fopenmp mg.cpp
cd ../common; clang++  -c -I../common  -O3 -mcmodel=medium -fopenmp c_print_results.cpp
cd ../common; clang++  -c -I../common  -O3 -mcmodel=medium -fopenmp c_randdp.cpp
cd ../common; clang++  -c -I../common  -O3 -mcmodel=medium -fopenmp c_timers.cpp
cd ../common; clang++  -c -I../common  -O3 -mcmodel=medium -fopenmp -o c_wtime.o ../common/wtime.cpp
clang++ -O3 -mcmodel=medium -fopenmp -o ../bin/mg.A mg.o ../common/c_print_results.o ../common/c_randdp.o ../common/c_timers.o ../common/c_wtime.o -lm 
make[2]: Verzeichnis „/home/lukas/git/benchmark_harness/auto_tuner_benchmarks/NPB/MG/MG_orig_with_metadata_dpautotune_20/MG“ wird verlassen
make[1]: Verzeichnis „/home/lukas/git/benchmark_harness/auto_tuner_benchmarks/NPB/MG/MG_orig_with_metadata_dpautotune_20“ wird verlassen
 Verification    =               SUCCESSFUL

[DP][CodeConfiguration.validationError] DEBUG: 
[DP][CodeConfiguration.validationResult] DEBUG: Returncode: 0
[DP][CodeConfiguration] DEBUG: Execution took 2.8398 s
[DP][CodeConfiguration] DEBUG: Execution return code: 0
[DP][CodeConfiguration] DEBUG: Execution result valid: True
[DP][CodeConfiguration] DEBUG: ThreadSanitizer valid: True
[DP][Autotuner] INFO: Configuration measurements:
[time]	[applied suggestions]	[return code]	[result valid]	[thread sanitizer]
4.668s	[32, 33, 22, 23, 26, 27, 29, 30, 21]	0	True	True
4.587s	[32, 33, 21, 22, 23, 26, 27, 29, 30, 18]	0	True	True
3.317s	[32, 33, 23, 26, 27, 29, 30, 24]	1	True	True
2.791s	[33, 32]	0	True	True
2.782s	[33]	0	True	True
2.69s	[32, 33, 26, 27, 29, 30, 23]	0	True	True
2.673s	[32, 33, 23, 26, 27, 29, 30, 22]	0	True	True
2.593s	[32, 33, 30]	0	True	True
2.575s	[32, 33, 30, 29]	0	True	True
2.52s	[32, 33, 2, 16, 22, 23, 26, 27, 29, 30]	0	True	True
2.498s	[32, 33, 29, 30, 27]	0	True	True
2.444s	[32, 33, 27, 29, 30, 26]	0	True	True
2.434s	[32, 33, 4, 16, 18, 21, 22, 23, 26, 27, 29, 30, 2]	0	True	True
2.43s	[]	0	True	True
2.426s	[32, 33, 18, 21, 22, 23, 26, 27, 29, 30, 16]	0	True	True
2.406s	[32, 33, 16, 18, 21, 22, 23, 26, 27, 29, 30, 4]	0	True	True
2.04s	[32, 33, 2, 4, 16, 18, 21, 22, 23, 26, 27, 29, 30, 0]	1	True	True
1.982s	[32, 33, 16, 18, 21, 22, 23, 26, 27, 29, 30, 9]	1	True	True

[DP][pydot] DEBUG: pydot initializing
[DP][pydot] DEBUG: pydot 3.0.3
[DP][pydot.dot_parser] DEBUG: pydot dot_parser module initializing
[DP][pydot.core] DEBUG: pydot core module initializing
[DP][StatisticsGraph] INFO: Updated dp_autotuner_statistics.svg
##############################
Best configuration located at: /home/lukas/git/benchmark_harness/auto_tuner_benchmarks/NPB/MG/MG_orig_with_metadata_dpautotune_20
Applied suggestions: [32, 33, 2, 16, 22, 23, 26, 27, 29, 30]
Speedup:  0.856
Parallel efficiency:  0.053
##############################
cd $(basename /home/lukas/git/benchmark_harness/auto_tuner_benchmarks/NPB/MG)_orig_without_metadata && cp DP_COMPILE_$(basename /home/lukas/git/benchmark_harness/auto_tuner_benchmarks/NPB/MG).sh DP_COMPILE.sh
cd $(basename /home/lukas/git/benchmark_harness/auto_tuner_benchmarks/NPB/MG)_orig_without_metadata && cp DP_COMPILE_HOTSPOT_$(basename /home/lukas/git/benchmark_harness/auto_tuner_benchmarks/NPB/MG).sh DP_COMPILE_HOTSPOT.sh
cd $(basename /home/lukas/git/benchmark_harness/auto_tuner_benchmarks/NPB/MG)_orig_without_metadata && cp DP_EXECUTE_$(basename /home/lukas/git/benchmark_harness/auto_tuner_benchmarks/NPB/MG).sh DP_EXECUTE.sh
cd $(basename /home/lukas/git/benchmark_harness/auto_tuner_benchmarks/NPB/MG)_orig_without_metadata && cp DP_EXECUTE_HOTSPOT_$(basename /home/lukas/git/benchmark_harness/auto_tuner_benchmarks/NPB/MG).sh DP_EXECUTE_HOTSPOT.sh
cd $(basename /home/lukas/git/benchmark_harness/auto_tuner_benchmarks/NPB/MG)_orig_without_metadata && echo "$(pwd)"
/home/lukas/git/benchmark_harness/auto_tuner_benchmarks/NPB/MG/MG_orig_without_metadata
cd $(basename /home/lukas/git/benchmark_harness/auto_tuner_benchmarks/NPB/MG)_orig_without_metadata && discopop_auto_tuner  --log debug --project-path $(pwd) --dot-dp-path $(pwd)/bin/.discopop
2025-01-09 16:46:05,644 - GlobalLogger - INFO - Logger configured
[DP][GlobalLogger] INFO: Logger configured
[DP][AutotunerArguments] DEBUG: Arguments:
[DP][AutotunerArguments] DEBUG: -- log_level: DEBUG
[DP][AutotunerArguments] DEBUG: -- write_log: False
[DP][AutotunerArguments] DEBUG: -- project_path: /home/lukas/git/benchmark_harness/auto_tuner_benchmarks/NPB/MG/MG_orig_without_metadata
[DP][AutotunerArguments] DEBUG: -- dot_dp_path: /home/lukas/git/benchmark_harness/auto_tuner_benchmarks/NPB/MG/MG_orig_without_metadata/bin/.discopop
[DP][AutotunerArguments] DEBUG: -- skip_cleanup: False
[DP][AutotunerArguments] DEBUG: -- sanitize: False
[DP][Autotuner] INFO: Starting discopop autotuner.
[DP][CodeConfiguration] DEBUG: Created configuration: /home/lukas/git/benchmark_harness/auto_tuner_benchmarks/NPB/MG/MG_orig_without_metadata
[DP][CodeConfiguration] DEBUG: Compiling configuration: /home/lukas/git/benchmark_harness/auto_tuner_benchmarks/NPB/MG/MG_orig_without_metadata
[DP][CodeConfiguration.compilationOutput] DEBUG: make[1]: Verzeichnis „/home/lukas/git/benchmark_harness/auto_tuner_benchmarks/NPB/MG/MG_orig_without_metadata“ wird betreten
rm -f core 
rm -f *~ */core */*~ */*.o */npbparams.hpp */*.obj */*.exe
rm -f sys/setparams sys/makesuite sys/setparams.hpp
make[1]: Verzeichnis „/home/lukas/git/benchmark_harness/auto_tuner_benchmarks/NPB/MG/MG_orig_without_metadata“ wird verlassen
make[1]: Verzeichnis „/home/lukas/git/benchmark_harness/auto_tuner_benchmarks/NPB/MG/MG_orig_without_metadata“ wird betreten
   ===========================================
   =      NAS PARALLEL BENCHMARKS 4.1        =
   =      Serial Versions                    =
   =      C++                                =
   ===========================================

cd MG; make CLASS=A
make[2]: Verzeichnis „/home/lukas/git/benchmark_harness/auto_tuner_benchmarks/NPB/MG/MG_orig_without_metadata/MG“ wird betreten
make[3]: Verzeichnis „/home/lukas/git/benchmark_harness/auto_tuner_benchmarks/NPB/MG/MG_orig_without_metadata/sys“ wird betreten
clang++ -g -fno-discard-value-names -o setparams setparams.cpp
make[3]: Verzeichnis „/home/lukas/git/benchmark_harness/auto_tuner_benchmarks/NPB/MG/MG_orig_without_metadata/sys“ wird verlassen
../sys/setparams mg A
clang++  -c -I../common  -O3 -mcmodel=medium -fopenmp mg.cpp
cd ../common; clang++  -c -I../common  -O3 -mcmodel=medium -fopenmp c_print_results.cpp
cd ../common; clang++  -c -I../common  -O3 -mcmodel=medium -fopenmp c_randdp.cpp
cd ../common; clang++  -c -I../common  -O3 -mcmodel=medium -fopenmp c_timers.cpp
cd ../common; clang++  -c -I../common  -O3 -mcmodel=medium -fopenmp -o c_wtime.o ../common/wtime.cpp
clang++ -O3 -mcmodel=medium -fopenmp -o ../bin/mg.A mg.o ../common/c_print_results.o ../common/c_randdp.o ../common/c_timers.o ../common/c_wtime.o -lm 
make[2]: Verzeichnis „/home/lukas/git/benchmark_harness/auto_tuner_benchmarks/NPB/MG/MG_orig_without_metadata/MG“ wird verlassen
make[1]: Verzeichnis „/home/lukas/git/benchmark_harness/auto_tuner_benchmarks/NPB/MG/MG_orig_without_metadata“ wird verlassen

[DP][CodeConfiguration] DEBUG: Executing configuration: /home/lukas/git/benchmark_harness/auto_tuner_benchmarks/NPB/MG/MG_orig_without_metadata with source 
[DP][CodeConfiguration.executionOutput] DEBUG:  Verification    =               SUCCESSFUL

[DP][CodeConfiguration.executionError] DEBUG: 
[DP][CodeConfiguration] DEBUG: Checking result validity: /home/lukas/git/benchmark_harness/auto_tuner_benchmarks/NPB/MG/MG_orig_without_metadata
[DP][CodeConfiguration.validationOutput] DEBUG: make[1]: Verzeichnis „/home/lukas/git/benchmark_harness/auto_tuner_benchmarks/NPB/MG/MG_orig_without_metadata“ wird betreten
rm -f core 
rm -f *~ */core */*~ */*.o */npbparams.hpp */*.obj */*.exe
rm -f sys/setparams sys/makesuite sys/setparams.hpp
make[1]: Verzeichnis „/home/lukas/git/benchmark_harness/auto_tuner_benchmarks/NPB/MG/MG_orig_without_metadata“ wird verlassen
make[1]: Verzeichnis „/home/lukas/git/benchmark_harness/auto_tuner_benchmarks/NPB/MG/MG_orig_without_metadata“ wird betreten
   ===========================================
   =      NAS PARALLEL BENCHMARKS 4.1        =
   =      Serial Versions                    =
   =      C++                                =
   ===========================================

cd MG; make CLASS=A
make[2]: Verzeichnis „/home/lukas/git/benchmark_harness/auto_tuner_benchmarks/NPB/MG/MG_orig_without_metadata/MG“ wird betreten
make[3]: Verzeichnis „/home/lukas/git/benchmark_harness/auto_tuner_benchmarks/NPB/MG/MG_orig_without_metadata/sys“ wird betreten
clang++ -g -fno-discard-value-names -o setparams setparams.cpp
make[3]: Verzeichnis „/home/lukas/git/benchmark_harness/auto_tuner_benchmarks/NPB/MG/MG_orig_without_metadata/sys“ wird verlassen
../sys/setparams mg A
clang++  -c -I../common  -O3 -mcmodel=medium -fopenmp mg.cpp
cd ../common; clang++  -c -I../common  -O3 -mcmodel=medium -fopenmp c_print_results.cpp
cd ../common; clang++  -c -I../common  -O3 -mcmodel=medium -fopenmp c_randdp.cpp
cd ../common; clang++  -c -I../common  -O3 -mcmodel=medium -fopenmp c_timers.cpp
cd ../common; clang++  -c -I../common  -O3 -mcmodel=medium -fopenmp -o c_wtime.o ../common/wtime.cpp
clang++ -O3 -mcmodel=medium -fopenmp -o ../bin/mg.A mg.o ../common/c_print_results.o ../common/c_randdp.o ../common/c_timers.o ../common/c_wtime.o -lm 
make[2]: Verzeichnis „/home/lukas/git/benchmark_harness/auto_tuner_benchmarks/NPB/MG/MG_orig_without_metadata/MG“ wird verlassen
make[1]: Verzeichnis „/home/lukas/git/benchmark_harness/auto_tuner_benchmarks/NPB/MG/MG_orig_without_metadata“ wird verlassen
 Verification    =               SUCCESSFUL

[DP][CodeConfiguration.validationError] DEBUG: 
[DP][CodeConfiguration.validationResult] DEBUG: Returncode: 0
[DP][CodeConfiguration] DEBUG: Execution took 2.571 s
[DP][CodeConfiguration] DEBUG: Execution return code: 0
[DP][CodeConfiguration] DEBUG: Execution result valid: True
[DP][CodeConfiguration] DEBUG: ThreadSanitizer valid: True
[DP][HotspotLoader] INFO: Loaded hotspots:
{<HotspotType.NO: 0>: [(1, 144, <HotspotNodeType.LOOP: 1>, '', 1e-06), (1, 296, <HotspotNodeType.LOOP: 1>, '', 1e-06), (1, 1041, <HotspotNodeType.LOOP: 1>, '', 1e-06), (1, 1052, <HotspotNodeType.LOOP: 1>, '', 1e-06), (1, 1053, <HotspotNodeType.LOOP: 1>, '', 1e-06), (1, 1185, <HotspotNodeType.LOOP: 1>, '', 1e-06), (1, 1223, <HotspotNodeType.LOOP: 1>, '', 5e-07), (1, 1261, <HotspotNodeType.LOOP: 1>, '', 5e-07), (1, 786, <HotspotNodeType.LOOP: 1>, '', 5e-06), (1, 423, <HotspotNodeType.LOOP: 1>, '', 1e-06), (1, 144, <HotspotNodeType.LOOP: 1>, '', 1.5e-06), (1, 1041, <HotspotNodeType.LOOP: 1>, '', 5e-07), (1, 1052, <HotspotNodeType.LOOP: 1>, '', 1.5e-06), (1, 1053, <HotspotNodeType.LOOP: 1>, '', 1e-06), (1, 1074, <HotspotNodeType.LOOP: 1>, '', 5e-07), (1, 1223, <HotspotNodeType.LOOP: 1>, '', 5e-07), (1, 1261, <HotspotNodeType.LOOP: 1>, '', 1e-06), (1, 1264, <HotspotNodeType.LOOP: 1>, '', 1e-06), (1, 786, <HotspotNodeType.LOOP: 1>, '', 3.5e-06), (1, 423, <HotspotNodeType.LOOP: 1>, '', 5e-07)], <HotspotType.MAYBE: 2>: [(1, 306, <HotspotNodeType.LOOP: 1>, '', 0.008466), (1, 1123, <HotspotNodeType.LOOP: 1>, '', 0.001749), (1, 1124, <HotspotNodeType.LOOP: 1>, '', 0.0017385), (1, 1125, <HotspotNodeType.LOOP: 1>, '', 0.001415), (1, 1170, <HotspotNodeType.LOOP: 1>, '', 0.00363), (1, 1172, <HotspotNodeType.LOOP: 1>, '', 0.0036185), (1, 1195, <HotspotNodeType.LOOP: 1>, '', 0.000547), (1, 1196, <HotspotNodeType.LOOP: 1>, '', 0.000543), (1, 1197, <HotspotNodeType.LOOP: 1>, '', 0.0004355), (1, 1254, <HotspotNodeType.LOOP: 1>, '', 0.000413), (1, 1255, <HotspotNodeType.LOOP: 1>, '', 0.000409), (1, 1256, <HotspotNodeType.LOOP: 1>, '', 0.0002985), (1, 756, <HotspotNodeType.LOOP: 1>, '', 0.0010455), (1, 757, <HotspotNodeType.LOOP: 1>, '', 0.0010405), (1, 758, <HotspotNodeType.LOOP: 1>, '', 0.0008495), (1, 909, <HotspotNodeType.LOOP: 1>, '', 0.007966), (1, 910, <HotspotNodeType.LOOP: 1>, '', 0.0079445), (1, 911, <HotspotNodeType.LOOP: 1>, '', 0.0042705), (1, 917, <HotspotNodeType.LOOP: 1>, '', 0.002753), (1, 685, <HotspotNodeType.LOOP: 1>, '', 0.0008575), (1, 699, <HotspotNodeType.LOOP: 1>, '', 0.0020205), (1, 485, <HotspotNodeType.LOOP: 1>, '', 0.000186), (1, 486, <HotspotNodeType.LOOP: 1>, '', 0.000141), (1, 492, <HotspotNodeType.LOOP: 1>, '', 0.000204), (1, 493, <HotspotNodeType.LOOP: 1>, '', 0.0001595), (1, 499, <HotspotNodeType.LOOP: 1>, '', 0.00024), (1, 500, <HotspotNodeType.LOOP: 1>, '', 0.000196), (1, 993, <HotspotNodeType.LOOP: 1>, '', 0.0007745), (1, 995, <HotspotNodeType.LOOP: 1>, '', 0.0007715), (1, 997, <HotspotNodeType.LOOP: 1>, '', 0.0003095), (1, 1004, <HotspotNodeType.LOOP: 1>, '', 0.0003395), (1, 823, <HotspotNodeType.LOOP: 1>, '', 0.0036315), (1, 824, <HotspotNodeType.LOOP: 1>, '', 0.00362), (1, 825, <HotspotNodeType.LOOP: 1>, '', 0.001795), (1, 831, <HotspotNodeType.LOOP: 1>, '', 0.001363), (1, 545, <HotspotNodeType.LOOP: 1>, '', 0.0014195), (1, 546, <HotspotNodeType.LOOP: 1>, '', 0.001415), (1, 547, <HotspotNodeType.LOOP: 1>, '', 0.000283), (1, 552, <HotspotNodeType.LOOP: 1>, '', 0.000207), (1, 558, <HotspotNodeType.LOOP: 1>, '', 0.000199), (1, 564, <HotspotNodeType.LOOP: 1>, '', 0.000195), (1, 570, <HotspotNodeType.LOOP: 1>, '', 0.000201), (1, 1195, <HotspotNodeType.LOOP: 1>, '', 0.0484235), (1, 1196, <HotspotNodeType.LOOP: 1>, '', 0.0484185), (1, 1197, <HotspotNodeType.LOOP: 1>, '', 0.046179), (1, 1254, <HotspotNodeType.LOOP: 1>, '', 0.0357815), (1, 1255, <HotspotNodeType.LOOP: 1>, '', 0.0357755), (1, 1256, <HotspotNodeType.LOOP: 1>, '', 0.0334575), (1, 756, <HotspotNodeType.LOOP: 1>, '', 0.1440215), (1, 757, <HotspotNodeType.LOOP: 1>, '', 0.1440035), (1, 758, <HotspotNodeType.LOOP: 1>, '', 0.1395205), (1, 685, <HotspotNodeType.LOOP: 1>, '', 0.145269), (1, 485, <HotspotNodeType.LOOP: 1>, '', 0.018596), (1, 486, <HotspotNodeType.LOOP: 1>, '', 0.018449), (1, 492, <HotspotNodeType.LOOP: 1>, '', 0.0053645), (1, 493, <HotspotNodeType.LOOP: 1>, '', 0.0052275), (1, 499, <HotspotNodeType.LOOP: 1>, '', 0.004491), (1, 500, <HotspotNodeType.LOOP: 1>, '', 0.004333), (1, 993, <HotspotNodeType.LOOP: 1>, '', 0.1435985), (1, 995, <HotspotNodeType.LOOP: 1>, '', 0.143568), (1, 997, <HotspotNodeType.LOOP: 1>, '', 0.0713985), (1, 1004, <HotspotNodeType.LOOP: 1>, '', 0.0684455), (1, 547, <HotspotNodeType.LOOP: 1>, '', 0.0440195), (1, 552, <HotspotNodeType.LOOP: 1>, '', 0.037116), (1, 558, <HotspotNodeType.LOOP: 1>, '', 0.033108), (1, 564, <HotspotNodeType.LOOP: 1>, '', 0.0324915), (1, 570, <HotspotNodeType.LOOP: 1>, '', 0.0331035)], <HotspotType.YES: 1>: [(3, 155, <HotspotNodeType.LOOP: 1>, '', 0.527919), (1, 306, <HotspotNodeType.LOOP: 1>, '', 1.981995), (1, 1123, <HotspotNodeType.LOOP: 1>, '', 0.2117435), (1, 1124, <HotspotNodeType.LOOP: 1>, '', 0.211696), (1, 1125, <HotspotNodeType.LOOP: 1>, '', 0.205265), (1, 1170, <HotspotNodeType.LOOP: 1>, '', 0.538306), (1, 1172, <HotspotNodeType.LOOP: 1>, '', 0.538275), (1, 909, <HotspotNodeType.LOOP: 1>, '', 1.600483), (1, 910, <HotspotNodeType.LOOP: 1>, '', 1.6004), (1, 911, <HotspotNodeType.LOOP: 1>, '', 0.966247), (1, 917, <HotspotNodeType.LOOP: 1>, '', 0.6034545), (1, 699, <HotspotNodeType.LOOP: 1>, '', 0.2517375), (1, 823, <HotspotNodeType.LOOP: 1>, '', 0.7757515), (1, 824, <HotspotNodeType.LOOP: 1>, '', 0.775712), (1, 825, <HotspotNodeType.LOOP: 1>, '', 0.4330575), (1, 831, <HotspotNodeType.LOOP: 1>, '', 0.3277185), (1, 545, <HotspotNodeType.LOOP: 1>, '', 0.1893845), (1, 546, <HotspotNodeType.LOOP: 1>, '', 0.189359)]}
[DP][Autotuner] DEBUG: loaded hotspots
[DP][Autotuner] DEBUG: loaded suggestions
[DP][Autotuner] DEBUG: Patterns by hotspot type
[DP][Autotuner] DEBUG: {<HotspotType.YES: 1>: [3, 7, 10, 11, 13, 14], <HotspotType.NO: 0>: [], <HotspotType.MAYBE: 2>: [0, 1, 2, 6, 4, 8, 5, 12, 9]}
[DP][Autotuner] INFO: Identifying valid combination of parallelizable, known hotspots:
[DP][Autotuner] INFO: Press CTRL+C to manually stop the search.
[DP][Autotuner] INFO: --- 6 / 6
[DP][CodeConfiguration] DEBUG: Copied folder: /home/lukas/git/benchmark_harness/auto_tuner_benchmarks/NPB/MG/MG_orig_without_metadata to /home/lukas/git/benchmark_harness/auto_tuner_benchmarks/NPB/MG/MG_orig_without_metadata_dpautotune_1
[DP][CodeConfiguration] DEBUG: Set /home/lukas/git/benchmark_harness/auto_tuner_benchmarks/NPB/MG/MG_orig_without_metadata/bin/.discopop to /home/lukas/git/benchmark_harness/auto_tuner_benchmarks/NPB/MG/MG_orig_without_metadata_dpautotune_1/bin/.discopop
[DP][CodeConfiguration] DEBUG: Updated /home/lukas/git/benchmark_harness/auto_tuner_benchmarks/NPB/MG/MG_orig_without_metadata_dpautotune_1/bin/.discopop/FileMapping.txt
[DP][CodeConfiguration] DEBUG: Created configuration: /home/lukas/git/benchmark_harness/auto_tuner_benchmarks/NPB/MG/MG_orig_without_metadata_dpautotune_1
[DP][CodeConfiguration.apply_suggestions] DEBUG: Applying patch applicator for: [14]
[DP][FolderStructure.Setup.patch_applicator] DEBUG: Start
[DP][FolderStructure.Setup.patch_applicator] DEBUG: Done
[DP][CodeConfiguration.apply_suggestions] DEBUG: Patch applicator return code: 0
[DP][CodeConfiguration] DEBUG: Compiling configuration: /home/lukas/git/benchmark_harness/auto_tuner_benchmarks/NPB/MG/MG_orig_without_metadata_dpautotune_1
[DP][CodeConfiguration.compilationOutput] DEBUG: make[1]: Verzeichnis „/home/lukas/git/benchmark_harness/auto_tuner_benchmarks/NPB/MG/MG_orig_without_metadata_dpautotune_1“ wird betreten
rm -f core 
rm -f *~ */core */*~ */*.o */npbparams.hpp */*.obj */*.exe
rm -f sys/setparams sys/makesuite sys/setparams.hpp
make[1]: Verzeichnis „/home/lukas/git/benchmark_harness/auto_tuner_benchmarks/NPB/MG/MG_orig_without_metadata_dpautotune_1“ wird verlassen
make[1]: Verzeichnis „/home/lukas/git/benchmark_harness/auto_tuner_benchmarks/NPB/MG/MG_orig_without_metadata_dpautotune_1“ wird betreten
   ===========================================
   =      NAS PARALLEL BENCHMARKS 4.1        =
   =      Serial Versions                    =
   =      C++                                =
   ===========================================

cd MG; make CLASS=A
make[2]: Verzeichnis „/home/lukas/git/benchmark_harness/auto_tuner_benchmarks/NPB/MG/MG_orig_without_metadata_dpautotune_1/MG“ wird betreten
make[3]: Verzeichnis „/home/lukas/git/benchmark_harness/auto_tuner_benchmarks/NPB/MG/MG_orig_without_metadata_dpautotune_1/sys“ wird betreten
clang++ -g -fno-discard-value-names -o setparams setparams.cpp
make[3]: Verzeichnis „/home/lukas/git/benchmark_harness/auto_tuner_benchmarks/NPB/MG/MG_orig_without_metadata_dpautotune_1/sys“ wird verlassen
../sys/setparams mg A
clang++  -c -I../common  -O3 -mcmodel=medium -fopenmp mg.cpp
cd ../common; clang++  -c -I../common  -O3 -mcmodel=medium -fopenmp c_print_results.cpp
cd ../common; clang++  -c -I../common  -O3 -mcmodel=medium -fopenmp c_randdp.cpp
cd ../common; clang++  -c -I../common  -O3 -mcmodel=medium -fopenmp c_timers.cpp
cd ../common; clang++  -c -I../common  -O3 -mcmodel=medium -fopenmp -o c_wtime.o ../common/wtime.cpp
clang++ -O3 -mcmodel=medium -fopenmp -o ../bin/mg.A mg.o ../common/c_print_results.o ../common/c_randdp.o ../common/c_timers.o ../common/c_wtime.o -lm 
make[2]: Verzeichnis „/home/lukas/git/benchmark_harness/auto_tuner_benchmarks/NPB/MG/MG_orig_without_metadata_dpautotune_1/MG“ wird verlassen
make[1]: Verzeichnis „/home/lukas/git/benchmark_harness/auto_tuner_benchmarks/NPB/MG/MG_orig_without_metadata_dpautotune_1“ wird verlassen

[DP][CodeConfiguration] DEBUG: Executing configuration: /home/lukas/git/benchmark_harness/auto_tuner_benchmarks/NPB/MG/MG_orig_without_metadata_dpautotune_1 with timeout 5.141952991485596 
[DP][CodeConfiguration.executionOutput] DEBUG:  Verification    =               SUCCESSFUL

[DP][CodeConfiguration.executionError] DEBUG: 
[DP][CodeConfiguration] DEBUG: Checking result validity: /home/lukas/git/benchmark_harness/auto_tuner_benchmarks/NPB/MG/MG_orig_without_metadata_dpautotune_1
[DP][CodeConfiguration.validationOutput] DEBUG: make[1]: Verzeichnis „/home/lukas/git/benchmark_harness/auto_tuner_benchmarks/NPB/MG/MG_orig_without_metadata_dpautotune_1“ wird betreten
rm -f core 
rm -f *~ */core */*~ */*.o */npbparams.hpp */*.obj */*.exe
rm -f sys/setparams sys/makesuite sys/setparams.hpp
make[1]: Verzeichnis „/home/lukas/git/benchmark_harness/auto_tuner_benchmarks/NPB/MG/MG_orig_without_metadata_dpautotune_1“ wird verlassen
make[1]: Verzeichnis „/home/lukas/git/benchmark_harness/auto_tuner_benchmarks/NPB/MG/MG_orig_without_metadata_dpautotune_1“ wird betreten
   ===========================================
   =      NAS PARALLEL BENCHMARKS 4.1        =
   =      Serial Versions                    =
   =      C++                                =
   ===========================================

cd MG; make CLASS=A
make[2]: Verzeichnis „/home/lukas/git/benchmark_harness/auto_tuner_benchmarks/NPB/MG/MG_orig_without_metadata_dpautotune_1/MG“ wird betreten
make[3]: Verzeichnis „/home/lukas/git/benchmark_harness/auto_tuner_benchmarks/NPB/MG/MG_orig_without_metadata_dpautotune_1/sys“ wird betreten
clang++ -g -fno-discard-value-names -o setparams setparams.cpp
make[3]: Verzeichnis „/home/lukas/git/benchmark_harness/auto_tuner_benchmarks/NPB/MG/MG_orig_without_metadata_dpautotune_1/sys“ wird verlassen
../sys/setparams mg A
clang++  -c -I../common  -O3 -mcmodel=medium -fopenmp mg.cpp
cd ../common; clang++  -c -I../common  -O3 -mcmodel=medium -fopenmp c_print_results.cpp
cd ../common; clang++  -c -I../common  -O3 -mcmodel=medium -fopenmp c_randdp.cpp
cd ../common; clang++  -c -I../common  -O3 -mcmodel=medium -fopenmp c_timers.cpp
cd ../common; clang++  -c -I../common  -O3 -mcmodel=medium -fopenmp -o c_wtime.o ../common/wtime.cpp
clang++ -O3 -mcmodel=medium -fopenmp -o ../bin/mg.A mg.o ../common/c_print_results.o ../common/c_randdp.o ../common/c_timers.o ../common/c_wtime.o -lm 
make[2]: Verzeichnis „/home/lukas/git/benchmark_harness/auto_tuner_benchmarks/NPB/MG/MG_orig_without_metadata_dpautotune_1/MG“ wird verlassen
make[1]: Verzeichnis „/home/lukas/git/benchmark_harness/auto_tuner_benchmarks/NPB/MG/MG_orig_without_metadata_dpautotune_1“ wird verlassen
 Verification    =               SUCCESSFUL

[DP][CodeConfiguration.validationError] DEBUG: 
[DP][CodeConfiguration.validationResult] DEBUG: Returncode: 0
[DP][CodeConfiguration] DEBUG: Execution took 2.916 s
[DP][CodeConfiguration] DEBUG: Execution return code: 0
[DP][CodeConfiguration] DEBUG: Execution result valid: True
[DP][CodeConfiguration] DEBUG: ThreadSanitizer valid: True
[DP][CodeConfiguration] DEBUG: Deleted /home/lukas/git/benchmark_harness/auto_tuner_benchmarks/NPB/MG/MG_orig_without_metadata_dpautotune_1
[DP][Autotuner] DEBUG: Configuration measurements:
[time]	[applied suggestions]	[return code]	[result valid]	[thread sanitizer]	[path]
2.916s	[14]	0	True	True	/home/lukas/git/benchmark_harness/auto_tuner_benchmarks/NPB/MG/MG_orig_without_metadata_dpautotune_1
2.571s	[]	0	True	True	/home/lukas/git/benchmark_harness/auto_tuner_benchmarks/NPB/MG/MG_orig_without_metadata

[DP][Autotuner] INFO: --- 5 / 6
[DP][CodeConfiguration] DEBUG: Copied folder: /home/lukas/git/benchmark_harness/auto_tuner_benchmarks/NPB/MG/MG_orig_without_metadata to /home/lukas/git/benchmark_harness/auto_tuner_benchmarks/NPB/MG/MG_orig_without_metadata_dpautotune_2
[DP][CodeConfiguration] DEBUG: Set /home/lukas/git/benchmark_harness/auto_tuner_benchmarks/NPB/MG/MG_orig_without_metadata/bin/.discopop to /home/lukas/git/benchmark_harness/auto_tuner_benchmarks/NPB/MG/MG_orig_without_metadata_dpautotune_2/bin/.discopop
[DP][CodeConfiguration] DEBUG: Updated /home/lukas/git/benchmark_harness/auto_tuner_benchmarks/NPB/MG/MG_orig_without_metadata_dpautotune_2/bin/.discopop/FileMapping.txt
[DP][CodeConfiguration] DEBUG: Created configuration: /home/lukas/git/benchmark_harness/auto_tuner_benchmarks/NPB/MG/MG_orig_without_metadata_dpautotune_2
[DP][CodeConfiguration.apply_suggestions] DEBUG: Applying patch applicator for: [14, 13]
[DP][FolderStructure.Setup.patch_applicator] DEBUG: Start
[DP][FolderStructure.Setup.patch_applicator] DEBUG: Done
[DP][CodeConfiguration.apply_suggestions] DEBUG: Patch applicator return code: 0
[DP][CodeConfiguration] DEBUG: Compiling configuration: /home/lukas/git/benchmark_harness/auto_tuner_benchmarks/NPB/MG/MG_orig_without_metadata_dpautotune_2
[DP][CodeConfiguration.compilationOutput] DEBUG: make[1]: Verzeichnis „/home/lukas/git/benchmark_harness/auto_tuner_benchmarks/NPB/MG/MG_orig_without_metadata_dpautotune_2“ wird betreten
rm -f core 
rm -f *~ */core */*~ */*.o */npbparams.hpp */*.obj */*.exe
rm -f sys/setparams sys/makesuite sys/setparams.hpp
make[1]: Verzeichnis „/home/lukas/git/benchmark_harness/auto_tuner_benchmarks/NPB/MG/MG_orig_without_metadata_dpautotune_2“ wird verlassen
make[1]: Verzeichnis „/home/lukas/git/benchmark_harness/auto_tuner_benchmarks/NPB/MG/MG_orig_without_metadata_dpautotune_2“ wird betreten
   ===========================================
   =      NAS PARALLEL BENCHMARKS 4.1        =
   =      Serial Versions                    =
   =      C++                                =
   ===========================================

cd MG; make CLASS=A
make[2]: Verzeichnis „/home/lukas/git/benchmark_harness/auto_tuner_benchmarks/NPB/MG/MG_orig_without_metadata_dpautotune_2/MG“ wird betreten
make[3]: Verzeichnis „/home/lukas/git/benchmark_harness/auto_tuner_benchmarks/NPB/MG/MG_orig_without_metadata_dpautotune_2/sys“ wird betreten
clang++ -g -fno-discard-value-names -o setparams setparams.cpp
make[3]: Verzeichnis „/home/lukas/git/benchmark_harness/auto_tuner_benchmarks/NPB/MG/MG_orig_without_metadata_dpautotune_2/sys“ wird verlassen
../sys/setparams mg A
clang++  -c -I../common  -O3 -mcmodel=medium -fopenmp mg.cpp
cd ../common; clang++  -c -I../common  -O3 -mcmodel=medium -fopenmp c_print_results.cpp
cd ../common; clang++  -c -I../common  -O3 -mcmodel=medium -fopenmp c_randdp.cpp
cd ../common; clang++  -c -I../common  -O3 -mcmodel=medium -fopenmp c_timers.cpp
cd ../common; clang++  -c -I../common  -O3 -mcmodel=medium -fopenmp -o c_wtime.o ../common/wtime.cpp
clang++ -O3 -mcmodel=medium -fopenmp -o ../bin/mg.A mg.o ../common/c_print_results.o ../common/c_randdp.o ../common/c_timers.o ../common/c_wtime.o -lm 
make[2]: Verzeichnis „/home/lukas/git/benchmark_harness/auto_tuner_benchmarks/NPB/MG/MG_orig_without_metadata_dpautotune_2/MG“ wird verlassen
make[1]: Verzeichnis „/home/lukas/git/benchmark_harness/auto_tuner_benchmarks/NPB/MG/MG_orig_without_metadata_dpautotune_2“ wird verlassen

[DP][CodeConfiguration] DEBUG: Executing configuration: /home/lukas/git/benchmark_harness/auto_tuner_benchmarks/NPB/MG/MG_orig_without_metadata_dpautotune_2 with timeout 5.141952991485596 
[DP][CodeConfiguration.executionOutput] DEBUG:  Verification    =               SUCCESSFUL

[DP][CodeConfiguration.executionError] DEBUG: 
[DP][CodeConfiguration] DEBUG: Checking result validity: /home/lukas/git/benchmark_harness/auto_tuner_benchmarks/NPB/MG/MG_orig_without_metadata_dpautotune_2
[DP][CodeConfiguration.validationOutput] DEBUG: make[1]: Verzeichnis „/home/lukas/git/benchmark_harness/auto_tuner_benchmarks/NPB/MG/MG_orig_without_metadata_dpautotune_2“ wird betreten
rm -f core 
rm -f *~ */core */*~ */*.o */npbparams.hpp */*.obj */*.exe
rm -f sys/setparams sys/makesuite sys/setparams.hpp
make[1]: Verzeichnis „/home/lukas/git/benchmark_harness/auto_tuner_benchmarks/NPB/MG/MG_orig_without_metadata_dpautotune_2“ wird verlassen
make[1]: Verzeichnis „/home/lukas/git/benchmark_harness/auto_tuner_benchmarks/NPB/MG/MG_orig_without_metadata_dpautotune_2“ wird betreten
   ===========================================
   =      NAS PARALLEL BENCHMARKS 4.1        =
   =      Serial Versions                    =
   =      C++                                =
   ===========================================

cd MG; make CLASS=A
make[2]: Verzeichnis „/home/lukas/git/benchmark_harness/auto_tuner_benchmarks/NPB/MG/MG_orig_without_metadata_dpautotune_2/MG“ wird betreten
make[3]: Verzeichnis „/home/lukas/git/benchmark_harness/auto_tuner_benchmarks/NPB/MG/MG_orig_without_metadata_dpautotune_2/sys“ wird betreten
clang++ -g -fno-discard-value-names -o setparams setparams.cpp
make[3]: Verzeichnis „/home/lukas/git/benchmark_harness/auto_tuner_benchmarks/NPB/MG/MG_orig_without_metadata_dpautotune_2/sys“ wird verlassen
../sys/setparams mg A
clang++  -c -I../common  -O3 -mcmodel=medium -fopenmp mg.cpp
cd ../common; clang++  -c -I../common  -O3 -mcmodel=medium -fopenmp c_print_results.cpp
cd ../common; clang++  -c -I../common  -O3 -mcmodel=medium -fopenmp c_randdp.cpp
cd ../common; clang++  -c -I../common  -O3 -mcmodel=medium -fopenmp c_timers.cpp
cd ../common; clang++  -c -I../common  -O3 -mcmodel=medium -fopenmp -o c_wtime.o ../common/wtime.cpp
clang++ -O3 -mcmodel=medium -fopenmp -o ../bin/mg.A mg.o ../common/c_print_results.o ../common/c_randdp.o ../common/c_timers.o ../common/c_wtime.o -lm 
make[2]: Verzeichnis „/home/lukas/git/benchmark_harness/auto_tuner_benchmarks/NPB/MG/MG_orig_without_metadata_dpautotune_2/MG“ wird verlassen
make[1]: Verzeichnis „/home/lukas/git/benchmark_harness/auto_tuner_benchmarks/NPB/MG/MG_orig_without_metadata_dpautotune_2“ wird verlassen
 Verification    =               SUCCESSFUL

[DP][CodeConfiguration.validationError] DEBUG: 
[DP][CodeConfiguration.validationResult] DEBUG: Returncode: 0
[DP][CodeConfiguration] DEBUG: Execution took 3.0099 s
[DP][CodeConfiguration] DEBUG: Execution return code: 0
[DP][CodeConfiguration] DEBUG: Execution result valid: True
[DP][CodeConfiguration] DEBUG: ThreadSanitizer valid: True
[DP][CodeConfiguration] DEBUG: Deleted /home/lukas/git/benchmark_harness/auto_tuner_benchmarks/NPB/MG/MG_orig_without_metadata_dpautotune_2
[DP][Autotuner] DEBUG: Configuration measurements:
[time]	[applied suggestions]	[return code]	[result valid]	[thread sanitizer]	[path]
3.01s	[14, 13]	0	True	True	/home/lukas/git/benchmark_harness/auto_tuner_benchmarks/NPB/MG/MG_orig_without_metadata_dpautotune_2
2.916s	[14]	0	True	True	/home/lukas/git/benchmark_harness/auto_tuner_benchmarks/NPB/MG/MG_orig_without_metadata_dpautotune_1
2.571s	[]	0	True	True	/home/lukas/git/benchmark_harness/auto_tuner_benchmarks/NPB/MG/MG_orig_without_metadata

[DP][Autotuner] INFO: --- 4 / 6
[DP][CodeConfiguration] DEBUG: Copied folder: /home/lukas/git/benchmark_harness/auto_tuner_benchmarks/NPB/MG/MG_orig_without_metadata to /home/lukas/git/benchmark_harness/auto_tuner_benchmarks/NPB/MG/MG_orig_without_metadata_dpautotune_3
[DP][CodeConfiguration] DEBUG: Set /home/lukas/git/benchmark_harness/auto_tuner_benchmarks/NPB/MG/MG_orig_without_metadata/bin/.discopop to /home/lukas/git/benchmark_harness/auto_tuner_benchmarks/NPB/MG/MG_orig_without_metadata_dpautotune_3/bin/.discopop
[DP][CodeConfiguration] DEBUG: Updated /home/lukas/git/benchmark_harness/auto_tuner_benchmarks/NPB/MG/MG_orig_without_metadata_dpautotune_3/bin/.discopop/FileMapping.txt
[DP][CodeConfiguration] DEBUG: Created configuration: /home/lukas/git/benchmark_harness/auto_tuner_benchmarks/NPB/MG/MG_orig_without_metadata_dpautotune_3
[DP][CodeConfiguration.apply_suggestions] DEBUG: Applying patch applicator for: [13, 14, 11]
[DP][FolderStructure.Setup.patch_applicator] DEBUG: Start
[DP][FolderStructure.Setup.patch_applicator] DEBUG: Done
[DP][CodeConfiguration.apply_suggestions] DEBUG: Patch applicator return code: 0
[DP][CodeConfiguration] DEBUG: Compiling configuration: /home/lukas/git/benchmark_harness/auto_tuner_benchmarks/NPB/MG/MG_orig_without_metadata_dpautotune_3
[DP][CodeConfiguration.compilationOutput] DEBUG: make[1]: Verzeichnis „/home/lukas/git/benchmark_harness/auto_tuner_benchmarks/NPB/MG/MG_orig_without_metadata_dpautotune_3“ wird betreten
rm -f core 
rm -f *~ */core */*~ */*.o */npbparams.hpp */*.obj */*.exe
rm -f sys/setparams sys/makesuite sys/setparams.hpp
make[1]: Verzeichnis „/home/lukas/git/benchmark_harness/auto_tuner_benchmarks/NPB/MG/MG_orig_without_metadata_dpautotune_3“ wird verlassen
make[1]: Verzeichnis „/home/lukas/git/benchmark_harness/auto_tuner_benchmarks/NPB/MG/MG_orig_without_metadata_dpautotune_3“ wird betreten
   ===========================================
   =      NAS PARALLEL BENCHMARKS 4.1        =
   =      Serial Versions                    =
   =      C++                                =
   ===========================================

cd MG; make CLASS=A
make[2]: Verzeichnis „/home/lukas/git/benchmark_harness/auto_tuner_benchmarks/NPB/MG/MG_orig_without_metadata_dpautotune_3/MG“ wird betreten
make[3]: Verzeichnis „/home/lukas/git/benchmark_harness/auto_tuner_benchmarks/NPB/MG/MG_orig_without_metadata_dpautotune_3/sys“ wird betreten
clang++ -g -fno-discard-value-names -o setparams setparams.cpp
make[3]: Verzeichnis „/home/lukas/git/benchmark_harness/auto_tuner_benchmarks/NPB/MG/MG_orig_without_metadata_dpautotune_3/sys“ wird verlassen
../sys/setparams mg A
clang++  -c -I../common  -O3 -mcmodel=medium -fopenmp mg.cpp
cd ../common; clang++  -c -I../common  -O3 -mcmodel=medium -fopenmp c_print_results.cpp
cd ../common; clang++  -c -I../common  -O3 -mcmodel=medium -fopenmp c_randdp.cpp
cd ../common; clang++  -c -I../common  -O3 -mcmodel=medium -fopenmp c_timers.cpp
cd ../common; clang++  -c -I../common  -O3 -mcmodel=medium -fopenmp -o c_wtime.o ../common/wtime.cpp
clang++ -O3 -mcmodel=medium -fopenmp -o ../bin/mg.A mg.o ../common/c_print_results.o ../common/c_randdp.o ../common/c_timers.o ../common/c_wtime.o -lm 
make[2]: Verzeichnis „/home/lukas/git/benchmark_harness/auto_tuner_benchmarks/NPB/MG/MG_orig_without_metadata_dpautotune_3/MG“ wird verlassen
make[1]: Verzeichnis „/home/lukas/git/benchmark_harness/auto_tuner_benchmarks/NPB/MG/MG_orig_without_metadata_dpautotune_3“ wird verlassen

[DP][CodeConfiguration] DEBUG: Executing configuration: /home/lukas/git/benchmark_harness/auto_tuner_benchmarks/NPB/MG/MG_orig_without_metadata_dpautotune_3 with timeout 5.141952991485596 
[DP][CodeConfiguration.executionOutput] DEBUG: 
[DP][CodeConfiguration.executionError] DEBUG: 
[DP][CodeConfiguration] DEBUG: Execution took 5.1988 s
[DP][CodeConfiguration] DEBUG: Execution return code: 124
[DP][CodeConfiguration] DEBUG: Execution result valid: True
[DP][CodeConfiguration] DEBUG: ThreadSanitizer valid: True
[DP][CodeConfiguration] DEBUG: Deleted /home/lukas/git/benchmark_harness/auto_tuner_benchmarks/NPB/MG/MG_orig_without_metadata_dpautotune_3
[DP][Autotuner] INFO: --- 3 / 6
[DP][CodeConfiguration] DEBUG: Copied folder: /home/lukas/git/benchmark_harness/auto_tuner_benchmarks/NPB/MG/MG_orig_without_metadata to /home/lukas/git/benchmark_harness/auto_tuner_benchmarks/NPB/MG/MG_orig_without_metadata_dpautotune_4
[DP][CodeConfiguration] DEBUG: Set /home/lukas/git/benchmark_harness/auto_tuner_benchmarks/NPB/MG/MG_orig_without_metadata/bin/.discopop to /home/lukas/git/benchmark_harness/auto_tuner_benchmarks/NPB/MG/MG_orig_without_metadata_dpautotune_4/bin/.discopop
[DP][CodeConfiguration] DEBUG: Updated /home/lukas/git/benchmark_harness/auto_tuner_benchmarks/NPB/MG/MG_orig_without_metadata_dpautotune_4/bin/.discopop/FileMapping.txt
[DP][CodeConfiguration] DEBUG: Created configuration: /home/lukas/git/benchmark_harness/auto_tuner_benchmarks/NPB/MG/MG_orig_without_metadata_dpautotune_4
[DP][CodeConfiguration.apply_suggestions] DEBUG: Applying patch applicator for: [13, 14, 10]
[DP][FolderStructure.Setup.patch_applicator] DEBUG: Start
[DP][FolderStructure.Setup.patch_applicator] DEBUG: Done
[DP][CodeConfiguration.apply_suggestions] DEBUG: Patch applicator return code: 0
[DP][CodeConfiguration] DEBUG: Compiling configuration: /home/lukas/git/benchmark_harness/auto_tuner_benchmarks/NPB/MG/MG_orig_without_metadata_dpautotune_4
[DP][CodeConfiguration.compilationOutput] DEBUG: make[1]: Verzeichnis „/home/lukas/git/benchmark_harness/auto_tuner_benchmarks/NPB/MG/MG_orig_without_metadata_dpautotune_4“ wird betreten
rm -f core 
rm -f *~ */core */*~ */*.o */npbparams.hpp */*.obj */*.exe
rm -f sys/setparams sys/makesuite sys/setparams.hpp
make[1]: Verzeichnis „/home/lukas/git/benchmark_harness/auto_tuner_benchmarks/NPB/MG/MG_orig_without_metadata_dpautotune_4“ wird verlassen
make[1]: Verzeichnis „/home/lukas/git/benchmark_harness/auto_tuner_benchmarks/NPB/MG/MG_orig_without_metadata_dpautotune_4“ wird betreten
   ===========================================
   =      NAS PARALLEL BENCHMARKS 4.1        =
   =      Serial Versions                    =
   =      C++                                =
   ===========================================

cd MG; make CLASS=A
make[2]: Verzeichnis „/home/lukas/git/benchmark_harness/auto_tuner_benchmarks/NPB/MG/MG_orig_without_metadata_dpautotune_4/MG“ wird betreten
make[3]: Verzeichnis „/home/lukas/git/benchmark_harness/auto_tuner_benchmarks/NPB/MG/MG_orig_without_metadata_dpautotune_4/sys“ wird betreten
clang++ -g -fno-discard-value-names -o setparams setparams.cpp
make[3]: Verzeichnis „/home/lukas/git/benchmark_harness/auto_tuner_benchmarks/NPB/MG/MG_orig_without_metadata_dpautotune_4/sys“ wird verlassen
../sys/setparams mg A
clang++  -c -I../common  -O3 -mcmodel=medium -fopenmp mg.cpp
cd ../common; clang++  -c -I../common  -O3 -mcmodel=medium -fopenmp c_print_results.cpp
cd ../common; clang++  -c -I../common  -O3 -mcmodel=medium -fopenmp c_randdp.cpp
cd ../common; clang++  -c -I../common  -O3 -mcmodel=medium -fopenmp c_timers.cpp
cd ../common; clang++  -c -I../common  -O3 -mcmodel=medium -fopenmp -o c_wtime.o ../common/wtime.cpp
clang++ -O3 -mcmodel=medium -fopenmp -o ../bin/mg.A mg.o ../common/c_print_results.o ../common/c_randdp.o ../common/c_timers.o ../common/c_wtime.o -lm 
make[2]: Verzeichnis „/home/lukas/git/benchmark_harness/auto_tuner_benchmarks/NPB/MG/MG_orig_without_metadata_dpautotune_4/MG“ wird verlassen
make[1]: Verzeichnis „/home/lukas/git/benchmark_harness/auto_tuner_benchmarks/NPB/MG/MG_orig_without_metadata_dpautotune_4“ wird verlassen

[DP][CodeConfiguration] DEBUG: Executing configuration: /home/lukas/git/benchmark_harness/auto_tuner_benchmarks/NPB/MG/MG_orig_without_metadata_dpautotune_4 with timeout 5.141952991485596 
[DP][CodeConfiguration.executionOutput] DEBUG: 
[DP][CodeConfiguration.executionError] DEBUG: 
[DP][CodeConfiguration] DEBUG: Execution took 5.1992 s
[DP][CodeConfiguration] DEBUG: Execution return code: 124
[DP][CodeConfiguration] DEBUG: Execution result valid: True
[DP][CodeConfiguration] DEBUG: ThreadSanitizer valid: True
[DP][CodeConfiguration] DEBUG: Deleted /home/lukas/git/benchmark_harness/auto_tuner_benchmarks/NPB/MG/MG_orig_without_metadata_dpautotune_4
[DP][Autotuner] INFO: --- 2 / 6
[DP][CodeConfiguration] DEBUG: Copied folder: /home/lukas/git/benchmark_harness/auto_tuner_benchmarks/NPB/MG/MG_orig_without_metadata to /home/lukas/git/benchmark_harness/auto_tuner_benchmarks/NPB/MG/MG_orig_without_metadata_dpautotune_5
[DP][CodeConfiguration] DEBUG: Set /home/lukas/git/benchmark_harness/auto_tuner_benchmarks/NPB/MG/MG_orig_without_metadata/bin/.discopop to /home/lukas/git/benchmark_harness/auto_tuner_benchmarks/NPB/MG/MG_orig_without_metadata_dpautotune_5/bin/.discopop
[DP][CodeConfiguration] DEBUG: Updated /home/lukas/git/benchmark_harness/auto_tuner_benchmarks/NPB/MG/MG_orig_without_metadata_dpautotune_5/bin/.discopop/FileMapping.txt
[DP][CodeConfiguration] DEBUG: Created configuration: /home/lukas/git/benchmark_harness/auto_tuner_benchmarks/NPB/MG/MG_orig_without_metadata_dpautotune_5
[DP][CodeConfiguration.apply_suggestions] DEBUG: Applying patch applicator for: [13, 14, 7]
[DP][FolderStructure.Setup.patch_applicator] DEBUG: Start
[DP][FolderStructure.Setup.patch_applicator] DEBUG: Done
[DP][CodeConfiguration.apply_suggestions] DEBUG: Patch applicator return code: 0
[DP][CodeConfiguration] DEBUG: Compiling configuration: /home/lukas/git/benchmark_harness/auto_tuner_benchmarks/NPB/MG/MG_orig_without_metadata_dpautotune_5
[DP][CodeConfiguration.compilationOutput] DEBUG: make[1]: Verzeichnis „/home/lukas/git/benchmark_harness/auto_tuner_benchmarks/NPB/MG/MG_orig_without_metadata_dpautotune_5“ wird betreten
rm -f core 
rm -f *~ */core */*~ */*.o */npbparams.hpp */*.obj */*.exe
rm -f sys/setparams sys/makesuite sys/setparams.hpp
make[1]: Verzeichnis „/home/lukas/git/benchmark_harness/auto_tuner_benchmarks/NPB/MG/MG_orig_without_metadata_dpautotune_5“ wird verlassen
make[1]: Verzeichnis „/home/lukas/git/benchmark_harness/auto_tuner_benchmarks/NPB/MG/MG_orig_without_metadata_dpautotune_5“ wird betreten
   ===========================================
   =      NAS PARALLEL BENCHMARKS 4.1        =
   =      Serial Versions                    =
   =      C++                                =
   ===========================================

cd MG; make CLASS=A
make[2]: Verzeichnis „/home/lukas/git/benchmark_harness/auto_tuner_benchmarks/NPB/MG/MG_orig_without_metadata_dpautotune_5/MG“ wird betreten
make[3]: Verzeichnis „/home/lukas/git/benchmark_harness/auto_tuner_benchmarks/NPB/MG/MG_orig_without_metadata_dpautotune_5/sys“ wird betreten
clang++ -g -fno-discard-value-names -o setparams setparams.cpp
make[3]: Verzeichnis „/home/lukas/git/benchmark_harness/auto_tuner_benchmarks/NPB/MG/MG_orig_without_metadata_dpautotune_5/sys“ wird verlassen
../sys/setparams mg A
clang++  -c -I../common  -O3 -mcmodel=medium -fopenmp mg.cpp
cd ../common; clang++  -c -I../common  -O3 -mcmodel=medium -fopenmp c_print_results.cpp
cd ../common; clang++  -c -I../common  -O3 -mcmodel=medium -fopenmp c_randdp.cpp
cd ../common; clang++  -c -I../common  -O3 -mcmodel=medium -fopenmp c_timers.cpp
cd ../common; clang++  -c -I../common  -O3 -mcmodel=medium -fopenmp -o c_wtime.o ../common/wtime.cpp
clang++ -O3 -mcmodel=medium -fopenmp -o ../bin/mg.A mg.o ../common/c_print_results.o ../common/c_randdp.o ../common/c_timers.o ../common/c_wtime.o -lm 
make[2]: Verzeichnis „/home/lukas/git/benchmark_harness/auto_tuner_benchmarks/NPB/MG/MG_orig_without_metadata_dpautotune_5/MG“ wird verlassen
make[1]: Verzeichnis „/home/lukas/git/benchmark_harness/auto_tuner_benchmarks/NPB/MG/MG_orig_without_metadata_dpautotune_5“ wird verlassen

[DP][CodeConfiguration] DEBUG: Executing configuration: /home/lukas/git/benchmark_harness/auto_tuner_benchmarks/NPB/MG/MG_orig_without_metadata_dpautotune_5 with timeout 5.141952991485596 
[DP][CodeConfiguration.executionOutput] DEBUG:  Verification    =               SUCCESSFUL

[DP][CodeConfiguration.executionError] DEBUG: 
[DP][CodeConfiguration] DEBUG: Checking result validity: /home/lukas/git/benchmark_harness/auto_tuner_benchmarks/NPB/MG/MG_orig_without_metadata_dpautotune_5
[DP][CodeConfiguration.validationOutput] DEBUG: make[1]: Verzeichnis „/home/lukas/git/benchmark_harness/auto_tuner_benchmarks/NPB/MG/MG_orig_without_metadata_dpautotune_5“ wird betreten
rm -f core 
rm -f *~ */core */*~ */*.o */npbparams.hpp */*.obj */*.exe
rm -f sys/setparams sys/makesuite sys/setparams.hpp
make[1]: Verzeichnis „/home/lukas/git/benchmark_harness/auto_tuner_benchmarks/NPB/MG/MG_orig_without_metadata_dpautotune_5“ wird verlassen
make[1]: Verzeichnis „/home/lukas/git/benchmark_harness/auto_tuner_benchmarks/NPB/MG/MG_orig_without_metadata_dpautotune_5“ wird betreten
   ===========================================
   =      NAS PARALLEL BENCHMARKS 4.1        =
   =      Serial Versions                    =
   =      C++                                =
   ===========================================

cd MG; make CLASS=A
make[2]: Verzeichnis „/home/lukas/git/benchmark_harness/auto_tuner_benchmarks/NPB/MG/MG_orig_without_metadata_dpautotune_5/MG“ wird betreten
make[3]: Verzeichnis „/home/lukas/git/benchmark_harness/auto_tuner_benchmarks/NPB/MG/MG_orig_without_metadata_dpautotune_5/sys“ wird betreten
clang++ -g -fno-discard-value-names -o setparams setparams.cpp
make[3]: Verzeichnis „/home/lukas/git/benchmark_harness/auto_tuner_benchmarks/NPB/MG/MG_orig_without_metadata_dpautotune_5/sys“ wird verlassen
../sys/setparams mg A
clang++  -c -I../common  -O3 -mcmodel=medium -fopenmp mg.cpp
cd ../common; clang++  -c -I../common  -O3 -mcmodel=medium -fopenmp c_print_results.cpp
cd ../common; clang++  -c -I../common  -O3 -mcmodel=medium -fopenmp c_randdp.cpp
cd ../common; clang++  -c -I../common  -O3 -mcmodel=medium -fopenmp c_timers.cpp
cd ../common; clang++  -c -I../common  -O3 -mcmodel=medium -fopenmp -o c_wtime.o ../common/wtime.cpp
clang++ -O3 -mcmodel=medium -fopenmp -o ../bin/mg.A mg.o ../common/c_print_results.o ../common/c_randdp.o ../common/c_timers.o ../common/c_wtime.o -lm 
make[2]: Verzeichnis „/home/lukas/git/benchmark_harness/auto_tuner_benchmarks/NPB/MG/MG_orig_without_metadata_dpautotune_5/MG“ wird verlassen
make[1]: Verzeichnis „/home/lukas/git/benchmark_harness/auto_tuner_benchmarks/NPB/MG/MG_orig_without_metadata_dpautotune_5“ wird verlassen
 Verification    =               SUCCESSFUL

[DP][CodeConfiguration.validationError] DEBUG: 
[DP][CodeConfiguration.validationResult] DEBUG: Returncode: 0
[DP][CodeConfiguration] DEBUG: Execution took 2.8889 s
[DP][CodeConfiguration] DEBUG: Execution return code: 0
[DP][CodeConfiguration] DEBUG: Execution result valid: True
[DP][CodeConfiguration] DEBUG: ThreadSanitizer valid: True
[DP][CodeConfiguration] DEBUG: Deleted /home/lukas/git/benchmark_harness/auto_tuner_benchmarks/NPB/MG/MG_orig_without_metadata_dpautotune_5
[DP][Autotuner] DEBUG: Configuration measurements:
[time]	[applied suggestions]	[return code]	[result valid]	[thread sanitizer]	[path]
5.199s	[13, 14, 10]	124	True	True	/home/lukas/git/benchmark_harness/auto_tuner_benchmarks/NPB/MG/MG_orig_without_metadata_dpautotune_4
5.199s	[13, 14, 11]	124	True	True	/home/lukas/git/benchmark_harness/auto_tuner_benchmarks/NPB/MG/MG_orig_without_metadata_dpautotune_3
3.01s	[14, 13]	0	True	True	/home/lukas/git/benchmark_harness/auto_tuner_benchmarks/NPB/MG/MG_orig_without_metadata_dpautotune_2
2.916s	[14]	0	True	True	/home/lukas/git/benchmark_harness/auto_tuner_benchmarks/NPB/MG/MG_orig_without_metadata_dpautotune_1
2.889s	[13, 14, 7]	0	True	True	/home/lukas/git/benchmark_harness/auto_tuner_benchmarks/NPB/MG/MG_orig_without_metadata_dpautotune_5
2.571s	[]	0	True	True	/home/lukas/git/benchmark_harness/auto_tuner_benchmarks/NPB/MG/MG_orig_without_metadata

[DP][Autotuner] INFO: --- 1 / 6
[DP][CodeConfiguration] DEBUG: Copied folder: /home/lukas/git/benchmark_harness/auto_tuner_benchmarks/NPB/MG/MG_orig_without_metadata to /home/lukas/git/benchmark_harness/auto_tuner_benchmarks/NPB/MG/MG_orig_without_metadata_dpautotune_6
[DP][CodeConfiguration] DEBUG: Set /home/lukas/git/benchmark_harness/auto_tuner_benchmarks/NPB/MG/MG_orig_without_metadata/bin/.discopop to /home/lukas/git/benchmark_harness/auto_tuner_benchmarks/NPB/MG/MG_orig_without_metadata_dpautotune_6/bin/.discopop
[DP][CodeConfiguration] DEBUG: Updated /home/lukas/git/benchmark_harness/auto_tuner_benchmarks/NPB/MG/MG_orig_without_metadata_dpautotune_6/bin/.discopop/FileMapping.txt
[DP][CodeConfiguration] DEBUG: Created configuration: /home/lukas/git/benchmark_harness/auto_tuner_benchmarks/NPB/MG/MG_orig_without_metadata_dpautotune_6
[DP][CodeConfiguration.apply_suggestions] DEBUG: Applying patch applicator for: [13, 14, 7, 3]
[DP][FolderStructure.Setup.patch_applicator] DEBUG: Start
[DP][FolderStructure.Setup.patch_applicator] DEBUG: Done
[DP][CodeConfiguration.apply_suggestions] DEBUG: Patch applicator return code: 0
[DP][CodeConfiguration] DEBUG: Compiling configuration: /home/lukas/git/benchmark_harness/auto_tuner_benchmarks/NPB/MG/MG_orig_without_metadata_dpautotune_6
[DP][CodeConfiguration.compilationOutput] DEBUG: make[1]: Verzeichnis „/home/lukas/git/benchmark_harness/auto_tuner_benchmarks/NPB/MG/MG_orig_without_metadata_dpautotune_6“ wird betreten
rm -f core 
rm -f *~ */core */*~ */*.o */npbparams.hpp */*.obj */*.exe
rm -f sys/setparams sys/makesuite sys/setparams.hpp
make[1]: Verzeichnis „/home/lukas/git/benchmark_harness/auto_tuner_benchmarks/NPB/MG/MG_orig_without_metadata_dpautotune_6“ wird verlassen
make[1]: Verzeichnis „/home/lukas/git/benchmark_harness/auto_tuner_benchmarks/NPB/MG/MG_orig_without_metadata_dpautotune_6“ wird betreten
   ===========================================
   =      NAS PARALLEL BENCHMARKS 4.1        =
   =      Serial Versions                    =
   =      C++                                =
   ===========================================

cd MG; make CLASS=A
make[2]: Verzeichnis „/home/lukas/git/benchmark_harness/auto_tuner_benchmarks/NPB/MG/MG_orig_without_metadata_dpautotune_6/MG“ wird betreten
make[3]: Verzeichnis „/home/lukas/git/benchmark_harness/auto_tuner_benchmarks/NPB/MG/MG_orig_without_metadata_dpautotune_6/sys“ wird betreten
clang++ -g -fno-discard-value-names -o setparams setparams.cpp
make[3]: Verzeichnis „/home/lukas/git/benchmark_harness/auto_tuner_benchmarks/NPB/MG/MG_orig_without_metadata_dpautotune_6/sys“ wird verlassen
../sys/setparams mg A
clang++  -c -I../common  -O3 -mcmodel=medium -fopenmp mg.cpp
cd ../common; clang++  -c -I../common  -O3 -mcmodel=medium -fopenmp c_print_results.cpp
cd ../common; clang++  -c -I../common  -O3 -mcmodel=medium -fopenmp c_randdp.cpp
cd ../common; clang++  -c -I../common  -O3 -mcmodel=medium -fopenmp c_timers.cpp
cd ../common; clang++  -c -I../common  -O3 -mcmodel=medium -fopenmp -o c_wtime.o ../common/wtime.cpp
clang++ -O3 -mcmodel=medium -fopenmp -o ../bin/mg.A mg.o ../common/c_print_results.o ../common/c_randdp.o ../common/c_timers.o ../common/c_wtime.o -lm 
make[2]: Verzeichnis „/home/lukas/git/benchmark_harness/auto_tuner_benchmarks/NPB/MG/MG_orig_without_metadata_dpautotune_6/MG“ wird verlassen
make[1]: Verzeichnis „/home/lukas/git/benchmark_harness/auto_tuner_benchmarks/NPB/MG/MG_orig_without_metadata_dpautotune_6“ wird verlassen

[DP][CodeConfiguration] DEBUG: Executing configuration: /home/lukas/git/benchmark_harness/auto_tuner_benchmarks/NPB/MG/MG_orig_without_metadata_dpautotune_6 with timeout 5.141952991485596 
[DP][CodeConfiguration.executionOutput] DEBUG: 
[DP][CodeConfiguration.executionError] DEBUG: 
[DP][CodeConfiguration] DEBUG: Execution took 2.464 s
[DP][CodeConfiguration] DEBUG: Execution return code: 1
[DP][CodeConfiguration] DEBUG: Execution result valid: True
[DP][CodeConfiguration] DEBUG: ThreadSanitizer valid: True
[DP][CodeConfiguration] DEBUG: Deleted /home/lukas/git/benchmark_harness/auto_tuner_benchmarks/NPB/MG/MG_orig_without_metadata_dpautotune_6
[DP][Autotuner] DEBUG: Configuration measurements:
[time]	[applied suggestions]	[return code]	[result valid]	[thread sanitizer]	[path]
5.199s	[13, 14, 10]	124	True	True	/home/lukas/git/benchmark_harness/auto_tuner_benchmarks/NPB/MG/MG_orig_without_metadata_dpautotune_4
5.199s	[13, 14, 11]	124	True	True	/home/lukas/git/benchmark_harness/auto_tuner_benchmarks/NPB/MG/MG_orig_without_metadata_dpautotune_3
3.01s	[14, 13]	0	True	True	/home/lukas/git/benchmark_harness/auto_tuner_benchmarks/NPB/MG/MG_orig_without_metadata_dpautotune_2
2.916s	[14]	0	True	True	/home/lukas/git/benchmark_harness/auto_tuner_benchmarks/NPB/MG/MG_orig_without_metadata_dpautotune_1
2.889s	[13, 14, 7]	0	True	True	/home/lukas/git/benchmark_harness/auto_tuner_benchmarks/NPB/MG/MG_orig_without_metadata_dpautotune_5
2.571s	[]	0	True	True	/home/lukas/git/benchmark_harness/auto_tuner_benchmarks/NPB/MG/MG_orig_without_metadata
2.464s	[13, 14, 7, 3]	1	True	True	/home/lukas/git/benchmark_harness/auto_tuner_benchmarks/NPB/MG/MG_orig_without_metadata_dpautotune_6

[DP][CodeConfiguration] DEBUG: Copied folder: /home/lukas/git/benchmark_harness/auto_tuner_benchmarks/NPB/MG/MG_orig_without_metadata to /home/lukas/git/benchmark_harness/auto_tuner_benchmarks/NPB/MG/MG_orig_without_metadata_dpautotune_7
[DP][CodeConfiguration] DEBUG: Set /home/lukas/git/benchmark_harness/auto_tuner_benchmarks/NPB/MG/MG_orig_without_metadata/bin/.discopop to /home/lukas/git/benchmark_harness/auto_tuner_benchmarks/NPB/MG/MG_orig_without_metadata_dpautotune_7/bin/.discopop
[DP][CodeConfiguration] DEBUG: Updated /home/lukas/git/benchmark_harness/auto_tuner_benchmarks/NPB/MG/MG_orig_without_metadata_dpautotune_7/bin/.discopop/FileMapping.txt
[DP][CodeConfiguration] DEBUG: Created configuration: /home/lukas/git/benchmark_harness/auto_tuner_benchmarks/NPB/MG/MG_orig_without_metadata_dpautotune_7
[DP][CodeConfiguration.apply_suggestions] DEBUG: Applying patch applicator for: [13, 14, 7]
[DP][FolderStructure.Setup.patch_applicator] DEBUG: Start
[DP][FolderStructure.Setup.patch_applicator] DEBUG: Done
[DP][CodeConfiguration.apply_suggestions] DEBUG: Patch applicator return code: 0
[DP][CodeConfiguration.cleanupOutput] DEBUG: 
[DP][CodeConfiguration] DEBUG: Compiling Hotspot configuration: /home/lukas/git/benchmark_harness/auto_tuner_benchmarks/NPB/MG/MG_orig_without_metadata_dpautotune_7
[DP][CodeConfiguration.compilationOutput] DEBUG: make[1]: Verzeichnis „/home/lukas/git/benchmark_harness/auto_tuner_benchmarks/NPB/MG/MG_orig_without_metadata_dpautotune_7“ wird betreten
rm -f core 
rm -f *~ */core */*~ */*.o */npbparams.hpp */*.obj */*.exe
rm -f sys/setparams sys/makesuite sys/setparams.hpp
make[1]: Verzeichnis „/home/lukas/git/benchmark_harness/auto_tuner_benchmarks/NPB/MG/MG_orig_without_metadata_dpautotune_7“ wird verlassen
make[1]: Verzeichnis „/home/lukas/git/benchmark_harness/auto_tuner_benchmarks/NPB/MG/MG_orig_without_metadata_dpautotune_7“ wird betreten
   ===========================================
   =      NAS PARALLEL BENCHMARKS 4.1        =
   =      Serial Versions                    =
   =      C++                                =
   ===========================================

cd MG; make CLASS=C
make[2]: Verzeichnis „/home/lukas/git/benchmark_harness/auto_tuner_benchmarks/NPB/MG/MG_orig_without_metadata_dpautotune_7/MG“ wird betreten
make[3]: Verzeichnis „/home/lukas/git/benchmark_harness/auto_tuner_benchmarks/NPB/MG/MG_orig_without_metadata_dpautotune_7/sys“ wird betreten
clang++ -g -fno-discard-value-names -o setparams setparams.cpp
make[3]: Verzeichnis „/home/lukas/git/benchmark_harness/auto_tuner_benchmarks/NPB/MG/MG_orig_without_metadata_dpautotune_7/sys“ wird verlassen
../sys/setparams mg C
discopop_hotspot_cxx  -c -I../common  -O3 -mcmodel=medium -fopenmp mg.cpp
cd ../common; discopop_hotspot_cxx  -c -I../common  -O3 -mcmodel=medium -fopenmp c_print_results.cpp
cd ../common; discopop_hotspot_cxx  -c -I../common  -O3 -mcmodel=medium -fopenmp c_randdp.cpp
cd ../common; discopop_hotspot_cxx  -c -I../common  -O3 -mcmodel=medium -fopenmp c_timers.cpp
cd ../common; discopop_hotspot_cxx  -c -I../common  -O3 -mcmodel=medium -fopenmp -o c_wtime.o ../common/wtime.cpp
discopop_hotspot_cxx -O3 -mcmodel=medium -fopenmp -o ../bin/mg.C mg.o ../common/c_print_results.o ../common/c_randdp.o ../common/c_timers.o ../common/c_wtime.o -lm 
GNU ld (GNU Binutils for Ubuntu) 2.42
make[2]: Verzeichnis „/home/lukas/git/benchmark_harness/auto_tuner_benchmarks/NPB/MG/MG_orig_without_metadata_dpautotune_7/MG“ wird verlassen
make[1]: Verzeichnis „/home/lukas/git/benchmark_harness/auto_tuner_benchmarks/NPB/MG/MG_orig_without_metadata_dpautotune_7“ wird verlassen

[DP][CodeConfiguration] DEBUG: Executing Hotspot configuration: /home/lukas/git/benchmark_harness/auto_tuner_benchmarks/NPB/MG/MG_orig_without_metadata_dpautotune_7 with 
[DP][CodeConfiguration.executionOutput] DEBUG:  Verification    =               SUCCESSFUL

[DP][CodeConfiguration.executionError] DEBUG: 
[DP][CodeConfiguration] DEBUG: Execution took 192.6709 s
[DP][CodeConfiguration] DEBUG: Execution return code: 0
[DP][CodeConfiguration] DEBUG: Copied folder: /home/lukas/git/benchmark_harness/auto_tuner_benchmarks/NPB/MG/MG_orig_without_metadata to /home/lukas/git/benchmark_harness/auto_tuner_benchmarks/NPB/MG/MG_orig_without_metadata_dpautotune_8
[DP][CodeConfiguration] DEBUG: Set /home/lukas/git/benchmark_harness/auto_tuner_benchmarks/NPB/MG/MG_orig_without_metadata/bin/.discopop to /home/lukas/git/benchmark_harness/auto_tuner_benchmarks/NPB/MG/MG_orig_without_metadata_dpautotune_8/bin/.discopop
[DP][CodeConfiguration] DEBUG: Updated /home/lukas/git/benchmark_harness/auto_tuner_benchmarks/NPB/MG/MG_orig_without_metadata_dpautotune_8/bin/.discopop/FileMapping.txt
[DP][CodeConfiguration] DEBUG: Created configuration: /home/lukas/git/benchmark_harness/auto_tuner_benchmarks/NPB/MG/MG_orig_without_metadata_dpautotune_8
[DP][CodeConfiguration] DEBUG: Copied folder: /home/lukas/git/benchmark_harness/auto_tuner_benchmarks/NPB/MG/MG_orig_without_metadata to /home/lukas/git/benchmark_harness/auto_tuner_benchmarks/NPB/MG/MG_orig_without_metadata_dpautotune_9
[DP][CodeConfiguration] DEBUG: Set /home/lukas/git/benchmark_harness/auto_tuner_benchmarks/NPB/MG/MG_orig_without_metadata/bin/.discopop to /home/lukas/git/benchmark_harness/auto_tuner_benchmarks/NPB/MG/MG_orig_without_metadata_dpautotune_9/bin/.discopop
[DP][CodeConfiguration] DEBUG: Updated /home/lukas/git/benchmark_harness/auto_tuner_benchmarks/NPB/MG/MG_orig_without_metadata_dpautotune_9/bin/.discopop/FileMapping.txt
[DP][CodeConfiguration] DEBUG: Created configuration: /home/lukas/git/benchmark_harness/auto_tuner_benchmarks/NPB/MG/MG_orig_without_metadata_dpautotune_9
[DP][CodeConfiguration.cleanupOutput] DEBUG: 
[DP][CodeConfiguration] DEBUG: Compiling Hotspot configuration: /home/lukas/git/benchmark_harness/auto_tuner_benchmarks/NPB/MG/MG_orig_without_metadata_dpautotune_9
[DP][CodeConfiguration.compilationOutput] DEBUG: make[1]: Verzeichnis „/home/lukas/git/benchmark_harness/auto_tuner_benchmarks/NPB/MG/MG_orig_without_metadata_dpautotune_9“ wird betreten
rm -f core 
rm -f *~ */core */*~ */*.o */npbparams.hpp */*.obj */*.exe
rm -f sys/setparams sys/makesuite sys/setparams.hpp
make[1]: Verzeichnis „/home/lukas/git/benchmark_harness/auto_tuner_benchmarks/NPB/MG/MG_orig_without_metadata_dpautotune_9“ wird verlassen
make[1]: Verzeichnis „/home/lukas/git/benchmark_harness/auto_tuner_benchmarks/NPB/MG/MG_orig_without_metadata_dpautotune_9“ wird betreten
   ===========================================
   =      NAS PARALLEL BENCHMARKS 4.1        =
   =      Serial Versions                    =
   =      C++                                =
   ===========================================

cd MG; make CLASS=C
make[2]: Verzeichnis „/home/lukas/git/benchmark_harness/auto_tuner_benchmarks/NPB/MG/MG_orig_without_metadata_dpautotune_9/MG“ wird betreten
make[3]: Verzeichnis „/home/lukas/git/benchmark_harness/auto_tuner_benchmarks/NPB/MG/MG_orig_without_metadata_dpautotune_9/sys“ wird betreten
clang++ -g -fno-discard-value-names -o setparams setparams.cpp
make[3]: Verzeichnis „/home/lukas/git/benchmark_harness/auto_tuner_benchmarks/NPB/MG/MG_orig_without_metadata_dpautotune_9/sys“ wird verlassen
../sys/setparams mg C
discopop_hotspot_cxx  -c -I../common  -O3 -mcmodel=medium -fopenmp mg.cpp
cd ../common; discopop_hotspot_cxx  -c -I../common  -O3 -mcmodel=medium -fopenmp c_print_results.cpp
cd ../common; discopop_hotspot_cxx  -c -I../common  -O3 -mcmodel=medium -fopenmp c_randdp.cpp
cd ../common; discopop_hotspot_cxx  -c -I../common  -O3 -mcmodel=medium -fopenmp c_timers.cpp
cd ../common; discopop_hotspot_cxx  -c -I../common  -O3 -mcmodel=medium -fopenmp -o c_wtime.o ../common/wtime.cpp
discopop_hotspot_cxx -O3 -mcmodel=medium -fopenmp -o ../bin/mg.C mg.o ../common/c_print_results.o ../common/c_randdp.o ../common/c_timers.o ../common/c_wtime.o -lm 
GNU ld (GNU Binutils for Ubuntu) 2.42
make[2]: Verzeichnis „/home/lukas/git/benchmark_harness/auto_tuner_benchmarks/NPB/MG/MG_orig_without_metadata_dpautotune_9/MG“ wird verlassen
make[1]: Verzeichnis „/home/lukas/git/benchmark_harness/auto_tuner_benchmarks/NPB/MG/MG_orig_without_metadata_dpautotune_9“ wird verlassen

[DP][CodeConfiguration] DEBUG: Executing Hotspot configuration: /home/lukas/git/benchmark_harness/auto_tuner_benchmarks/NPB/MG/MG_orig_without_metadata_dpautotune_9 with 
[DP][CodeConfiguration.executionOutput] DEBUG:  Verification    =               SUCCESSFUL

[DP][CodeConfiguration.executionError] DEBUG: 
[DP][CodeConfiguration] DEBUG: Execution took 195.1718 s
[DP][CodeConfiguration] DEBUG: Execution return code: 0
[DP][Autotuner.hotspotComparatorReturnCode] INFO: 0
[DP][Autotuner.hotspotComparatorOutput] INFO: [14, 13]

[DP][Autotuner.hotspotComparatorError] INFO: 
[DP][Autotuner] INFO: Slow suggestions: [14, 13]
[DP][CodeConfiguration.apply_suggestions] DEBUG: Applying patch applicator for: [7]
[DP][FolderStructure.Setup.patch_applicator] DEBUG: Start
[DP][FolderStructure.Setup.patch_applicator] DEBUG: Done
[DP][CodeConfiguration.apply_suggestions] DEBUG: Patch applicator return code: 0
[DP][CodeConfiguration] DEBUG: Compiling configuration: /home/lukas/git/benchmark_harness/auto_tuner_benchmarks/NPB/MG/MG_orig_without_metadata_dpautotune_8
[DP][CodeConfiguration.compilationOutput] DEBUG: make[1]: Verzeichnis „/home/lukas/git/benchmark_harness/auto_tuner_benchmarks/NPB/MG/MG_orig_without_metadata_dpautotune_8“ wird betreten
rm -f core 
rm -f *~ */core */*~ */*.o */npbparams.hpp */*.obj */*.exe
rm -f sys/setparams sys/makesuite sys/setparams.hpp
make[1]: Verzeichnis „/home/lukas/git/benchmark_harness/auto_tuner_benchmarks/NPB/MG/MG_orig_without_metadata_dpautotune_8“ wird verlassen
make[1]: Verzeichnis „/home/lukas/git/benchmark_harness/auto_tuner_benchmarks/NPB/MG/MG_orig_without_metadata_dpautotune_8“ wird betreten
   ===========================================
   =      NAS PARALLEL BENCHMARKS 4.1        =
   =      Serial Versions                    =
   =      C++                                =
   ===========================================

cd MG; make CLASS=A
make[2]: Verzeichnis „/home/lukas/git/benchmark_harness/auto_tuner_benchmarks/NPB/MG/MG_orig_without_metadata_dpautotune_8/MG“ wird betreten
make[3]: Verzeichnis „/home/lukas/git/benchmark_harness/auto_tuner_benchmarks/NPB/MG/MG_orig_without_metadata_dpautotune_8/sys“ wird betreten
clang++ -g -fno-discard-value-names -o setparams setparams.cpp
make[3]: Verzeichnis „/home/lukas/git/benchmark_harness/auto_tuner_benchmarks/NPB/MG/MG_orig_without_metadata_dpautotune_8/sys“ wird verlassen
../sys/setparams mg A
clang++  -c -I../common  -O3 -mcmodel=medium -fopenmp mg.cpp
cd ../common; clang++  -c -I../common  -O3 -mcmodel=medium -fopenmp c_print_results.cpp
cd ../common; clang++  -c -I../common  -O3 -mcmodel=medium -fopenmp c_randdp.cpp
cd ../common; clang++  -c -I../common  -O3 -mcmodel=medium -fopenmp c_timers.cpp
cd ../common; clang++  -c -I../common  -O3 -mcmodel=medium -fopenmp -o c_wtime.o ../common/wtime.cpp
clang++ -O3 -mcmodel=medium -fopenmp -o ../bin/mg.A mg.o ../common/c_print_results.o ../common/c_randdp.o ../common/c_timers.o ../common/c_wtime.o -lm 
make[2]: Verzeichnis „/home/lukas/git/benchmark_harness/auto_tuner_benchmarks/NPB/MG/MG_orig_without_metadata_dpautotune_8/MG“ wird verlassen
make[1]: Verzeichnis „/home/lukas/git/benchmark_harness/auto_tuner_benchmarks/NPB/MG/MG_orig_without_metadata_dpautotune_8“ wird verlassen

[DP][CodeConfiguration] DEBUG: Executing configuration: /home/lukas/git/benchmark_harness/auto_tuner_benchmarks/NPB/MG/MG_orig_without_metadata_dpautotune_8 with timeout 5.141952991485596 
[DP][CodeConfiguration.executionOutput] DEBUG:  Verification    =               SUCCESSFUL

[DP][CodeConfiguration.executionError] DEBUG: 
[DP][CodeConfiguration] DEBUG: Checking result validity: /home/lukas/git/benchmark_harness/auto_tuner_benchmarks/NPB/MG/MG_orig_without_metadata_dpautotune_8
[DP][CodeConfiguration.validationOutput] DEBUG: make[1]: Verzeichnis „/home/lukas/git/benchmark_harness/auto_tuner_benchmarks/NPB/MG/MG_orig_without_metadata_dpautotune_8“ wird betreten
rm -f core 
rm -f *~ */core */*~ */*.o */npbparams.hpp */*.obj */*.exe
rm -f sys/setparams sys/makesuite sys/setparams.hpp
make[1]: Verzeichnis „/home/lukas/git/benchmark_harness/auto_tuner_benchmarks/NPB/MG/MG_orig_without_metadata_dpautotune_8“ wird verlassen
make[1]: Verzeichnis „/home/lukas/git/benchmark_harness/auto_tuner_benchmarks/NPB/MG/MG_orig_without_metadata_dpautotune_8“ wird betreten
   ===========================================
   =      NAS PARALLEL BENCHMARKS 4.1        =
   =      Serial Versions                    =
   =      C++                                =
   ===========================================

cd MG; make CLASS=A
make[2]: Verzeichnis „/home/lukas/git/benchmark_harness/auto_tuner_benchmarks/NPB/MG/MG_orig_without_metadata_dpautotune_8/MG“ wird betreten
make[3]: Verzeichnis „/home/lukas/git/benchmark_harness/auto_tuner_benchmarks/NPB/MG/MG_orig_without_metadata_dpautotune_8/sys“ wird betreten
clang++ -g -fno-discard-value-names -o setparams setparams.cpp
make[3]: Verzeichnis „/home/lukas/git/benchmark_harness/auto_tuner_benchmarks/NPB/MG/MG_orig_without_metadata_dpautotune_8/sys“ wird verlassen
../sys/setparams mg A
clang++  -c -I../common  -O3 -mcmodel=medium -fopenmp mg.cpp
cd ../common; clang++  -c -I../common  -O3 -mcmodel=medium -fopenmp c_print_results.cpp
cd ../common; clang++  -c -I../common  -O3 -mcmodel=medium -fopenmp c_randdp.cpp
cd ../common; clang++  -c -I../common  -O3 -mcmodel=medium -fopenmp c_timers.cpp
cd ../common; clang++  -c -I../common  -O3 -mcmodel=medium -fopenmp -o c_wtime.o ../common/wtime.cpp
clang++ -O3 -mcmodel=medium -fopenmp -o ../bin/mg.A mg.o ../common/c_print_results.o ../common/c_randdp.o ../common/c_timers.o ../common/c_wtime.o -lm 
make[2]: Verzeichnis „/home/lukas/git/benchmark_harness/auto_tuner_benchmarks/NPB/MG/MG_orig_without_metadata_dpautotune_8/MG“ wird verlassen
make[1]: Verzeichnis „/home/lukas/git/benchmark_harness/auto_tuner_benchmarks/NPB/MG/MG_orig_without_metadata_dpautotune_8“ wird verlassen
 Verification    =               SUCCESSFUL

[DP][CodeConfiguration.validationError] DEBUG: 
[DP][CodeConfiguration.validationResult] DEBUG: Returncode: 0
[DP][CodeConfiguration] DEBUG: Execution took 2.7965 s
[DP][CodeConfiguration] DEBUG: Execution return code: 0
[DP][CodeConfiguration] DEBUG: Execution result valid: True
[DP][CodeConfiguration] DEBUG: ThreadSanitizer valid: True
[DP][CodeConfiguration] DEBUG: Deleted /home/lukas/git/benchmark_harness/auto_tuner_benchmarks/NPB/MG/MG_orig_without_metadata_dpautotune_7
[DP][CodeConfiguration] DEBUG: Deleted /home/lukas/git/benchmark_harness/auto_tuner_benchmarks/NPB/MG/MG_orig_without_metadata_dpautotune_9
[DP][CodeConfiguration] DEBUG: Deleted /home/lukas/git/benchmark_harness/auto_tuner_benchmarks/NPB/MG/MG_orig_without_metadata_dpautotune_8
[DP][Autotuner] INFO: DEBUG STATS AFTER REFINEMENT
[DP][Autotuner] DEBUG: Configuration measurements:
[time]	[applied suggestions]	[return code]	[result valid]	[thread sanitizer]	[path]
5.199s	[13, 14, 10]	124	True	True	/home/lukas/git/benchmark_harness/auto_tuner_benchmarks/NPB/MG/MG_orig_without_metadata_dpautotune_4
5.199s	[13, 14, 11]	124	True	True	/home/lukas/git/benchmark_harness/auto_tuner_benchmarks/NPB/MG/MG_orig_without_metadata_dpautotune_3
3.01s	[14, 13]	0	True	True	/home/lukas/git/benchmark_harness/auto_tuner_benchmarks/NPB/MG/MG_orig_without_metadata_dpautotune_2
2.916s	[14]	0	True	True	/home/lukas/git/benchmark_harness/auto_tuner_benchmarks/NPB/MG/MG_orig_without_metadata_dpautotune_1
2.889s	[13, 14, 7]	0	True	True	/home/lukas/git/benchmark_harness/auto_tuner_benchmarks/NPB/MG/MG_orig_without_metadata_dpautotune_5
2.796s	[7]	0	True	True	/home/lukas/git/benchmark_harness/auto_tuner_benchmarks/NPB/MG/MG_orig_without_metadata_dpautotune_8
2.571s	[]	0	True	True	/home/lukas/git/benchmark_harness/auto_tuner_benchmarks/NPB/MG/MG_orig_without_metadata
2.464s	[13, 14, 7, 3]	1	True	True	/home/lukas/git/benchmark_harness/auto_tuner_benchmarks/NPB/MG/MG_orig_without_metadata_dpautotune_6

[DP][CodeConfiguration] DEBUG: Copied folder: /home/lukas/git/benchmark_harness/auto_tuner_benchmarks/NPB/MG/MG_orig_without_metadata to /home/lukas/git/benchmark_harness/auto_tuner_benchmarks/NPB/MG/MG_orig_without_metadata_dpautotune_10
[DP][CodeConfiguration] DEBUG: Set /home/lukas/git/benchmark_harness/auto_tuner_benchmarks/NPB/MG/MG_orig_without_metadata/bin/.discopop to /home/lukas/git/benchmark_harness/auto_tuner_benchmarks/NPB/MG/MG_orig_without_metadata_dpautotune_10/bin/.discopop
[DP][CodeConfiguration] DEBUG: Updated /home/lukas/git/benchmark_harness/auto_tuner_benchmarks/NPB/MG/MG_orig_without_metadata_dpautotune_10/bin/.discopop/FileMapping.txt
[DP][CodeConfiguration] DEBUG: Created configuration: /home/lukas/git/benchmark_harness/auto_tuner_benchmarks/NPB/MG/MG_orig_without_metadata_dpautotune_10
[DP][CodeConfiguration.apply_suggestions] DEBUG: Applying patch applicator for: [7]
[DP][FolderStructure.Setup.patch_applicator] DEBUG: Start
[DP][FolderStructure.Setup.patch_applicator] DEBUG: Done
[DP][CodeConfiguration.apply_suggestions] DEBUG: Patch applicator return code: 0
[DP][CodeConfiguration] DEBUG: Compiling configuration: /home/lukas/git/benchmark_harness/auto_tuner_benchmarks/NPB/MG/MG_orig_without_metadata_dpautotune_10
[DP][CodeConfiguration.compilationOutput] DEBUG: make[1]: Verzeichnis „/home/lukas/git/benchmark_harness/auto_tuner_benchmarks/NPB/MG/MG_orig_without_metadata_dpautotune_10“ wird betreten
rm -f core 
rm -f *~ */core */*~ */*.o */npbparams.hpp */*.obj */*.exe
rm -f sys/setparams sys/makesuite sys/setparams.hpp
make[1]: Verzeichnis „/home/lukas/git/benchmark_harness/auto_tuner_benchmarks/NPB/MG/MG_orig_without_metadata_dpautotune_10“ wird verlassen
make[1]: Verzeichnis „/home/lukas/git/benchmark_harness/auto_tuner_benchmarks/NPB/MG/MG_orig_without_metadata_dpautotune_10“ wird betreten
   ===========================================
   =      NAS PARALLEL BENCHMARKS 4.1        =
   =      Serial Versions                    =
   =      C++                                =
   ===========================================

cd MG; make CLASS=A
make[2]: Verzeichnis „/home/lukas/git/benchmark_harness/auto_tuner_benchmarks/NPB/MG/MG_orig_without_metadata_dpautotune_10/MG“ wird betreten
make[3]: Verzeichnis „/home/lukas/git/benchmark_harness/auto_tuner_benchmarks/NPB/MG/MG_orig_without_metadata_dpautotune_10/sys“ wird betreten
clang++ -g -fno-discard-value-names -o setparams setparams.cpp
make[3]: Verzeichnis „/home/lukas/git/benchmark_harness/auto_tuner_benchmarks/NPB/MG/MG_orig_without_metadata_dpautotune_10/sys“ wird verlassen
../sys/setparams mg A
clang++  -c -I../common  -O3 -mcmodel=medium -fopenmp mg.cpp
cd ../common; clang++  -c -I../common  -O3 -mcmodel=medium -fopenmp c_print_results.cpp
cd ../common; clang++  -c -I../common  -O3 -mcmodel=medium -fopenmp c_randdp.cpp
cd ../common; clang++  -c -I../common  -O3 -mcmodel=medium -fopenmp c_timers.cpp
cd ../common; clang++  -c -I../common  -O3 -mcmodel=medium -fopenmp -o c_wtime.o ../common/wtime.cpp
clang++ -O3 -mcmodel=medium -fopenmp -o ../bin/mg.A mg.o ../common/c_print_results.o ../common/c_randdp.o ../common/c_timers.o ../common/c_wtime.o -lm 
make[2]: Verzeichnis „/home/lukas/git/benchmark_harness/auto_tuner_benchmarks/NPB/MG/MG_orig_without_metadata_dpautotune_10/MG“ wird verlassen
make[1]: Verzeichnis „/home/lukas/git/benchmark_harness/auto_tuner_benchmarks/NPB/MG/MG_orig_without_metadata_dpautotune_10“ wird verlassen

[DP][CodeConfiguration] DEBUG: Executing configuration: /home/lukas/git/benchmark_harness/auto_tuner_benchmarks/NPB/MG/MG_orig_without_metadata_dpautotune_10 with timeout 5.141952991485596 
[DP][CodeConfiguration.executionOutput] DEBUG:  Verification    =               SUCCESSFUL

[DP][CodeConfiguration.executionError] DEBUG: 
[DP][CodeConfiguration] DEBUG: Checking result validity: /home/lukas/git/benchmark_harness/auto_tuner_benchmarks/NPB/MG/MG_orig_without_metadata_dpautotune_10
[DP][CodeConfiguration.validationOutput] DEBUG: make[1]: Verzeichnis „/home/lukas/git/benchmark_harness/auto_tuner_benchmarks/NPB/MG/MG_orig_without_metadata_dpautotune_10“ wird betreten
rm -f core 
rm -f *~ */core */*~ */*.o */npbparams.hpp */*.obj */*.exe
rm -f sys/setparams sys/makesuite sys/setparams.hpp
make[1]: Verzeichnis „/home/lukas/git/benchmark_harness/auto_tuner_benchmarks/NPB/MG/MG_orig_without_metadata_dpautotune_10“ wird verlassen
make[1]: Verzeichnis „/home/lukas/git/benchmark_harness/auto_tuner_benchmarks/NPB/MG/MG_orig_without_metadata_dpautotune_10“ wird betreten
   ===========================================
   =      NAS PARALLEL BENCHMARKS 4.1        =
   =      Serial Versions                    =
   =      C++                                =
   ===========================================

cd MG; make CLASS=A
make[2]: Verzeichnis „/home/lukas/git/benchmark_harness/auto_tuner_benchmarks/NPB/MG/MG_orig_without_metadata_dpautotune_10/MG“ wird betreten
make[3]: Verzeichnis „/home/lukas/git/benchmark_harness/auto_tuner_benchmarks/NPB/MG/MG_orig_without_metadata_dpautotune_10/sys“ wird betreten
clang++ -g -fno-discard-value-names -o setparams setparams.cpp
make[3]: Verzeichnis „/home/lukas/git/benchmark_harness/auto_tuner_benchmarks/NPB/MG/MG_orig_without_metadata_dpautotune_10/sys“ wird verlassen
../sys/setparams mg A
clang++  -c -I../common  -O3 -mcmodel=medium -fopenmp mg.cpp
cd ../common; clang++  -c -I../common  -O3 -mcmodel=medium -fopenmp c_print_results.cpp
cd ../common; clang++  -c -I../common  -O3 -mcmodel=medium -fopenmp c_randdp.cpp
cd ../common; clang++  -c -I../common  -O3 -mcmodel=medium -fopenmp c_timers.cpp
cd ../common; clang++  -c -I../common  -O3 -mcmodel=medium -fopenmp -o c_wtime.o ../common/wtime.cpp
clang++ -O3 -mcmodel=medium -fopenmp -o ../bin/mg.A mg.o ../common/c_print_results.o ../common/c_randdp.o ../common/c_timers.o ../common/c_wtime.o -lm 
make[2]: Verzeichnis „/home/lukas/git/benchmark_harness/auto_tuner_benchmarks/NPB/MG/MG_orig_without_metadata_dpautotune_10/MG“ wird verlassen
make[1]: Verzeichnis „/home/lukas/git/benchmark_harness/auto_tuner_benchmarks/NPB/MG/MG_orig_without_metadata_dpautotune_10“ wird verlassen
 Verification    =               SUCCESSFUL

[DP][CodeConfiguration.validationError] DEBUG: 
[DP][CodeConfiguration.validationResult] DEBUG: Returncode: 0
[DP][CodeConfiguration] DEBUG: Execution took 2.8287 s
[DP][CodeConfiguration] DEBUG: Execution return code: 0
[DP][CodeConfiguration] DEBUG: Execution result valid: True
[DP][CodeConfiguration] DEBUG: ThreadSanitizer valid: True
[DP][Autotuner] INFO: Configuration measurements:
[time]	[applied suggestions]	[return code]	[result valid]	[thread sanitizer]
5.199s	[13, 14, 10]	124	True	True
5.199s	[13, 14, 11]	124	True	True
3.01s	[14, 13]	0	True	True
2.916s	[14]	0	True	True
2.889s	[13, 14, 7]	0	True	True
2.796s	[7]	0	True	True
2.571s	[]	0	True	True
2.464s	[13, 14, 7, 3]	1	True	True

[DP][pydot] DEBUG: pydot initializing
[DP][pydot] DEBUG: pydot 3.0.3
[DP][pydot.dot_parser] DEBUG: pydot dot_parser module initializing
[DP][pydot.core] DEBUG: pydot core module initializing
[DP][StatisticsGraph] INFO: Updated dp_autotuner_statistics.svg
##############################
Best configuration located at: /home/lukas/git/benchmark_harness/auto_tuner_benchmarks/NPB/MG/MG_orig_without_metadata_dpautotune_10
Applied suggestions: [7]
Speedup:  0.909
Parallel efficiency:  0.057
##############################
cp -r ../../../clean_code/NPB-OMP $(basename /home/lukas/git/benchmark_harness/auto_tuner_benchmarks/NPB/MG)_OMP
cd $(basename /home/lukas/git/benchmark_harness/auto_tuner_benchmarks/NPB/MG)_OMP && ./DP_COMPILE_$(basename /home/lukas/git/benchmark_harness/auto_tuner_benchmarks/NPB/MG).sh
make[1]: Verzeichnis „/home/lukas/git/benchmark_harness/auto_tuner_benchmarks/NPB/MG/MG_OMP“ wird betreten
rm -f core 
rm -f *~ */core */*~ */*.o */npbparams.hpp */*.obj */*.exe
rm -f sys/setparams sys/makesuite sys/setparams.hpp
make[1]: Verzeichnis „/home/lukas/git/benchmark_harness/auto_tuner_benchmarks/NPB/MG/MG_OMP“ wird verlassen
make[1]: Verzeichnis „/home/lukas/git/benchmark_harness/auto_tuner_benchmarks/NPB/MG/MG_OMP“ wird betreten
   ===========================================
   =      NAS PARALLEL BENCHMARKS 4.1        =
   =      OpenMP Versions                    =
   =      C++                                =
   ===========================================

cd MG; make CLASS=A
make[2]: Verzeichnis „/home/lukas/git/benchmark_harness/auto_tuner_benchmarks/NPB/MG/MG_OMP/MG“ wird betreten
make[3]: Verzeichnis „/home/lukas/git/benchmark_harness/auto_tuner_benchmarks/NPB/MG/MG_OMP/sys“ wird betreten
g++ -fopenmp -o setparams setparams.cpp
make[3]: Verzeichnis „/home/lukas/git/benchmark_harness/auto_tuner_benchmarks/NPB/MG/MG_OMP/sys“ wird verlassen
../sys/setparams mg A
g++ -std=c++14  -c -I../common  -O3 -fopenmp -mcmodel=medium mg.cpp
cd ../common; g++ -std=c++14  -c -I../common  -O3 -fopenmp -mcmodel=medium c_print_results.cpp
cd ../common; g++ -std=c++14  -c -I../common  -O3 -fopenmp -mcmodel=medium c_randdp.cpp
cd ../common; g++ -std=c++14  -c -I../common  -O3 -fopenmp -mcmodel=medium c_timers.cpp
cd ../common; g++ -std=c++14  -c -I../common  -O3 -fopenmp -mcmodel=medium -o c_wtime.o ../common/wtime.cpp
g++ -std=c++14 -O3 -fopenmp -mcmodel=medium -o ../bin/mg.A mg.o ../common/c_print_results.o ../common/c_randdp.o ../common/c_timers.o ../common/c_wtime.o -lm
make[2]: Verzeichnis „/home/lukas/git/benchmark_harness/auto_tuner_benchmarks/NPB/MG/MG_OMP/MG“ wird verlassen
make[1]: Verzeichnis „/home/lukas/git/benchmark_harness/auto_tuner_benchmarks/NPB/MG/MG_OMP“ wird verlassen
cd $(basename /home/lukas/git/benchmark_harness/auto_tuner_benchmarks/NPB/MG)_OMP && /usr/bin/time --append --format="REF; %e; %x;" -o ../$(basename /home/lukas/git/benchmark_harness/auto_tuner_benchmarks/NPB/MG)_orig_with_metadata/measurements.csv ./DP_EXECUTE_$(basename /home/lukas/git/benchmark_harness/auto_tuner_benchmarks/NPB/MG).sh
 Verification    =               SUCCESSFUL
cd $(basename /home/lukas/git/benchmark_harness/auto_tuner_benchmarks/NPB/MG)_OMP && /usr/bin/time --append --format="REF; %e; %x;" -o ../$(basename /home/lukas/git/benchmark_harness/auto_tuner_benchmarks/NPB/MG)_orig_without_metadata/measurements.csv ./DP_EXECUTE_$(basename /home/lukas/git/benchmark_harness/auto_tuner_benchmarks/NPB/MG).sh
 Verification    =               SUCCESSFUL
